Timestamp,FIC102.PV,FIC102.SV,FIC102.MV,FIC102.MODE
2026-09-25 08:00:00,40.063,40,50,AUT
2026-09-25 08:00:01,39.942,40,50.07,AUT
2026-09-25 08:00:02,39.884,40,50.11,AUT
2026-09-25 08:00:03,39.952,40,50.08,AUT
2026-09-25 08:00:04,39.992,40,50.06,AUT
2026-09-25 08:00:05,40.098,40,50,AUT
2026-09-25 08:00:06,40.049,40,50.02,AUT
2026-09-25 08:00:07,40.056,40,50.01,AUT
2026-09-25 08:00:08,40.156,40,49.94,AUT
2026-09-25 08:00:09,40.059,40,49.98,AUT
2026-09-25 08:00:10,40.002,40,50.01,AUT
2026-09-25 08:00:11,40.108,40,49.94,AUT
2026-09-25 08:00:12,39.953,40,50.02,AUT
2026-09-25 08:00:13,39.962,40,50.02,AUT
2026-09-25 08:00:14,40.092,40,49.95,AUT
2026-09-25 08:00:15,40.044,40,49.97,AUT
2026-09-25 08:00:16,39.781,40,50.12,AUT
2026-09-25 08:00:17,39.933,40,50.06,AUT
2026-09-25 08:00:18,39.882,40,50.1,AUT
2026-09-25 08:00:19,39.918,40,50.09,AUT
2026-09-25 08:00:20,39.763,40,50.2,AUT
2026-09-25 08:00:21,39.876,40,50.16,AUT
2026-09-25 08:00:22,39.893,40,50.16,AUT
2026-09-25 08:00:23,39.88,40,50.18,AUT
2026-09-25 08:00:24,39.809,40,50.24,AUT
2026-09-25 08:00:25,39.898,40,50.21,AUT
2026-09-25 08:00:26,39.935,40,50.2,AUT
2026-09-25 08:00:27,39.793,40,50.3,AUT
2026-09-25 08:00:28,39.891,40,50.26,AUT
2026-09-25 08:00:29,39.811,40,50.32,AUT
2026-09-25 08:00:30,39.94,40,50.27,AUT
2026-09-25 08:00:31,39.804,40,50.36,AUT
2026-09-25 08:00:32,39.919,40,50.31,AUT
2026-09-25 08:00:33,39.96,40,50.3,AUT
2026-09-25 08:00:34,39.864,40,50.36,AUT
2026-09-25 08:00:35,39.728,40,50.46,AUT
2026-09-25 08:00:36,39.884,40,50.4,AUT
2026-09-25 08:00:37,40.012,40,50.34,AUT
2026-09-25 08:00:38,39.97,40,50.36,AUT
2026-09-25 08:00:39,39.936,40,50.39,AUT
2026-09-25 08:00:40,39.968,40,50.37,AUT
2026-09-25 08:00:41,39.9,40,50.42,AUT
2026-09-25 08:00:42,39.963,40,50.39,AUT
2026-09-25 08:00:43,39.987,40,50.38,AUT
2026-09-25 08:00:44,40.081,40,50.32,AUT
2026-09-25 08:00:45,39.849,40,50.46,AUT
2026-09-25 08:00:46,39.965,40,50.41,AUT
2026-09-25 08:00:47,39.93,40,50.43,AUT
2026-09-25 08:00:48,40.043,40,50.37,AUT
2026-09-25 08:00:49,39.958,40,50.42,AUT
2026-09-25 08:00:50,39.982,40,50.41,AUT
2026-09-25 08:00:51,40.025,40,50.38,AUT
2026-09-25 08:00:52,40.063,40,50.36,AUT
2026-09-25 08:00:53,40.136,40,50.3,AUT
2026-09-25 08:00:54,39.989,40,50.38,AUT
2026-09-25 08:00:55,40.041,40,50.35,AUT
2026-09-25 08:00:56,40.03,40,50.35,AUT
2026-09-25 08:00:57,40.031,40,50.34,AUT
2026-09-25 08:00:58,40.13,40,50.28,AUT
2026-09-25 08:00:59,40.06,40,50.31,AUT
2026-09-25 08:01:00,40.059,40,50.3,AUT
2026-09-25 08:01:01,40.002,40,50.33,AUT
2026-09-25 08:01:02,39.944,40,50.36,AUT
2026-09-25 08:01:03,39.916,40,50.39,AUT
2026-09-25 08:01:04,39.798,40,50.47,AUT
2026-09-25 08:01:05,39.989,40,50.38,AUT
2026-09-25 08:01:06,39.953,40,50.4,AUT
2026-09-25 08:01:07,39.911,40,50.43,AUT
2026-09-25 08:01:08,39.973,40,50.41,AUT
2026-09-25 08:01:09,39.882,40,50.47,AUT
2026-09-25 08:01:10,39.909,40,50.46,AUT
2026-09-25 08:01:11,39.812,40,50.54,AUT
2026-09-25 08:01:12,39.857,40,50.53,AUT
2026-09-25 08:01:13,39.679,40,50.66,AUT
2026-09-25 08:01:14,39.752,40,50.66,AUT
2026-09-25 08:01:15,39.799,40,50.66,AUT
2026-09-25 08:01:16,39.68,40,50.76,AUT
2026-09-25 08:01:17,39.743,40,50.76,AUT
2026-09-25 08:01:18,39.603,40,50.88,AUT
2026-09-25 08:01:19,39.496,40,50.99,AUT
2026-09-25 08:01:20,39.561,40,51.02,AUT
2026-09-25 08:01:21,39.618,40,51.04,AUT
2026-09-25 08:01:22,39.562,40,51.12,AUT
2026-09-25 08:01:23,39.46,40,51.24,AUT
2026-09-25 08:01:24,39.504,40,51.28,AUT
2026-09-25 08:01:25,39.487,40,51.35,AUT
2026-09-25 08:01:26,39.479,40,51.42,AUT
2026-09-25 08:01:27,39.601,40,51.41,AUT
2026-09-25 08:01:28,39.483,40,51.53,AUT
2026-09-25 08:01:29,39.48,40,51.6,AUT
2026-09-25 08:01:30,39.366,40,51.73,AUT
2026-09-25 08:01:31,39.641,40,51.64,AUT
2026-09-25 08:01:32,39.561,40,51.74,AUT
2026-09-25 08:01:33,39.702,40,51.7,AUT
2026-09-25 08:01:34,39.576,40,51.82,AUT
2026-09-25 08:01:35,39.545,40,51.89,AUT
2026-09-25 08:01:36,39.46,40,52,AUT
2026-09-25 08:01:37,39.493,40,52.05,AUT
2026-09-25 08:01:38,39.522,40,52.09,AUT
2026-09-25 08:01:39,39.511,40,52.16,AUT
2026-09-25 08:01:40,39.492,40,52.23,AUT
2026-09-25 08:01:41,39.606,40,52.22,AUT
2026-09-25 08:01:42,39.514,40,52.33,AUT
2026-09-25 08:01:43,39.551,40,52.37,AUT
2026-09-25 08:01:44,39.557,40,52.42,AUT
2026-09-25 08:01:45,39.447,40,52.55,AUT
2026-09-25 08:01:46,39.608,40,52.51,AUT
2026-09-25 08:01:47,39.38,40,52.71,AUT
2026-09-25 08:01:48,39.465,40,52.73,AUT
2026-09-25 08:01:49,39.494,40,52.78,AUT
2026-09-25 08:01:50,39.608,40,52.77,AUT
2026-09-25 08:01:51,39.489,40,52.89,AUT
2026-09-25 08:01:52,39.621,40,52.88,AUT
2026-09-25 08:01:53,39.602,40,52.93,AUT
2026-09-25 08:01:54,39.506,40,53.04,AUT
2026-09-25 08:01:55,39.636,40,53.03,AUT
2026-09-25 08:01:56,39.618,40,53.08,AUT
2026-09-25 08:01:57,39.506,40,53.2,AUT
2026-09-25 08:01:58,39.624,40,53.19,AUT
2026-09-25 08:01:59,39.728,40,53.17,AUT
2026-09-25 08:02:00,39.471,40,53.36,AUT
2026-09-25 08:02:01,39.425,40,53.46,AUT
2026-09-25 08:02:02,39.615,40,53.41,AUT
2026-09-25 08:02:03,39.585,40,53.48,AUT
2026-09-25 08:02:04,39.631,40,53.5,AUT
2026-09-25 08:02:05,39.689,40,53.51,AUT
2026-09-25 08:02:06,39.575,40,53.62,AUT
2026-09-25 08:02:07,39.67,40,53.62,AUT
2026-09-25 08:02:08,39.634,40,53.68,AUT
2026-09-25 08:02:09,39.631,40,53.73,AUT
2026-09-25 08:02:10,39.656,40,53.76,AUT
2026-09-25 08:02:11,39.721,40,53.76,AUT
2026-09-25 08:02:12,39.736,40,53.79,AUT
2026-09-25 08:02:13,39.633,40,53.88,AUT
2026-09-25 08:02:14,39.582,40,53.96,AUT
2026-09-25 08:02:15,39.654,40,53.97,AUT
2026-09-25 08:02:16,39.526,40,54.09,AUT
2026-09-25 08:02:17,39.537,40,54.14,AUT
2026-09-25 08:02:18,40.171,40,53.81,AUT
2026-09-25 08:02:19,40.486,40,53.59,AUT
2026-09-25 08:02:20,40.834,40,53.31,AUT
2026-09-25 08:02:21,41.094,40,53.04,AUT
2026-09-25 08:02:22,41.209,40,52.83,AUT
2026-09-25 08:02:23,41.41,40,52.56,AUT
2026-09-25 08:02:24,41.544,40,52.3,AUT
2026-09-25 08:02:25,41.584,40,52.08,AUT
2026-09-25 08:02:26,42.001,40,51.62,AUT
2026-09-25 08:02:27,41.957,40,51.4,AUT
2026-09-25 08:02:28,41.999,40,51.13,AUT
2026-09-25 08:02:29,42.105,40,50.81,AUT
2026-09-25 08:02:30,42.147,40,50.52,AUT
2026-09-25 08:02:31,42.197,40,50.22,AUT
2026-09-25 08:02:32,42.203,40,49.94,AUT
2026-09-25 08:02:33,42.244,40,49.64,AUT
2026-09-25 08:02:34,42.199,40,49.39,AUT
2026-09-25 08:02:35,42.325,40,49.04,AUT
2026-09-25 08:02:36,42.425,40,48.68,AUT
2026-09-25 08:02:37,42.276,40,48.47,AUT
2026-09-25 08:02:38,42.452,40,48.08,AUT
2026-09-25 08:02:39,42.347,40,47.84,AUT
2026-09-25 08:02:40,41.926,40,47.81,AUT
2026-09-25 08:02:41,41.473,40,47.85,AUT
2026-09-25 08:02:42,41.358,40,47.74,AUT
2026-09-25 08:02:43,40.957,40,47.82,AUT
2026-09-25 08:02:44,40.735,40,47.84,AUT
2026-09-25 08:02:45,40.559,40,47.86,AUT
2026-09-25 08:02:46,40.476,40,47.84,AUT
2026-09-25 08:02:47,40.548,40,47.73,AUT
2026-09-25 08:02:48,40.333,40,47.8,AUT
2026-09-25 08:02:49,40.142,40,47.88,AUT
2026-09-25 08:02:50,40.137,40,47.86,AUT
2026-09-25 08:02:51,39.919,40,47.98,AUT
2026-09-25 08:02:52,40.159,40,47.84,AUT
2026-09-25 08:02:53,40.059,40,47.88,AUT
2026-09-25 08:02:54,40.049,40,47.88,AUT
2026-09-25 08:02:55,40.066,40,47.87,AUT
2026-09-25 08:02:56,40.055,40,47.86,AUT
2026-09-25 08:02:57,39.998,40,47.89,AUT
2026-09-25 08:02:58,40.087,40,47.84,AUT
2026-09-25 08:02:59,39.915,40,47.93,AUT
2026-09-25 08:03:00,40.031,40,47.87,AUT
2026-09-25 08:03:01,39.966,40,47.91,AUT
2026-09-25 08:03:02,40.062,40,47.85,AUT
2026-09-25 08:03:03,39.983,40,47.9,AUT
2026-09-25 08:03:04,40.061,40,47.85,AUT
2026-09-25 08:03:05,39.956,40,47.91,AUT
2026-09-25 08:03:06,40.049,40,47.85,AUT
2026-09-25 08:03:07,40.044,40,47.85,AUT
2026-09-25 08:03:08,39.976,40,47.89,AUT
2026-09-25 08:03:09,39.893,40,47.94,AUT
2026-09-25 08:03:10,39.94,40,47.93,AUT
2026-09-25 08:03:11,39.938,40,47.94,AUT
2026-09-25 08:03:12,39.925,40,47.95,AUT
2026-09-25 08:03:13,39.87,40,48,AUT
2026-09-25 08:03:14,40.025,40,47.91,AUT
2026-09-25 08:03:15,39.867,40,48.01,AUT
2026-09-25 08:03:16,40.04,40,47.92,AUT
2026-09-25 08:03:17,39.84,40,48.04,AUT
2026-09-25 08:03:18,39.76,40,48.11,AUT
2026-09-25 08:03:19,39.951,40,48.02,AUT
2026-09-25 08:03:20,39.825,40,48.1,AUT
2026-09-25 08:03:21,39.881,40,48.09,AUT
2026-09-25 08:03:22,40.003,40,48.03,AUT
2026-09-25 08:03:23,39.918,40,48.08,AUT
2026-09-25 08:03:24,40.065,40,48,AUT
2026-09-25 08:03:25,39.941,40,48.07,AUT
2026-09-25 08:03:26,40.01,40,48.03,AUT
2026-09-25 08:03:27,39.876,40,48.12,AUT
2026-09-25 08:03:28,39.854,40,48.15,AUT
2026-09-25 08:03:29,39.914,40,48.13,AUT
2026-09-25 08:03:30,39.851,40,48.18,AUT
2026-09-25 08:03:31,39.837,40,48.2,AUT
2026-09-25 08:03:32,39.952,40,48.15,AUT
2026-09-25 08:03:33,39.887,40,48.2,AUT
2026-09-25 08:03:34,39.986,40,48.15,AUT
2026-09-25 08:03:35,39.867,40,48.23,AUT
2026-09-25 08:03:36,40.014,40,48.15,AUT
2026-09-25 08:03:37,39.987,40,48.17,AUT
2026-09-25 08:03:38,39.899,40,48.22,AUT
2026-09-25 08:03:39,39.914,40,48.23,AUT
2026-09-25 08:03:40,39.968,40,48.2,AUT
2026-09-25 08:03:41,39.947,40,48.22,AUT
2026-09-25 08:03:42,39.941,40,48.23,AUT
2026-09-25 08:03:43,39.897,40,48.27,AUT
2026-09-25 08:03:44,39.827,40,48.32,AUT
2026-09-25 08:03:45,39.909,40,48.29,AUT
2026-09-25 08:03:46,39.917,40,48.3,AUT
2026-09-25 08:03:47,39.994,40,48.26,AUT
2026-09-25 08:03:48,39.749,40,48.42,AUT
2026-09-25 08:03:49,39.849,40,48.39,AUT
2026-09-25 08:03:50,39.811,40,48.43,AUT
2026-09-25 08:03:51,39.787,40,48.47,AUT
2026-09-25 08:03:52,39.815,40,48.48,AUT
2026-09-25 08:03:53,39.755,40,48.54,AUT
2026-09-25 08:03:54,39.741,40,48.58,AUT
2026-09-25 08:03:55,39.707,40,48.63,AUT
2026-09-25 08:03:56,39.624,40,48.72,AUT
2026-09-25 08:03:57,39.704,40,48.71,AUT
2026-09-25 08:03:58,39.788,40,48.7,AUT
2026-09-25 08:03:59,39.795,40,48.72,AUT
2026-09-25 08:04:00,39.781,40,48.76,AUT
2026-09-25 08:04:01,39.693,40,48.84,AUT
2026-09-25 08:04:02,39.685,40,48.88,AUT
2026-09-25 08:04:03,39.869,40,48.81,AUT
2026-09-25 08:04:04,39.76,40,48.89,AUT
2026-09-25 08:04:05,39.696,40,48.96,AUT
2026-09-25 08:04:06,39.776,40,48.95,AUT
2026-09-25 08:04:07,39.748,40,48.99,AUT
2026-09-25 08:04:08,39.806,40,48.99,AUT
2026-09-25 08:04:09,39.816,40,49.01,AUT
2026-09-25 08:04:10,39.972,40,48.93,AUT
2026-09-25 08:04:11,39.907,40,48.98,AUT
2026-09-25 08:04:12,39.983,40,48.94,AUT
2026-09-25 08:04:13,39.884,40,49,AUT
2026-09-25 08:04:14,39.967,40,48.97,AUT
2026-09-25 08:04:15,40.055,40,48.92,AUT
2026-09-25 08:04:16,40.018,40,48.93,AUT
2026-09-25 08:04:17,39.936,40,48.98,AUT
2026-09-25 08:04:18,40.01,40,48.94,AUT
2026-09-25 08:04:19,39.881,40,49.02,AUT
2026-09-25 08:04:20,39.967,40,48.98,AUT
2026-09-25 08:04:21,39.976,40,48.98,AUT
2026-09-25 08:04:22,40.057,40,48.93,AUT
2026-09-25 08:04:23,40.065,40,48.92,AUT
2026-09-25 08:04:24,39.997,40,48.96,AUT
2026-09-25 08:04:25,40.093,40,48.9,AUT
2026-09-25 08:04:26,40.091,40,48.89,AUT
2026-09-25 08:04:27,39.987,40,48.94,AUT
2026-09-25 08:04:28,39.953,40,48.96,AUT
2026-09-25 08:04:29,40.063,40,48.9,AUT
2026-09-25 08:04:30,39.981,40,48.94,AUT
2026-09-25 08:04:31,39.953,40,48.96,AUT
2026-09-25 08:04:32,39.795,40,49.07,AUT
2026-09-25 08:04:33,39.964,40,48.99,AUT
2026-09-25 08:04:34,39.92,40,49.02,AUT
2026-09-25 08:04:35,39.974,40,49,AUT
2026-09-25 08:04:36,39.957,40,49.01,AUT
2026-09-25 08:04:37,39.888,40,49.06,AUT
2026-09-25 08:04:38,39.989,40,49.01,AUT
2026-09-25 08:04:39,39.858,40,49.09,AUT
2026-09-25 08:04:40,40.003,40,49.02,AUT
2026-09-25 08:04:41,39.961,40,49.05,AUT
2026-09-25 08:04:42,39.913,40,49.08,AUT
2026-09-25 08:04:43,39.96,40,49.06,AUT
2026-09-25 08:04:44,39.863,40,49.13,AUT
2026-09-25 08:04:45,39.856,40,49.15,AUT
2026-09-25 08:04:46,39.901,40,49.14,AUT
2026-09-25 08:04:47,39.985,40,49.1,AUT
2026-09-25 08:04:48,39.829,40,49.2,AUT
2026-09-25 08:04:49,39.919,40,49.16,AUT
2026-09-25 08:04:50,39.921,40,49.17,AUT
2026-09-25 08:04:51,39.813,40,49.25,AUT
2026-09-25 08:04:52,39.824,40,49.27,AUT
2026-09-25 08:04:53,39.671,40,49.38,AUT
2026-09-25 08:04:54,39.95,40,49.25,AUT
2026-09-25 08:04:55,39.762,40,49.38,AUT
2026-09-25 08:04:56,39.926,40,49.3,AUT
2026-09-25 08:04:57,39.767,40,49.41,AUT
2026-09-25 08:04:58,39.814,40,49.41,AUT
2026-09-25 08:04:59,39.763,40,49.47,AUT
2026-09-25 08:05:00,39.851,40,49.44,AUT
2026-09-25 08:05:01,39.882,40,49.44,AUT
2026-09-25 08:05:02,39.731,40,49.55,AUT
2026-09-25 08:05:03,39.919,40,49.47,AUT
2026-09-25 08:05:04,39.843,40,49.52,AUT
2026-09-25 08:05:05,39.845,40,49.54,AUT
2026-09-25 08:05:06,39.894,40,49.53,AUT
2026-09-25 08:05:07,39.886,40,49.55,AUT
2026-09-25 08:05:08,39.871,40,49.57,AUT
2026-09-25 08:05:09,39.801,40,49.63,AUT
2026-09-25 08:05:10,39.93,40,49.58,AUT
2026-09-25 08:05:11,39.913,40,49.59,AUT
2026-09-25 08:05:12,39.805,40,49.67,AUT
2026-09-25 08:05:13,39.909,40,49.63,AUT
2026-09-25 08:05:14,39.83,40,49.69,AUT
2026-09-25 08:05:15,39.978,40,49.62,AUT
2026-09-25 08:05:16,39.88,40,49.69,AUT
2026-09-25 08:05:17,39.949,40,49.66,AUT
2026-09-25 08:05:18,39.93,40,49.68,AUT
2026-09-25 08:05:19,40.009,40,49.64,AUT
2026-09-25 08:05:20,39.979,40,49.65,AUT
2026-09-25 08:05:21,39.997,40,49.64,AUT
2026-09-25 08:05:22,39.952,40,49.67,AUT
2026-09-25 08:05:23,40.082,40,49.6,AUT
2026-09-25 08:05:24,40.058,40,49.6,AUT
2026-09-25 08:05:25,40.053,40,49.6,AUT
2026-09-25 08:05:26,39.99,40,49.63,AUT
2026-09-25 08:05:27,40.09,40,49.57,AUT
2026-09-25 08:05:28,40.002,40,49.61,AUT
2026-09-25 08:05:29,40.1,40,49.55,AUT
2026-09-25 08:05:30,40.03,40,49.58,AUT
2026-09-25 08:05:31,40.001,40,49.6,AUT
2026-09-25 08:05:32,39.9,40,49.66,AUT
2026-09-25 08:05:33,39.938,40,49.65,AUT
2026-09-25 08:05:34,39.999,40,49.62,AUT
2026-09-25 08:05:35,40.178,40,49.51,AUT
2026-09-25 08:05:36,39.939,40,49.63,AUT
2026-09-25 08:05:37,39.956,40,49.63,AUT
2026-09-25 08:05:38,39.999,40,49.61,AUT
2026-09-25 08:05:39,39.783,40,49.75,AUT
2026-09-25 08:05:40,39.792,40,49.77,AUT
2026-09-25 08:05:41,39.805,40,49.78,AUT
2026-09-25 08:05:42,39.91,40,49.74,AUT
2026-09-25 08:05:43,39.785,40,49.83,AUT
2026-09-25 08:05:44,39.842,40,49.82,AUT
2026-09-25 08:05:45,39.856,40,49.84,AUT
2026-09-25 08:05:46,39.882,40,49.84,AUT
2026-09-25 08:05:47,39.928,40,49.82,AUT
2026-09-25 08:05:48,39.797,40,49.91,AUT
2026-09-25 08:05:49,39.846,40,49.91,AUT
2026-09-25 08:05:50,39.927,40,49.88,AUT
2026-09-25 08:05:51,39.767,40,49.99,AUT
2026-09-25 08:05:52,40.092,40,49.81,AUT
2026-09-25 08:05:53,39.861,40,49.95,AUT
2026-09-25 08:05:54,39.883,40,49.95,AUT
2026-09-25 08:05:55,39.866,40,49.97,AUT
2026-09-25 08:05:56,39.933,40,49.95,AUT
2026-09-25 08:05:57,39.999,40,49.92,AUT
2026-09-25 08:05:58,39.795,40,50.04,AUT
2026-09-25 08:05:59,39.801,40,50.07,AUT
2026-09-25 08:06:00,39.854,40,50.06,AUT
2026-09-25 08:06:01,39.902,40,50.05,AUT
2026-09-25 08:06:02,39.869,40,50.08,AUT
2026-09-25 08:06:03,39.894,40,50.08,AUT
2026-09-25 08:06:04,39.914,40,50.08,AUT
2026-09-25 08:06:05,39.877,40,50.11,AUT
2026-09-25 08:06:06,39.772,40,50.2,AUT
2026-09-25 08:06:07,39.698,40,50.27,AUT
2026-09-25 08:06:08,39.663,40,50.33,AUT
2026-09-25 08:06:09,39.686,40,50.36,AUT
2026-09-25 08:06:10,39.93,40,50.24,AUT
2026-09-25 08:06:11,39.781,40,50.35,AUT
2026-09-25 08:06:12,39.659,40,50.45,AUT
2026-09-25 08:06:13,39.747,40,50.44,AUT
2026-09-25 08:06:14,39.838,40,50.41,AUT
2026-09-25 08:06:15,39.695,40,50.52,AUT
2026-09-25 08:06:16,39.837,40,50.47,AUT
2026-09-25 08:06:17,39.604,40,50.64,AUT
2026-09-25 08:06:18,39.683,40,50.64,AUT
2026-09-25 08:06:19,39.614,40,50.72,AUT
2026-09-25 08:06:20,39.748,40,50.68,AUT
2026-09-25 08:06:21,39.698,40,50.75,AUT
2026-09-25 08:06:22,39.539,40,50.88,AUT
2026-09-25 08:06:23,39.754,40,50.81,AUT
2026-09-25 08:06:24,39.631,40,50.91,AUT
2026-09-25 08:06:25,39.647,40,50.95,AUT
2026-09-25 08:06:26,39.627,40,51.01,AUT
2026-09-25 08:06:27,39.606,40,51.07,AUT
2026-09-25 08:06:28,39.668,40,51.08,AUT
2026-09-25 08:06:29,39.704,40,51.1,AUT
2026-09-25 08:06:30,39.624,40,51.18,AUT
2026-09-25 08:06:31,39.725,40,51.17,AUT
2026-09-25 08:06:32,39.757,40,51.18,AUT
2026-09-25 08:06:33,39.776,40,51.2,AUT
2026-09-25 08:06:34,39.817,40,51.2,AUT
2026-09-25 08:06:35,39.794,40,51.24,AUT
2026-09-25 08:06:36,39.981,40,51.15,AUT
2026-09-25 08:06:37,39.803,40,51.26,AUT
2026-09-25 08:06:38,39.831,40,51.27,AUT
2026-09-25 08:06:39,39.827,40,51.29,AUT
2026-09-25 08:06:40,39.899,40,51.27,AUT
2026-09-25 08:06:41,39.754,40,51.37,AUT
2026-09-25 08:06:42,39.981,40,51.26,AUT
2026-09-25 08:06:43,39.853,40,51.34,AUT
2026-09-25 08:06:44,39.982,40,51.28,AUT
2026-09-25 08:06:45,39.96,40,51.3,AUT
2026-09-25 08:06:46,39.931,40,51.32,AUT
2026-09-25 08:06:47,39.851,40,51.38,AUT
2026-09-25 08:06:48,39.912,40,51.36,AUT
2026-09-25 08:06:49,39.863,40,51.4,AUT
2026-09-25 08:06:50,39.922,40,51.38,AUT
2026-09-25 08:06:51,39.798,40,51.47,AUT
2026-09-25 08:06:52,39.766,40,51.52,AUT
2026-09-25 08:06:53,39.865,40,51.48,AUT
2026-09-25 08:06:54,39.904,40,51.47,AUT
2026-09-25 08:06:55,39.926,40,51.47,AUT
2026-09-25 08:06:56,39.864,40,51.52,AUT
2026-09-25 08:06:57,39.762,40,51.6,AUT
2026-09-25 08:06:58,39.706,40,51.67,AUT
2026-09-25 08:06:59,39.652,40,51.74,AUT
2026-09-25 08:07:00,39.683,40,51.76,AUT
2026-09-25 08:07:01,39.768,40,51.75,AUT
2026-09-25 08:07:02,39.665,40,51.84,AUT
2026-09-25 08:07:03,39.686,40,51.87,AUT
2026-09-25 08:07:04,39.815,40,51.83,AUT
2026-09-25 08:07:05,39.752,40,51.89,AUT
2026-09-25 08:07:06,39.911,40,51.82,AUT
2026-09-25 08:07:07,39.837,40,51.88,AUT
2026-09-25 08:07:08,39.719,40,51.97,AUT
2026-09-25 08:07:09,39.829,40,51.94,AUT
2026-09-25 08:07:10,39.694,40,52.05,AUT
2026-09-25 08:07:11,39.895,40,51.96,AUT
2026-09-25 08:07:12,39.883,40,51.98,AUT
2026-09-25 08:07:13,39.689,40,52.12,AUT
2026-09-25 08:07:14,39.787,40,52.09,AUT
2026-09-25 08:07:15,39.764,40,52.13,AUT
2026-09-25 08:07:16,39.566,40,52.29,AUT
2026-09-25 08:07:17,39.69,40,52.26,AUT
2026-09-25 08:07:18,39.792,40,52.24,AUT
2026-09-25 08:07:19,39.838,40,52.24,AUT
2026-09-25 08:07:20,39.809,40,52.27,AUT
2026-09-25 08:07:21,39.876,40,52.26,AUT
2026-09-25 08:07:22,39.764,40,52.34,AUT
2026-09-25 08:07:23,39.77,40,52.37,AUT
2026-09-25 08:07:24,39.886,40,52.32,AUT
2026-09-25 08:07:25,39.777,40,52.41,AUT
2026-09-25 08:07:26,39.86,40,52.38,AUT
2026-09-25 08:07:27,39.91,40,52.37,AUT
2026-09-25 08:07:28,39.78,40,52.46,AUT
2026-09-25 08:07:29,39.941,40,52.39,AUT
2026-09-25 08:07:30,39.96,40,52.38,AUT
2026-09-25 08:07:31,39.818,40,52.48,AUT
2026-09-25 08:07:32,40.064,40,52.35,AUT
2026-09-25 08:07:33,39.805,40,52.5,AUT
2026-09-25 08:07:34,39.902,40,52.46,AUT
2026-09-25 08:07:35,39.898,40,52.48,AUT
2026-09-25 08:07:36,39.83,40,52.53,AUT
2026-09-25 08:07:37,39.935,40,52.49,AUT
2026-09-25 08:07:38,39.903,40,52.52,AUT
2026-09-25 08:07:39,39.755,40,52.62,AUT
2026-09-25 08:07:40,39.856,40,52.59,AUT
2026-09-25 08:07:41,39.902,40,52.58,AUT
2026-09-25 08:07:42,39.884,40,52.6,AUT
2026-09-25 08:07:43,39.91,40,52.6,AUT
2026-09-25 08:07:44,40.016,40,52.55,AUT
2026-09-25 08:07:45,39.897,40,52.62,AUT
2026-09-25 08:07:46,39.98,40,52.58,AUT
2026-09-25 08:07:47,39.907,40,52.63,AUT
2026-09-25 08:07:48,39.966,40,52.6,AUT
2026-09-25 08:07:49,39.82,40,52.7,AUT
2026-09-25 08:07:50,40.038,40,52.58,AUT
2026-09-25 08:07:51,39.786,40,52.74,AUT
2026-09-25 08:07:52,39.828,40,52.74,AUT
2026-09-25 08:07:53,40.066,40,52.61,AUT
2026-09-25 08:07:54,40.003,40,52.64,AUT
2026-09-25 08:07:55,39.999,40,52.64,AUT
2026-09-25 08:07:56,40.087,40,52.59,AUT
2026-09-25 08:07:57,40.027,40,52.62,AUT
2026-09-25 08:07:58,40.109,40,52.56,AUT
2026-09-25 08:07:59,40.033,40,52.59,AUT
2026-09-25 08:08:00,40.056,40,52.58,AUT
2026-09-25 08:08:01,40.08,40,52.55,AUT
2026-09-25 08:08:02,40.129,40,52.51,AUT
2026-09-25 08:08:03,40.158,40,52.48,AUT
2026-09-25 08:08:04,40.042,40,52.53,AUT
2026-09-25 08:08:05,40.001,40,52.55,AUT
2026-09-25 08:08:06,40.202,40,52.43,AUT
2026-09-25 08:08:07,40.164,40,52.42,AUT
2026-09-25 08:08:08,40.217,40,52.37,AUT
2026-09-25 08:08:09,39.997,40,52.48,AUT
2026-09-25 08:08:10,40.147,40,52.39,AUT
2026-09-25 08:08:11,40.118,40,52.39,AUT
2026-09-25 08:08:12,40.063,40,52.41,AUT
2026-09-25 08:08:13,40.16,40,52.34,AUT
2026-09-25 08:08:14,40.179,40,52.31,AUT
2026-09-25 08:08:15,40.161,40,52.3,AUT
2026-09-25 08:08:16,40.114,40,52.31,AUT
2026-09-25 08:08:17,40.116,40,52.29,AUT
2026-09-25 08:08:18,40.186,40,52.23,AUT
2026-09-25 08:08:19,40.2,40,52.2,AUT
2026-09-25 08:08:20,40.264,40,52.13,AUT
2026-09-25 08:08:21,40.119,40,52.19,AUT
2026-09-25 08:08:22,40.254,40,52.09,AUT
2026-09-25 08:08:23,40.212,40,52.09,AUT
2026-09-25 08:08:24,40.155,40,52.1,AUT
2026-09-25 08:08:25,40.187,40,52.06,AUT
2026-09-25 08:08:26,40.095,40,52.09,AUT
2026-09-25 08:08:27,40.201,40,52.01,AUT
2026-09-25 08:08:28,40.139,40,52.03,AUT
2026-09-25 08:08:29,40.322,40,51.9,AUT
2026-09-25 08:08:30,40.168,40,51.95,AUT
2026-09-25 08:08:31,40.363,40,51.81,AUT
2026-09-25 08:08:32,40.248,40,51.83,AUT
2026-09-25 08:08:33,40.152,40,51.86,AUT
2026-09-25 08:08:34,40.174,40,51.83,AUT
2026-09-25 08:08:35,40.117,40,51.85,AUT
2026-09-25 08:08:36,40.292,40,51.72,AUT
2026-09-25 08:08:37,40.225,40,51.73,AUT
2026-09-25 08:08:38,40.175,40,51.73,AUT
2026-09-25 08:08:39,40.341,40,51.6,AUT
2026-09-25 08:08:40,40.312,40,51.58,AUT
2026-09-25 08:08:41,40.465,40,51.44,AUT
2026-09-25 08:08:42,40.252,40,51.52,AUT
2026-09-25 08:08:43,40.369,40,51.42,AUT
2026-09-25 08:08:44,40.348,40,51.38,AUT
2026-09-25 08:08:45,40.302,40,51.37,AUT
2026-09-25 08:08:46,40.337,40,51.31,AUT
2026-09-25 08:08:47,40.362,40,51.25,AUT
2026-09-25 08:08:48,40.196,40,51.31,AUT
2026-09-25 08:08:49,40.266,40,51.24,AUT
2026-09-25 08:08:50,40.252,40,51.22,AUT
2026-09-25 08:08:51,40.328,40,51.14,AUT
2026-09-25 08:08:52,40.514,40,50.98,AUT
2026-09-25 08:08:53,40.251,40,51.08,AUT
2026-09-25 08:08:54,40.392,40,50.96,AUT
2026-09-25 08:08:55,40.482,40,50.85,AUT
2026-09-25 08:08:56,40.435,40,50.82,AUT
2026-09-25 08:08:57,40.345,40,50.83,AUT
2026-09-25 08:08:58,40.329,40,50.79,AUT
2026-09-25 08:08:59,40.322,40,50.76,AUT
2026-09-25 08:09:00,40.451,40,50.63,AUT
2026-09-25 08:09:01,40.35,40,50.64,AUT
2026-09-25 08:09:02,40.536,40,50.48,AUT
2026-09-25 08:09:03,40.377,40,50.51,AUT
2026-09-25 08:09:04,40.446,40,50.42,AUT
2026-09-25 08:09:05,40.349,40,50.43,AUT
2026-09-25 08:09:06,40.482,40,50.3,AUT
2026-09-25 08:09:07,40.561,40,50.19,AUT
2026-09-25 08:09:08,40.311,40,50.28,AUT
2026-09-25 08:09:09,40.421,40,50.17,AUT
2026-09-25 08:09:10,40.518,40,50.06,AUT
2026-09-25 08:09:11,40.436,40,50.04,AUT
2026-09-25 08:09:12,40.444,40,49.98,AUT
2026-09-25 08:09:13,40.462,40,49.92,AUT
2026-09-25 08:09:14,40.544,40,49.81,AUT
2026-09-25 08:09:15,40.297,40,49.9,AUT
2026-09-25 08:09:16,40.682,40,49.62,AUT
2026-09-25 08:09:17,40.614,40,49.57,AUT
2026-09-25 08:09:18,40.495,40,49.57,AUT
2026-09-25 08:09:19,40.509,40,49.5,AUT
2026-09-25 08:09:20,40.647,40,49.35,AUT
2026-09-25 08:09:21,40.663,40,49.26,AUT
2026-09-25 08:09:22,40.768,40,49.11,AUT
2026-09-25 08:09:23,40.69,40,49.07,AUT
2026-09-25 08:09:24,40.656,40,49,AUT
2026-09-25 08:09:25,40.493,40,49.02,AUT
2026-09-25 08:09:26,40.607,40,48.89,AUT
2026-09-25 08:09:27,40.686,40,48.76,AUT
2026-09-25 08:09:28,40.651,40,48.7,AUT
2026-09-25 08:09:29,40.709,40,48.58,AUT
2026-09-25 08:09:30,40.601,40,48.56,AUT
2026-09-25 08:09:31,40.614,40,48.48,AUT
2026-09-25 08:09:32,40.511,40,48.46,AUT
2026-09-25 08:09:33,40.457,40,48.43,AUT
2026-09-25 08:09:34,40.557,40,48.31,AUT
2026-09-25 08:09:35,40.643,40,48.19,AUT
2026-09-25 08:09:36,40.692,40,48.08,AUT
2026-09-25 08:09:37,40.53,40,48.09,AUT
2026-09-25 08:09:38,40.714,40,47.91,AUT
2026-09-25 08:09:39,40.697,40,47.83,AUT
2026-09-25 08:09:40,40.707,40,47.74,AUT
2026-09-25 08:09:41,40.542,40,47.76,AUT
2026-09-25 08:09:42,40.67,40,47.61,AUT
2026-09-25 08:09:43,40.566,40,47.59,AUT
2026-09-25 08:09:44,40.689,40,47.44,AUT
2026-09-25 08:09:45,40.571,40,47.43,AUT
2026-09-25 08:09:46,40.539,40,47.38,AUT
2026-09-25 08:09:47,40.531,40,47.32,AUT
2026-09-25 08:09:48,40.624,40,47.19,AUT
2026-09-25 08:09:49,40.576,40,47.14,AUT
2026-09-25 08:09:50,40.693,40,47,AUT
2026-09-25 08:09:51,40.542,40,47.01,AUT
2026-09-25 08:09:52,40.758,40,46.8,AUT
2026-09-25 08:09:53,40.76,40,46.71,AUT
2026-09-25 08:09:54,40.563,40,46.74,AUT
2026-09-25 08:09:55,40.627,40,46.63,AUT
2026-09-25 08:09:56,40.582,40,46.58,AUT
2026-09-25 08:09:57,40.783,40,46.38,AUT
2026-09-25 08:09:58,40.696,40,46.33,AUT
2026-09-25 08:09:59,40.563,40,46.33,AUT
2026-09-25 08:10:00,40.633,40,46.22,AUT
2026-09-25 08:10:01,40.624,40,46.14,AUT
2026-09-25 08:10:02,40.571,40,46.1,AUT
2026-09-25 08:10:03,40.595,40,46.01,AUT
2026-09-25 08:10:04,40.628,40,45.92,AUT
2026-09-25 08:10:05,39.947,40,46.26,AUT
2026-09-25 08:10:06,39.748,40,46.39,AUT
2026-09-25 08:10:07,39.421,40,46.63,AUT
2026-09-25 08:10:08,39.149,40,46.87,AUT
2026-09-25 08:10:09,38.965,40,47.09,AUT
2026-09-25 08:10:10,38.926,40,47.25,AUT
2026-09-25 08:10:11,38.711,40,47.52,AUT
2026-09-25 08:10:12,38.483,40,47.82,AUT
2026-09-25 08:10:13,38.487,40,48.01,AUT
2026-09-25 08:10:14,38.369,40,48.27,AUT
2026-09-25 08:10:15,38.241,40,48.55,AUT
2026-09-25 08:10:16,38.247,40,48.77,AUT
2026-09-25 08:10:17,38.094,40,49.08,AUT
2026-09-25 08:10:18,38.081,40,49.33,AUT
2026-09-25 08:10:19,38.05,40,49.59,AUT
2026-09-25 08:10:20,37.941,40,49.9,AUT
2026-09-25 08:10:21,38.036,40,50.1,AUT
2026-09-25 08:10:22,37.967,40,50.39,AUT
2026-09-25 08:10:23,37.788,40,50.75,AUT
2026-09-25 08:10:24,37.973,40,50.92,AUT
2026-09-25 08:10:25,37.938,40,51.19,AUT
2026-09-25 08:10:26,37.787,40,51.54,AUT
2026-09-25 08:10:27,37.769,40,51.83,AUT
2026-09-25 08:10:28,37.836,40,52.07,AUT
2026-09-25 08:10:29,37.915,40,52.29,AUT
2026-09-25 08:10:30,38.233,40,52.35,AUT
2026-09-25 08:10:31,38.733,40,52.26,AUT
2026-09-25 08:10:32,38.929,40,52.29,AUT
2026-09-25 08:10:33,39.239,40,52.23,AUT
2026-09-25 08:10:34,39.52,40,52.15,AUT
2026-09-25 08:10:35,39.779,40,52.05,AUT
2026-09-25 08:10:36,39.826,40,52.05,AUT
2026-09-25 08:10:37,39.742,40,52.12,AUT
2026-09-25 08:10:38,39.905,40,52.06,AUT
2026-09-25 08:10:39,39.948,40,52.04,AUT
2026-09-25 08:10:40,40.058,40,51.98,AUT
2026-09-25 08:10:41,40.179,40,51.9,AUT
2026-09-25 08:10:42,40.223,40,51.85,AUT
2026-09-25 08:10:43,40.157,40,51.86,AUT
2026-09-25 08:10:44,40.098,40,51.88,AUT
2026-09-25 08:10:45,40.014,40,51.92,AUT
2026-09-25 08:10:46,40.21,40,51.79,AUT
2026-09-25 08:10:47,40.166,40,51.79,AUT
2026-09-25 08:10:48,40.351,40,51.66,AUT
2026-09-25 08:10:49,40.219,40,51.7,AUT
2026-09-25 08:10:50,40.194,40,51.68,AUT
2026-09-25 08:10:51,40.103,40,51.72,AUT
2026-09-25 08:10:52,40.124,40,51.69,AUT
2026-09-25 08:10:53,40.133,40,51.67,AUT
2026-09-25 08:10:54,40.01,40,51.73,AUT
2026-09-25 08:10:55,40.221,40,51.6,AUT
2026-09-25 08:10:56,40.225,40,51.57,AUT
2026-09-25 08:10:57,40.007,40,51.67,AUT
2026-09-25 08:10:58,40.104,40,51.61,AUT
2026-09-25 08:10:59,40.3,40,51.48,AUT
2026-09-25 08:11:00,40.071,40,51.58,AUT
2026-09-25 08:11:01,40.156,40,51.52,AUT
2026-09-25 08:11:02,40.068,40,51.56,AUT
2026-09-25 08:11:03,40.122,40,51.51,AUT
2026-09-25 08:11:04,40.094,40,51.52,AUT
2026-09-25 08:11:05,40.138,40,51.48,AUT
2026-09-25 08:11:06,40.021,40,51.53,AUT
2026-09-25 08:11:07,40.101,40,51.48,AUT
2026-09-25 08:11:08,40.017,40,51.52,AUT
2026-09-25 08:11:09,39.912,40,51.58,AUT
2026-09-25 08:11:10,40.04,40,51.52,AUT
2026-09-25 08:11:11,39.896,40,51.6,AUT
2026-09-25 08:11:12,39.953,40,51.58,AUT
2026-09-25 08:11:13,39.857,40,51.64,AUT
2026-09-25 08:11:14,40.047,40,51.54,AUT
2026-09-25 08:11:15,39.836,40,51.67,AUT
2026-09-25 08:11:16,39.985,40,51.6,AUT
2026-09-25 08:11:17,40.037,40,51.57,AUT
2026-09-25 08:11:18,39.899,40,51.65,AUT
2026-09-25 08:11:19,40.026,40,51.58,AUT
2026-09-25 08:11:20,39.899,40,51.66,AUT
2026-09-25 08:11:21,39.855,40,51.7,AUT
2026-09-25 08:11:22,39.945,40,51.66,AUT
2026-09-25 08:11:23,39.835,40,51.73,AUT
2026-09-25 08:11:24,39.992,40,51.66,AUT
2026-09-25 08:11:25,39.974,40,51.67,AUT
2026-09-25 08:11:26,39.98,40,51.67,AUT
2026-09-25 08:11:27,39.921,40,51.71,AUT
2026-09-25 08:11:28,39.917,40,51.72,AUT
2026-09-25 08:11:29,40.036,40,51.66,AUT
2026-09-25 08:11:30,39.991,40,51.68,AUT
2026-09-25 08:11:31,40.024,40,51.66,AUT
2026-09-25 08:11:32,39.936,40,51.71,AUT
2026-09-25 08:11:33,40.026,40,51.66,AUT
2026-09-25 08:11:34,39.804,40,51.8,AUT
2026-09-25 08:11:35,39.79,40,51.83,AUT
2026-09-25 08:11:36,39.995,40,51.73,AUT
2026-09-25 08:11:37,39.982,40,51.74,AUT
2026-09-25 08:11:38,39.957,40,51.76,AUT
2026-09-25 08:11:39,39.84,40,51.84,AUT
2026-09-25 08:11:40,39.822,40,51.87,AUT
2026-09-25 08:11:41,40.061,40,51.74,AUT
2026-09-25 08:11:42,39.816,40,51.89,AUT
2026-09-25 08:11:43,39.877,40,51.87,AUT
2026-09-25 08:11:44,39.972,40,51.83,AUT
2026-09-25 08:11:45,39.941,40,51.85,AUT
2026-09-25 08:11:46,39.837,40,51.92,AUT
2026-09-25 08:11:47,39.965,40,51.86,AUT
2026-09-25 08:11:48,39.967,40,51.87,AUT
2026-09-25 08:11:49,39.875,40,51.93,AUT
2026-09-25 08:11:50,39.694,40,52.06,AUT
2026-09-25 08:11:51,39.744,40,52.06,AUT
2026-09-25 08:11:52,39.7,40,52.12,AUT
2026-09-25 08:11:53,39.838,40,52.07,AUT
2026-09-25 08:11:54,39.762,40,52.14,AUT
2026-09-25 08:11:55,39.828,40,52.13,AUT
2026-09-25 08:11:56,39.827,40,52.15,AUT
2026-09-25 08:11:57,39.844,40,52.16,AUT
2026-09-25 08:11:58,39.946,40,52.12,AUT
2026-09-25 08:11:59,39.87,40,52.17,AUT
2026-09-25 08:12:00,39.735,40,52.27,AUT
2026-09-25 08:12:01,39.802,40,52.26,AUT
2026-09-25 08:12:02,39.935,40,52.21,AUT
2026-09-25 08:12:03,39.749,40,52.33,AUT
2026-09-25 08:12:04,39.832,40,52.31,AUT
2026-09-25 08:12:05,39.665,40,52.44,AUT
2026-09-25 08:12:06,39.811,40,52.39,AUT
2026-09-25 08:12:07,39.894,40,52.36,AUT
2026-09-25 08:12:08,39.838,40,52.41,AUT
2026-09-25 08:12:09,39.813,40,52.44,AUT
2026-09-25 08:12:10,39.681,40,52.55,AUT
2026-09-25 08:12:11,39.862,40,52.47,AUT
2026-09-25 08:12:12,39.974,40,52.42,AUT
2026-09-25 08:12:13,39.994,40,52.41,AUT
2026-09-25 08:12:14,39.807,40,52.53,AUT
2026-09-25 08:12:15,39.815,40,52.55,AUT
2026-09-25 08:12:16,39.902,40,52.52,AUT
2026-09-25 08:12:17,40.001,40,52.47,AUT
2026-09-25 08:12:18,39.95,40,52.5,AUT
2026-09-25 08:12:19,39.931,40,52.52,AUT
2026-09-25 08:12:20,39.875,40,52.56,AUT
2026-09-25 08:12:21,39.908,40,52.56,AUT
2026-09-25 08:12:22,39.978,40,52.52,AUT
2026-09-25 08:12:23,39.924,40,52.56,AUT
2026-09-25 08:12:24,40.03,40,52.5,AUT
2026-09-25 08:12:25,39.798,40,52.65,AUT
2026-09-25 08:12:26,39.891,40,52.61,AUT
2026-09-25 08:12:27,39.902,40,52.62,AUT
2026-09-25 08:12:28,40.001,40,52.57,AUT
2026-09-25 08:12:29,39.729,40,52.74,AUT
2026-09-25 08:12:30,39.7,40,52.79,AUT
2026-09-25 08:12:31,39.938,40,52.68,AUT
2026-09-25 08:12:32,39.702,40,52.84,AUT
2026-09-25 08:12:33,39.922,40,52.74,AUT
2026-09-25 08:12:34,39.984,40,52.71,AUT
2026-09-25 08:12:35,39.86,40,52.79,AUT
2026-09-25 08:12:36,39.839,40,52.82,AUT
2026-09-25 08:12:37,39.869,40,52.82,AUT
2026-09-25 08:12:38,39.84,40,52.85,AUT
2026-09-25 08:12:39,39.864,40,52.86,AUT
2026-09-25 08:12:40,39.789,40,52.92,AUT
2026-09-25 08:12:41,39.683,40,53.01,AUT
2026-09-25 08:12:42,39.745,40,53.01,AUT
2026-09-25 08:12:43,39.83,40,52.99,AUT
2026-09-25 08:12:44,39.781,40,53.05,AUT
2026-09-25 08:12:45,39.77,40,53.08,AUT
2026-09-25 08:12:46,39.871,40,53.04,AUT
2026-09-25 08:12:47,39.955,40,53.01,AUT
2026-09-25 08:12:48,40.02,40,52.97,AUT
2026-09-25 08:12:49,39.961,40,53.01,AUT
2026-09-25 08:12:50,39.895,40,53.05,AUT
2026-09-25 08:12:51,39.891,40,53.07,AUT
2026-09-25 08:12:52,39.801,40,53.14,AUT
2026-09-25 08:12:53,39.783,40,53.18,AUT
2026-09-25 08:12:54,39.904,40,53.13,AUT
2026-09-25 08:12:55,39.829,40,53.19,AUT
2026-09-25 08:12:56,40.079,40,53.05,AUT
2026-09-25 08:12:57,39.941,40,53.13,AUT
2026-09-25 08:12:58,39.898,40,53.16,AUT
2026-09-25 08:12:59,40.062,40,53.07,AUT
2026-09-25 08:13:00,39.859,40,53.19,AUT
2026-09-25 08:13:01,39.871,40,53.2,AUT
2026-09-25 08:13:02,39.975,40,53.15,AUT
2026-09-25 08:13:03,39.993,40,53.14,AUT
2026-09-25 08:13:04,39.925,40,53.19,AUT
2026-09-25 08:13:05,39.896,40,53.22,AUT
2026-09-25 08:13:06,39.937,40,53.2,AUT
2026-09-25 08:13:07,39.966,40,53.19,AUT
2026-09-25 08:13:08,39.996,40,53.18,AUT
2026-09-25 08:13:09,40.046,40,53.15,AUT
2026-09-25 08:13:10,40.045,40,53.14,AUT
2026-09-25 08:13:11,40.074,40,53.12,AUT
2026-09-25 08:13:12,39.95,40,53.19,AUT
2026-09-25 08:13:13,40.234,40,53.02,AUT
2026-09-25 08:13:14,40.071,40,53.09,AUT
2026-09-25 08:13:15,40.18,40,53.01,AUT
2026-09-25 08:13:16,40.094,40,53.04,AUT
2026-09-25 08:13:17,40.086,40,53.04,AUT
2026-09-25 08:13:18,40.278,40,52.9,AUT
2026-09-25 08:13:19,40.047,40,53.01,AUT
2026-09-25 08:13:20,40.101,40,52.98,AUT
2026-09-25 08:13:21,40.064,40,52.99,AUT
2026-09-25 08:13:22,40.058,40,52.98,AUT
2026-09-25 08:13:23,40.261,40,52.85,AUT
2026-09-25 08:13:24,40.321,40,52.78,AUT
2026-09-25 08:13:25,40.243,40,52.79,AUT
2026-09-25 08:13:26,40.313,40,52.71,AUT
2026-09-25 08:13:27,40.206,40,52.74,AUT
2026-09-25 08:13:28,40.237,40,52.69,AUT
2026-09-25 08:13:29,40.177,40,52.7,AUT
2026-09-25 08:13:30,40.273,40,52.62,AUT
2026-09-25 08:13:31,40.213,40,52.62,AUT
2026-09-25 08:13:32,40.274,40,52.56,AUT
2026-09-25 08:13:33,40.24,40,52.55,AUT
2026-09-25 08:13:34,40.305,40,52.47,AUT
2026-09-25 08:13:35,40.364,40,52.4,AUT
2026-09-25 08:13:36,40.424,40,52.32,AUT
2026-09-25 08:13:37,40.484,40,52.23,AUT
2026-09-25 08:13:38,40.485,40,52.17,AUT
2026-09-25 08:13:39,40.199,40,52.28,AUT
2026-09-25 08:13:40,40.358,40,52.16,AUT
2026-09-25 08:13:41,40.458,40,52.05,AUT
2026-09-25 08:13:42,40.402,40,52.03,AUT
2026-09-25 08:13:43,40.361,40,52,AUT
2026-09-25 08:13:44,40.471,40,51.89,AUT
2026-09-25 08:13:45,40.375,40,51.89,AUT
2026-09-25 08:13:46,40.299,40,51.89,AUT
2026-09-25 08:13:47,40.337,40,51.83,AUT
2026-09-25 08:13:48,40.385,40,51.76,AUT
2026-09-25 08:13:49,40.48,40,51.65,AUT
2026-09-25 08:13:50,40.593,40,51.52,AUT
2026-09-25 08:13:51,40.332,40,51.61,AUT
2026-09-25 08:13:52,40.428,40,51.51,AUT
2026-09-25 08:13:53,40.411,40,51.47,AUT
2026-09-25 08:13:54,40.444,40,51.39,AUT
2026-09-25 08:13:55,40.46,40,51.33,AUT
2026-09-25 08:13:56,40.44,40,51.28,AUT
2026-09-25 08:13:57,40.417,40,51.24,AUT
2026-09-25 08:13:58,40.466,40,51.16,AUT
2026-09-25 08:13:59,40.488,40,51.09,AUT
2026-09-25 08:14:00,40.395,40,51.09,AUT
2026-09-25 08:14:01,40.452,40,51,AUT
2026-09-25 08:14:02,40.611,40,50.84,AUT
2026-09-25 08:14:03,40.48,40,50.85,AUT
2026-09-25 08:14:04,40.553,40,50.74,AUT
2026-09-25 08:14:05,40.614,40,50.64,AUT
2026-09-25 08:14:06,40.595,40,50.57,AUT
2026-09-25 08:14:07,40.556,40,50.52,AUT
2026-09-25 08:14:08,40.429,40,50.53,AUT
2026-09-25 08:14:09,40.423,40,50.48,AUT
2026-09-25 08:14:10,40.358,40,50.47,AUT
2026-09-25 08:14:11,40.459,40,50.36,AUT
2026-09-25 08:14:12,40.491,40,50.29,AUT
2026-09-25 08:14:13,40.594,40,50.16,AUT
2026-09-25 08:14:14,40.419,40,50.19,AUT
2026-09-25 08:14:15,40.474,40,50.11,AUT
2026-09-25 08:14:16,40.473,40,50.05,AUT
2026-09-25 08:14:17,40.442,40,50.01,AUT
2026-09-25 08:14:18,40.41,40,49.97,AUT
2026-09-25 08:14:19,40.426,40,49.91,AUT
2026-09-25 08:14:20,40.465,40,49.83,AUT
2026-09-25 08:14:21,40.435,40,49.8,AUT
2026-09-25 08:14:22,40.376,40,49.78,AUT
2026-09-25 08:14:23,40.412,40,49.71,AUT
2026-09-25 08:14:24,40.575,40,49.56,AUT
2026-09-25 08:14:25,40.452,40,49.56,AUT
2026-09-25 08:14:26,40.343,40,49.57,AUT
2026-09-25 08:14:27,40.327,40,49.54,AUT
2026-09-25 08:14:28,40.517,40,49.38,AUT
2026-09-25 08:14:29,40.416,40,49.38,AUT
2026-09-25 08:14:30,40.446,40,49.31,AUT
2026-09-25 08:14:31,40.436,40,49.26,AUT
2026-09-25 08:14:32,40.27,40,49.31,AUT
2026-09-25 08:14:33,40.437,40,49.17,AUT
2026-09-25 08:14:34,40.31,40,49.19,AUT
2026-09-25 08:14:35,40.266,40,49.18,AUT
2026-09-25 08:14:36,40.481,40,49.01,AUT
2026-09-25 08:14:37,40.261,40,49.09,AUT
2026-09-25 08:14:38,40.493,40,48.91,AUT
2026-09-25 08:14:39,40.223,40,49.02,AUT
2026-09-25 08:14:40,40.357,40,48.91,AUT
2026-09-25 08:14:41,40.368,40,48.86,AUT
2026-09-25 08:14:42,40.469,40,48.75,AUT
2026-09-25 08:14:43,40.367,40,48.75,AUT
2026-09-25 08:14:44,40.299,40,48.75,AUT
2026-09-25 08:14:45,40.451,40,48.62,AUT
2026-09-25 08:14:46,40.345,40,48.63,AUT
2026-09-25 08:14:47,40.471,40,48.51,AUT
2026-09-25 08:14:48,40.398,40,48.49,AUT
2026-09-25 08:14:49,40.311,40,48.5,AUT
2026-09-25 08:14:50,40.381,40,48.42,AUT
2026-09-25 08:14:51,40.159,40,48.51,AUT
2026-09-25 08:14:52,40.287,40,48.41,AUT
2026-09-25 08:14:53,40.254,40,48.39,AUT
2026-09-25 08:14:54,40.16,40,48.42,AUT
2026-09-25 08:14:55,40.351,40,48.28,AUT
2026-09-25 08:14:56,40.269,40,48.29,AUT
2026-09-25 08:14:57,40.378,40,48.18,AUT
2026-09-25 08:14:58,40.268,40,48.21,AUT
2026-09-25 08:14:59,40.376,40,48.11,AUT
2026-09-25 08:15:00,40.242,40,48.14,AUT
2026-09-25 08:15:01,40.358,40,48.04,AUT
2026-09-25 08:15:02,40.314,40,48.02,AUT
2026-09-25 08:15:03,40.379,40,47.94,AUT
2026-09-25 08:15:04,40.267,40,47.96,AUT
2026-09-25 08:15:05,40.359,40,47.87,AUT
2026-09-25 08:15:06,40.389,40,47.81,AUT
2026-09-25 08:15:07,40.242,40,47.85,AUT
2026-09-25 08:15:08,40.332,40,47.77,AUT
2026-09-25 08:15:09,40.25,40,47.78,AUT
2026-09-25 08:15:10,40.261,40,47.74,AUT
2026-09-25 08:15:11,40.349,40,47.65,AUT
2026-09-25 08:15:12,40.142,40,47.74,AUT
2026-09-25 08:15:13,40.413,40,47.55,AUT
2026-09-25 08:15:14,40.445,40,47.48,AUT
2026-09-25 08:15:15,40.258,40,47.54,AUT
2026-09-25 08:15:16,40.444,40,47.39,AUT
2026-09-25 08:15:17,40.259,40,47.45,AUT
2026-09-25 08:15:18,40.339,40,47.37,AUT
2026-09-25 08:15:19,40.53,40,47.21,AUT
2026-09-25 08:15:20,40.479,40,47.17,AUT
2026-09-25 08:15:21,40.527,40,47.08,AUT
2026-09-25 08:15:22,40.455,40,47.06,AUT
2026-09-25 08:15:23,40.506,40,46.97,AUT
2026-09-25 08:15:24,40.438,40,46.95,AUT
2026-09-25 08:15:25,40.603,40,46.79,AUT
2026-09-25 08:15:26,40.548,40,46.75,AUT
2026-09-25 08:15:27,40.555,40,46.68,AUT
2026-09-25 08:15:28,40.566,40,46.6,AUT
2026-09-25 08:15:29,40.571,40,46.53,AUT
2026-09-25 08:15:30,40.669,40,46.4,AUT
2026-09-25 08:15:31,40.6,40,46.36,AUT
2026-09-25 08:15:32,40.695,40,46.22,AUT
2026-09-25 08:15:33,40.718,40,46.12,AUT
2026-09-25 08:15:34,40.621,40,46.09,AUT
2026-09-25 08:15:35,40.761,40,45.93,AUT
2026-09-25 08:15:36,40.648,40,45.9,AUT
2026-09-25 08:15:37,40.372,40,45.99,AUT
2026-09-25 08:15:38,39.901,40,46.24,AUT
2026-09-25 08:15:39,39.522,40,46.49,AUT
2026-09-25 08:15:40,39.157,40,46.78,AUT
2026-09-25 08:15:41,38.978,40,47,AUT
2026-09-25 08:15:42,38.668,40,47.32,AUT
2026-09-25 08:15:43,38.715,40,47.46,AUT
2026-09-25 08:15:44,38.355,40,47.84,AUT
2026-09-25 08:15:45,38.39,40,48.02,AUT
2026-09-25 08:15:46,38.373,40,48.24,AUT
2026-09-25 08:15:47,38.301,40,48.48,AUT
2026-09-25 08:15:48,38.131,40,48.8,AUT
2026-09-25 08:15:49,38.18,40,49.01,AUT
2026-09-25 08:15:50,38.08,40,49.3,AUT
2026-09-25 08:15:51,38.059,40,49.55,AUT
2026-09-25 08:15:52,38.119,40,49.75,AUT
2026-09-25 08:15:53,38.108,40,50,AUT
2026-09-25 08:15:54,38.159,40,50.2,AUT
2026-09-25 08:15:55,37.929,40,50.58,AUT
2026-09-25 08:15:56,37.889,40,50.86,AUT
2026-09-25 08:15:57,38.054,40,51.02,AUT
2026-09-25 08:15:58,37.806,40,51.42,AUT
2026-09-25 08:15:59,37.744,40,51.73,AUT
2026-09-25 08:16:00,37.932,40,51.9,AUT
2026-09-25 08:16:01,37.894,40,52.18,AUT
2026-09-25 08:16:02,37.884,40,52.45,AUT
2026-09-25 08:16:03,38.489,40,52.33,AUT
2026-09-25 08:16:04,38.93,40,52.25,AUT
2026-09-25 08:16:05,39.23,40,52.19,AUT
2026-09-25 08:16:06,39.492,40,52.13,AUT
2026-09-25 08:16:07,39.615,40,52.11,AUT
2026-09-25 08:16:08,39.865,40,52,AUT
2026-09-25 08:16:09,40.005,40,51.93,AUT
2026-09-25 08:16:10,40.076,40,51.89,AUT
2026-09-25 08:16:11,40.201,40,51.8,AUT
2026-09-25 08:16:12,40.311,40,51.71,AUT
2026-09-25 08:16:13,40.409,40,51.61,AUT
2026-09-25 08:16:14,40.242,40,51.66,AUT
2026-09-25 08:16:15,40.4,40,51.53,AUT
2026-09-25 08:16:16,40.545,40,51.39,AUT
2026-09-25 08:16:17,40.558,40,51.31,AUT
2026-09-25 08:16:18,40.564,40,51.24,AUT
2026-09-25 08:16:19,40.6,40,51.15,AUT
2026-09-25 08:16:20,40.642,40,51.05,AUT
2026-09-25 08:16:21,40.423,40,51.1,AUT
2026-09-25 08:16:22,40.621,40,50.93,AUT
2026-09-25 08:16:23,40.458,40,50.95,AUT
2026-09-25 08:16:24,40.673,40,50.76,AUT
2026-09-25 08:16:25,40.602,40,50.72,AUT
2026-09-25 08:16:26,40.633,40,50.62,AUT
2026-09-25 08:16:27,40.459,40,50.65,AUT
2026-09-25 08:16:28,40.489,40,50.58,AUT
2026-09-25 08:16:29,40.535,40,50.49,AUT
2026-09-25 08:16:30,40.436,40,50.48,AUT
2026-09-25 08:16:31,40.397,40,50.45,AUT
2026-09-25 08:16:32,40.568,40,50.3,AUT
2026-09-25 08:16:33,40.416,40,50.32,AUT
2026-09-25 08:16:34,40.509,40,50.21,AUT
2026-09-25 08:16:35,40.525,40,50.14,AUT
2026-09-25 08:16:36,40.593,40,50.03,AUT
2026-09-25 08:16:37,40.54,40,49.99,AUT
2026-09-25 08:16:38,40.499,40,49.95,AUT
2026-09-25 08:16:39,40.457,40,49.91,AUT
2026-09-25 08:16:40,40.51,40,49.82,AUT
2026-09-25 08:16:41,40.331,40,49.87,AUT
2026-09-25 08:16:42,40.513,40,49.71,AUT
2026-09-25 08:16:43,40.292,40,49.79,AUT
2026-09-25 08:16:44,40.523,40,49.61,AUT
2026-09-25 08:16:45,40.398,40,49.62,AUT
2026-09-25 08:16:46,40.448,40,49.54,AUT
2026-09-25 08:16:47,40.516,40,49.44,AUT
2026-09-25 08:16:48,40.406,40,49.44,AUT
2026-09-25 08:16:49,40.408,40,49.39,AUT
2026-09-25 08:16:50,40.349,40,49.38,AUT
2026-09-25 08:16:51,40.393,40,49.31,AUT
2026-09-25 08:16:52,40.304,40,49.31,AUT
2026-09-25 08:16:53,40.276,40,49.29,AUT
2026-09-25 08:16:54,40.3,40,49.24,AUT
2026-09-25 08:16:55,40.182,40,49.28,AUT
2026-09-25 08:16:56,40.261,40,49.21,AUT
2026-09-25 08:16:57,40.374,40,49.1,AUT
2026-09-25 08:16:58,40.399,40,49.04,AUT
2026-09-25 08:16:59,40.176,40,49.13,AUT
2026-09-25 08:17:00,40.251,40,49.06,AUT
2026-09-25 08:17:01,40.293,40,49,AUT
2026-09-25 08:17:02,40.525,40,48.82,AUT
2026-09-25 08:17:03,40.397,40,48.84,AUT
2026-09-25 08:17:04,40.264,40,48.87,AUT
2026-09-25 08:17:05,40.434,40,48.73,AUT
2026-09-25 08:17:06,40.439,40,48.67,AUT
2026-09-25 08:17:07,40.35,40,48.67,AUT
2026-09-25 08:17:08,40.495,40,48.54,AUT
2026-09-25 08:17:09,40.32,40,48.59,AUT
2026-09-25 08:17:10,40.492,40,48.44,AUT
2026-09-25 08:17:11,40.414,40,48.43,AUT
2026-09-25 08:17:12,40.419,40,48.37,AUT
2026-09-25 08:17:13,40.372,40,48.35,AUT
2026-09-25 08:17:14,40.312,40,48.34,AUT
2026-09-25 08:17:15,40.252,40,48.34,AUT
2026-09-25 08:17:16,40.25,40,48.31,AUT
2026-09-25 08:17:17,40.39,40,48.19,AUT
2026-09-25 08:17:18,40.4,40,48.14,AUT
2026-09-25 08:17:19,40.382,40,48.1,AUT
2026-09-25 08:17:20,40.483,40,47.99,AUT
2026-09-25 08:17:21,40.358,40,48,AUT
2026-09-25 08:17:22,40.534,40,47.85,AUT
2026-09-25 08:17:23,40.353,40,47.89,AUT
2026-09-25 08:17:24,40.528,40,47.74,AUT
2026-09-25 08:17:25,40.476,40,47.71,AUT
2026-09-25 08:17:26,40.409,40,47.69,AUT
2026-09-25 08:17:27,40.446,40,47.62,AUT
2026-09-25 08:17:28,40.319,40,47.64,AUT
2026-09-25 08:17:29,40.558,40,47.45,AUT
2026-09-25 08:17:30,40.395,40,47.48,AUT
2026-09-25 08:17:31,40.357,40,47.46,AUT
2026-09-25 08:17:32,40.319,40,47.44,AUT
2026-09-25 08:17:33,40.375,40,47.36,AUT
2026-09-25 08:17:34,40.574,40,47.19,AUT
2026-09-25 08:17:35,40.484,40,47.17,AUT
2026-09-25 08:17:36,40.442,40,47.14,AUT
2026-09-25 08:17:37,40.482,40,47.06,AUT
2026-09-25 08:17:38,40.705,40,46.86,AUT
2026-09-25 08:17:39,40.793,40,46.72,AUT
2026-09-25 08:17:40,40.56,40,46.76,AUT
2026-09-25 08:17:41,40.598,40,46.67,AUT
2026-09-25 08:17:42,40.519,40,46.64,AUT
2026-09-25 08:17:43,40.637,40,46.51,AUT
2026-09-25 08:17:44,40.726,40,46.37,AUT
2026-09-25 08:17:45,40.733,40,46.28,AUT
2026-09-25 08:17:46,40.677,40,46.22,AUT
2026-09-25 08:17:47,40.587,40,46.19,AUT
2026-09-25 08:17:48,40.54,40,46.15,AUT
2026-09-25 08:17:49,40.495,40,46.11,AUT
2026-09-25 08:17:50,40.262,40,46.19,AUT
2026-09-25 08:17:51,39.83,40,46.43,AUT
2026-09-25 08:17:52,39.487,40,46.66,AUT
2026-09-25 08:17:53,39.467,40,46.74,AUT
2026-09-25 08:17:54,39.221,40,46.96,AUT
2026-09-25 08:17:55,38.937,40,47.24,AUT
2026-09-25 08:17:56,38.695,40,47.52,AUT
2026-09-25 08:17:57,38.781,40,47.63,AUT
2026-09-25 08:17:58,38.59,40,47.9,AUT
2026-09-25 08:17:59,38.582,40,48.08,AUT
2026-09-25 08:18:00,38.462,40,48.33,AUT
2026-09-25 08:18:01,38.683,40,48.39,AUT
2026-09-25 08:18:02,38.317,40,48.78,AUT
2026-09-25 08:18:03,38.481,40,48.89,AUT
2026-09-25 08:18:04,38.519,40,49.06,AUT
2026-09-25 08:18:05,38.495,40,49.26,AUT
2026-09-25 08:18:06,38.337,40,49.54,AUT
2026-09-25 08:18:07,38.343,40,49.75,AUT
2026-09-25 08:18:08,38.335,40,49.96,AUT
2026-09-25 08:18:09,38.38,40,50.14,AUT
2026-09-25 08:18:10,38.449,40,50.3,AUT
2026-09-25 08:18:11,38.328,40,50.57,AUT
2026-09-25 08:18:12,38.322,40,50.78,AUT
2026-09-25 08:18:13,38.328,40,50.99,AUT
2026-09-25 08:18:14,38.355,40,51.18,AUT
2026-09-25 08:18:15,38.261,40,51.44,AUT
2026-09-25 08:18:16,38.148,40,51.73,AUT
2026-09-25 08:18:17,38.404,40,51.8,AUT
2026-09-25 08:18:18,38.177,40,52.14,AUT
2026-09-25 08:18:19,38.286,40,52.3,AUT
2026-09-25 08:18:20,38.208,40,52.57,AUT
2026-09-25 08:18:21,38.729,40,52.46,AUT
2026-09-25 08:18:22,38.967,40,52.47,AUT
2026-09-25 08:18:23,39.457,40,52.3,AUT
2026-09-25 08:18:24,39.547,40,52.31,AUT
2026-09-25 08:18:25,39.749,40,52.24,AUT
2026-09-25 08:18:26,40.013,40,52.11,AUT
2026-09-25 08:18:27,40.299,40,51.93,AUT
2026-09-25 08:18:28,40.358,40,51.85,AUT
2026-09-25 08:18:29,40.454,40,51.75,AUT
2026-09-25 08:18:30,40.448,40,51.69,AUT
2026-09-25 08:18:31,40.608,40,51.54,AUT
2026-09-25 08:18:32,40.675,40,51.42,AUT
2026-09-25 08:18:33,40.766,40,51.28,AUT
2026-09-25 08:18:34,40.595,40,51.29,AUT
2026-09-25 08:18:35,40.784,40,51.1,AUT
2026-09-25 08:18:36,40.891,40,50.93,AUT
2026-09-25 08:18:37,40.884,40,50.83,AUT
2026-09-25 08:18:38,40.934,40,50.68,AUT
2026-09-25 08:18:39,41.026,40,50.51,AUT
2026-09-25 08:18:40,40.929,40,50.44,AUT
2026-09-25 08:18:41,40.963,40,50.3,AUT
2026-09-25 08:18:42,40.963,40,50.18,AUT
2026-09-25 08:18:43,41.203,40,49.91,AUT
2026-09-25 08:18:44,40.907,40,49.95,AUT
2026-09-25 08:18:45,40.883,40,49.85,AUT
2026-09-25 08:18:46,41.019,40,49.65,AUT
2026-09-25 08:18:47,41.016,40,49.53,AUT
2026-09-25 08:18:48,41.144,40,49.32,AUT
2026-09-25 08:18:49,41.04,40,49.24,AUT
2026-09-25 08:18:50,41.081,40,49.09,AUT
2026-09-25 08:18:51,41.03,40,48.99,AUT
2026-09-25 08:18:52,40.897,40,48.94,AUT
2026-09-25 08:18:53,40.904,40,48.82,AUT
2026-09-25 08:18:54,40.884,40,48.72,AUT
2026-09-25 08:18:55,40.959,40,48.57,AUT
2026-09-25 08:18:56,41.121,40,48.34,AUT
2026-09-25 08:18:57,41.034,40,48.26,AUT
2026-09-25 08:18:58,40.881,40,48.22,AUT
2026-09-25 08:18:59,41.022,40,48.03,AUT
2026-09-25 08:19:00,40.887,40,47.98,AUT
2026-09-25 08:19:01,40.893,40,47.87,AUT
2026-09-25 08:19:02,40.876,40,47.77,AUT
2026-09-25 08:19:03,40.914,40,47.63,AUT
2026-09-25 08:19:04,40.836,40,47.57,AUT
2026-09-25 08:19:05,40.88,40,47.44,AUT
2026-09-25 08:19:06,40.697,40,47.44,AUT
2026-09-25 08:19:07,40.787,40,47.3,AUT
2026-09-25 08:19:08,40.755,40,47.22,AUT
2026-09-25 08:19:09,40.935,40,47.01,AUT
2026-09-25 08:19:10,40.709,40,47.04,AUT
2026-09-25 08:19:11,40.763,40,46.91,AUT
2026-09-25 08:19:12,40.662,40,46.88,AUT
2026-09-25 08:19:13,40.861,40,46.67,AUT
2026-09-25 08:19:14,40.695,40,46.67,AUT
2026-09-25 08:19:15,40.791,40,46.52,AUT
2026-09-25 08:19:16,40.799,40,46.42,AUT
2026-09-25 08:19:17,40.823,40,46.31,AUT
2026-09-25 08:19:18,40.741,40,46.25,AUT
2026-09-25 08:19:19,40.643,40,46.22,AUT
2026-09-25 08:19:20,40.219,40,46.41,AUT
2026-09-25 08:19:21,39.856,40,46.61,AUT
2026-09-25 08:19:22,39.543,40,46.82,AUT
2026-09-25 08:19:23,39.467,40,46.93,AUT
2026-09-25 08:19:24,39.238,40,47.13,AUT
2026-09-25 08:19:25,38.905,40,47.44,AUT
2026-09-25 08:19:26,39.085,40,47.46,AUT
2026-09-25 08:19:27,38.733,40,47.8,AUT
2026-09-25 08:19:28,38.562,40,48.06,AUT
2026-09-25 08:19:29,38.588,40,48.23,AUT
2026-09-25 08:19:30,38.433,40,48.5,AUT
2026-09-25 08:19:31,38.487,40,48.66,AUT
2026-09-25 08:19:32,38.403,40,48.9,AUT
2026-09-25 08:19:33,38.206,40,49.23,AUT
2026-09-25 08:19:34,38.196,40,49.46,AUT
2026-09-25 08:19:35,38.347,40,49.59,AUT
2026-09-25 08:19:36,38.308,40,49.82,AUT
2026-09-25 08:19:37,38.241,40,50.07,AUT
2026-09-25 08:19:38,38.134,40,50.36,AUT
2026-09-25 08:19:39,38.171,40,50.57,AUT
2026-09-25 08:19:40,38.207,40,50.77,AUT
2026-09-25 08:19:41,38.267,40,50.96,AUT
2026-09-25 08:19:42,38.271,40,51.18,AUT
2026-09-25 08:19:43,38.177,40,51.45,AUT
2026-09-25 08:19:44,38.178,40,51.68,AUT
2026-09-25 08:19:45,38.113,40,51.95,AUT
2026-09-25 08:19:46,38.146,40,52.16,AUT
2026-09-25 08:19:47,38.316,40,52.29,AUT
2026-09-25 08:19:48,38.188,40,52.58,AUT
2026-09-25 08:19:49,38.544,40,52.58,AUT
2026-09-25 08:19:50,38.977,40,52.49,AUT
2026-09-25 08:19:51,39.343,40,52.39,AUT
2026-09-25 08:19:52,39.466,40,52.4,AUT
2026-09-25 08:19:53,39.716,40,52.31,AUT
2026-09-25 08:19:54,39.814,40,52.28,AUT
2026-09-25 08:19:55,39.882,40,52.26,AUT
2026-09-25 08:19:56,40.079,40,52.15,AUT
2026-09-25 08:19:57,40.036,40,52.17,AUT
2026-09-25 08:19:58,40.071,40,52.14,AUT
2026-09-25 08:19:59,40.278,40,52.01,AUT
2026-09-25 08:20:00,40.365,40,51.92,AUT
2026-09-25 08:20:01,40.314,40,51.9,AUT
2026-09-25 08:20:02,40.458,40,51.77,AUT
2026-09-25 08:20:03,40.534,40,51.67,AUT
2026-09-25 08:20:04,40.344,40,51.72,AUT
2026-09-25 08:20:05,40.328,40,51.69,AUT
2026-09-25 08:20:06,40.328,40,51.65,AUT
2026-09-25 08:20:07,40.326,40,51.61,AUT
2026-09-25 08:20:08,40.358,40,51.55,AUT
2026-09-25 08:20:09,40.291,40,51.54,AUT
2026-09-25 08:20:10,40.391,40,51.45,AUT
2026-09-25 08:20:11,40.366,40,51.41,AUT
2026-09-25 08:20:12,40.403,40,51.34,AUT
2026-09-25 08:20:13,40.317,40,51.35,AUT
2026-09-25 08:20:14,40.418,40,51.24,AUT
2026-09-25 08:20:15,40.342,40,51.24,AUT
2026-09-25 08:20:16,40.445,40,51.13,AUT
2026-09-25 08:20:17,40.36,40,51.13,AUT
2026-09-25 08:20:18,40.312,40,51.11,AUT
2026-09-25 08:20:19,40.467,40,50.98,AUT
2026-09-25 08:20:20,40.374,40,50.98,AUT
2026-09-25 08:20:21,40.456,40,50.88,AUT
2026-09-25 08:20:22,40.467,40,50.82,AUT
2026-09-25 08:20:23,40.361,40,50.82,AUT
2026-09-25 08:20:24,40.443,40,50.73,AUT
2026-09-25 08:20:25,40.581,40,50.59,AUT
2026-09-25 08:20:26,40.457,40,50.59,AUT
2026-09-25 08:20:27,40.468,40,50.53,AUT
2026-09-25 08:20:28,40.34,40,50.55,AUT
2026-09-25 08:20:29,40.351,40,50.5,AUT
2026-09-25 08:20:30,40.358,40,50.45,AUT
2026-09-25 08:20:31,40.426,40,50.36,AUT
2026-09-25 08:20:32,40.413,40,50.32,AUT
2026-09-25 08:20:33,40.395,40,50.28,AUT
2026-09-25 08:20:34,40.312,40,50.28,AUT
2026-09-25 08:20:35,40.352,40,50.22,AUT
2026-09-25 08:20:36,40.319,40,50.19,AUT
2026-09-25 08:20:37,40.25,40,50.2,AUT
2026-09-25 08:20:38,40.273,40,50.15,AUT
2026-09-25 08:20:39,40.369,40,50.06,AUT
2026-09-25 08:20:40,40.265,40,50.08,AUT
2026-09-25 08:20:41,40.373,40,49.97,AUT
2026-09-25 08:20:42,40.268,40,49.99,AUT
2026-09-25 08:20:43,40.179,40,50.02,AUT
2026-09-25 08:20:44,40.346,40,49.89,AUT
2026-09-25 08:20:45,40.374,40,49.83,AUT
2026-09-25 08:20:46,40.141,40,49.93,AUT
2026-09-25 08:20:47,40.389,40,49.75,AUT
2026-09-25 08:20:48,40.126,40,49.87,AUT
2026-09-25 08:20:49,40.447,40,49.65,AUT
2026-09-25 08:20:50,40.462,40,49.59,AUT
2026-09-25 08:20:51,40.243,40,49.67,AUT
2026-09-25 08:20:52,40.483,40,49.49,AUT
2026-09-25 08:20:53,40.532,40,49.4,AUT
2026-09-25 08:20:54,40.285,40,49.48,AUT
2026-09-25 08:20:55,40.439,40,49.35,AUT
2026-09-25 08:20:56,40.44,40,49.3,AUT
2026-09-25 08:20:57,40.347,40,49.3,AUT
2026-09-25 08:20:58,40.484,40,49.17,AUT
2026-09-25 08:20:59,40.543,40,49.07,AUT
2026-09-25 08:21:00,40.275,40,49.17,AUT
2026-09-25 08:21:01,40.586,40,48.94,AUT
2026-09-25 08:21:02,40.428,40,48.97,AUT
2026-09-25 08:21:03,40.517,40,48.86,AUT
2026-09-25 08:21:04,40.389,40,48.88,AUT
2026-09-25 08:21:05,40.517,40,48.75,AUT
2026-09-25 08:21:06,40.524,40,48.68,AUT
2026-09-25 08:21:07,40.456,40,48.66,AUT
2026-09-25 08:21:08,40.401,40,48.63,AUT
2026-09-25 08:21:09,40.489,40,48.53,AUT
2026-09-25 08:21:10,40.451,40,48.49,AUT
2026-09-25 08:21:11,40.315,40,48.52,AUT
2026-09-25 08:21:12,40.348,40,48.46,AUT
2026-09-25 08:21:13,40.648,40,48.23,AUT
2026-09-25 08:21:14,40.319,40,48.35,AUT
2026-09-25 08:21:15,40.441,40,48.24,AUT
2026-09-25 08:21:16,40.483,40,48.16,AUT
2026-09-25 08:21:17,40.279,40,48.22,AUT
2026-09-25 08:21:18,40.428,40,48.09,AUT
2026-09-25 08:21:19,40.426,40,48.04,AUT
2026-09-25 08:21:20,40.487,40,47.95,AUT
2026-09-25 08:21:21,40.437,40,47.92,AUT
2026-09-25 08:21:22,40.429,40,47.87,AUT
2026-09-25 08:21:23,40.434,40,47.81,AUT
2026-09-25 08:21:24,40.517,40,47.71,AUT
2026-09-25 08:21:25,40.579,40,47.61,AUT
2026-09-25 08:21:26,40.606,40,47.52,AUT
2026-09-25 08:21:27,40.537,40,47.48,AUT
2026-09-25 08:21:28,40.609,40,47.37,AUT
2026-09-25 08:21:29,40.457,40,47.39,AUT
2026-09-25 08:21:30,40.547,40,47.28,AUT
2026-09-25 08:21:31,40.735,40,47.09,AUT
2026-09-25 08:21:32,40.476,40,47.16,AUT
2026-09-25 08:21:33,40.68,40,46.97,AUT
2026-09-25 08:21:34,40.548,40,46.97,AUT
2026-09-25 08:21:35,40.584,40,46.88,AUT
2026-09-25 08:21:36,40.483,40,46.87,AUT
2026-09-25 08:21:37,40.414,40,46.85,AUT
2026-09-25 08:21:38,40.473,40,46.76,AUT
2026-09-25 08:21:39,40.417,40,46.74,AUT
2026-09-25 08:21:40,40.454,40,46.66,AUT
2026-09-25 08:21:41,40.398,40,46.64,AUT
2026-09-25 08:21:42,40.254,40,46.68,AUT
2026-09-25 08:21:43,40.37,40,46.58,AUT
2026-09-25 08:21:44,40.434,40,46.49,AUT
2026-09-25 08:21:45,40.46,40,46.42,AUT
2026-09-25 08:21:46,40.386,40,46.41,AUT
2026-09-25 08:21:47,40.513,40,46.28,AUT
2026-09-25 08:21:48,40.539,40,46.2,AUT
2026-09-25 08:21:49,39.89,40,46.54,AUT
2026-09-25 08:21:50,39.708,40,46.67,AUT
2026-09-25 08:21:51,39.369,40,46.92,AUT
2026-09-25 08:21:52,39.124,40,47.15,AUT
2026-09-25 08:21:53,39.013,40,47.33,AUT
2026-09-25 08:21:54,38.822,40,47.57,AUT
2026-09-25 08:21:55,38.739,40,47.77,AUT
2026-09-25 08:21:56,38.728,40,47.93,AUT
2026-09-25 08:21:57,38.61,40,48.17,AUT
2026-09-25 08:21:58,38.531,40,48.39,AUT
2026-09-25 08:21:59,38.334,40,48.7,AUT
2026-09-25 08:22:00,38.537,40,48.78,AUT
2026-09-25 08:22:01,38.435,40,49.03,AUT
2026-09-25 08:22:02,38.259,40,49.33,AUT
2026-09-25 08:22:03,38.1,40,49.65,AUT
2026-09-25 08:22:04,38.315,40,49.75,AUT
2026-09-25 08:22:05,38.233,40,50.01,AUT
2026-09-25 08:22:06,38.303,40,50.19,AUT
2026-09-25 08:22:07,38.239,40,50.44,AUT
2026-09-25 08:22:08,38.351,40,50.59,AUT
2026-09-25 08:22:09,38.243,40,50.87,AUT
2026-09-25 08:22:10,38.224,40,51.1,AUT
2026-09-25 08:22:11,38.107,40,51.39,AUT
2026-09-25 08:22:12,38.211,40,51.56,AUT
2026-09-25 08:22:13,38.188,40,51.8,AUT
2026-09-25 08:22:14,38.258,40,51.98,AUT
2026-09-25 08:22:15,38.196,40,52.24,AUT
2026-09-25 08:22:16,38.18,40,52.48,AUT
2026-09-25 08:22:17,38.187,40,52.7,AUT
2026-09-25 08:22:18,38.599,40,52.67,AUT
2026-09-25 08:22:19,39.169,40,52.49,AUT
2026-09-25 08:22:20,39.344,40,52.48,AUT
2026-09-25 08:22:21,39.618,40,52.39,AUT
2026-09-25 08:22:22,39.822,40,52.31,AUT
2026-09-25 08:22:23,40.094,40,52.17,AUT
2026-09-25 08:22:24,40.216,40,52.08,AUT
2026-09-25 08:22:25,40.324,40,51.98,AUT
2026-09-25 08:22:26,40.295,40,51.96,AUT
2026-09-25 08:22:27,40.419,40,51.85,AUT
2026-09-25 08:22:28,40.455,40,51.77,AUT
2026-09-25 08:22:29,40.644,40,51.6,AUT
2026-09-25 08:22:30,40.611,40,51.54,AUT
2026-09-25 08:22:31,40.578,40,51.48,AUT
2026-09-25 08:22:32,40.565,40,51.42,AUT
2026-09-25 08:22:33,40.689,40,51.27,AUT
2026-09-25 08:22:34,40.633,40,51.22,AUT
2026-09-25 08:22:35,40.726,40,51.08,AUT
2026-09-25 08:22:36,40.734,40,50.98,AUT
2026-09-25 08:22:37,40.704,40,50.91,AUT
2026-09-25 08:22:38,40.752,40,50.79,AUT
2026-09-25 08:22:39,40.692,40,50.74,AUT
2026-09-25 08:22:40,40.892,40,50.53,AUT
2026-09-25 08:22:41,40.567,40,50.62,AUT
2026-09-25 08:22:42,40.866,40,50.36,AUT
2026-09-25 08:22:43,40.76,40,50.32,AUT
2026-09-25 08:22:44,40.778,40,50.21,AUT
2026-09-25 08:22:45,40.889,40,50.04,AUT
2026-09-25 08:22:46,40.729,40,50.03,AUT
2026-09-25 08:22:47,40.823,40,49.88,AUT
2026-09-25 08:22:48,40.749,40,49.83,AUT
2026-09-25 08:22:49,40.704,40,49.76,AUT
2026-09-25 08:22:50,40.763,40,49.64,AUT
2026-09-25 08:22:51,40.733,40,49.56,AUT
2026-09-25 08:22:52,40.728,40,49.47,AUT
2026-09-25 08:22:53,40.651,40,49.43,AUT
2026-09-25 08:22:54,40.62,40,49.37,AUT
2026-09-25 08:22:55,40.526,40,49.35,AUT
2026-09-25 08:22:56,40.595,40,49.24,AUT
2026-09-25 08:22:57,40.774,40,49.05,AUT
2026-09-25 08:22:58,40.634,40,49.04,AUT
2026-09-25 08:22:59,40.542,40,49.02,AUT
2026-09-25 08:23:00,40.648,40,48.89,AUT
2026-09-25 08:23:01,40.808,40,48.71,AUT
2026-09-25 08:23:02,40.68,40,48.69,AUT
2026-09-25 08:23:03,40.645,40,48.62,AUT
2026-09-25 08:23:04,40.5,40,48.63,AUT
2026-09-25 08:23:05,40.696,40,48.45,AUT
2026-09-25 08:23:06,40.795,40,48.3,AUT
2026-09-25 08:23:07,40.803,40,48.19,AUT
2026-09-25 08:23:08,40.874,40,48.05,AUT
2026-09-25 08:23:09,40.629,40,48.09,AUT
2026-09-25 08:23:10,40.653,40,48,AUT
2026-09-25 08:23:11,40.572,40,47.97,AUT
2026-09-25 08:23:12,40.72,40,47.8,AUT
2026-09-25 08:23:13,40.611,40,47.78,AUT
2026-09-25 08:23:14,40.694,40,47.65,AUT
2026-09-25 08:23:15,40.768,40,47.52,AUT
2026-09-25 08:23:16,40.795,40,47.41,AUT
2026-09-25 08:23:17,40.935,40,47.22,AUT
2026-09-25 08:23:18,40.825,40,47.17,AUT
2026-09-25 08:23:19,40.892,40,47.03,AUT
2026-09-25 08:23:20,40.955,40,46.88,AUT
2026-09-25 08:23:21,40.835,40,46.83,AUT
2026-09-25 08:23:22,40.941,40,46.66,AUT
2026-09-25 08:23:23,40.848,40,46.6,AUT
2026-09-25 08:23:24,40.925,40,46.45,AUT
2026-09-25 08:23:25,41.021,40,46.27,AUT
2026-09-25 08:23:26,40.561,40,46.43,AUT
2026-09-25 08:23:27,40.171,40,46.61,AUT
2026-09-25 08:23:28,39.837,40,46.79,AUT
2026-09-25 08:23:29,39.493,40,47.03,AUT
2026-09-25 08:23:30,39.416,40,47.14,AUT
2026-09-25 08:23:31,39.267,40,47.31,AUT
2026-09-25 08:23:32,39.143,40,47.48,AUT
2026-09-25 08:23:33,39.059,40,47.64,AUT
2026-09-25 08:23:34,38.947,40,47.82,AUT
2026-09-25 08:23:35,38.762,40,48.07,AUT
2026-09-25 08:23:36,38.671,40,48.28,AUT
2026-09-25 08:23:37,38.774,40,48.38,AUT
2026-09-25 08:23:38,38.747,40,48.55,AUT
2026-09-25 08:23:39,38.573,40,48.82,AUT
2026-09-25 08:23:40,38.8,40,48.86,AUT
2026-09-25 08:23:41,38.581,40,49.14,AUT
2026-09-25 08:23:42,38.591,40,49.31,AUT
2026-09-25 08:23:43,38.667,40,49.44,AUT
2026-09-25 08:23:44,38.615,40,49.64,AUT
2026-09-25 08:23:45,38.553,40,49.85,AUT
2026-09-25 08:23:46,38.627,40,49.99,AUT
2026-09-25 08:23:47,38.576,40,50.19,AUT
2026-09-25 08:23:48,38.543,40,50.39,AUT
2026-09-25 08:23:49,38.559,40,50.56,AUT
2026-09-25 08:23:50,38.506,40,50.78,AUT
2026-09-25 08:23:51,38.511,40,50.96,AUT
2026-09-25 08:23:52,38.582,40,51.1,AUT
2026-09-25 08:23:53,38.517,40,51.32,AUT
2026-09-25 08:23:54,38.673,40,51.41,AUT
2026-09-25 08:23:55,38.526,40,51.67,AUT
2026-09-25 08:23:56,38.57,40,51.82,AUT
2026-09-25 08:23:57,38.554,40,52.01,AUT
2026-09-25 08:23:58,38.676,40,52.12,AUT
2026-09-25 08:23:59,38.732,40,52.25,AUT
2026-09-25 08:24:00,38.616,40,52.48,AUT
2026-09-25 08:24:01,38.585,40,52.67,AUT
2026-09-25 08:24:02,38.962,40,52.61,AUT
2026-09-25 08:24:03,39.38,40,52.48,AUT
2026-09-25 08:24:04,39.747,40,52.33,AUT
2026-09-25 08:24:05,40,40,52.2,AUT
2026-09-25 08:24:06,40.042,40,52.17,AUT
2026-09-25 08:24:07,40.292,40,52.01,AUT
2026-09-25 08:24:08,40.25,40,52,AUT
2026-09-25 08:24:09,40.44,40,51.85,AUT
2026-09-25 08:24:10,40.428,40,51.81,AUT
2026-09-25 08:24:11,40.645,40,51.62,AUT
2026-09-25 08:24:12,40.599,40,51.56,AUT
2026-09-25 08:24:13,40.72,40,51.41,AUT
2026-09-25 08:24:14,40.66,40,51.36,AUT
2026-09-25 08:24:15,40.637,40,51.29,AUT
2026-09-25 08:24:16,40.819,40,51.1,AUT
2026-09-25 08:24:17,40.898,40,50.95,AUT
2026-09-25 08:24:18,40.827,40,50.88,AUT
2026-09-25 08:24:19,40.836,40,50.77,AUT
2026-09-25 08:24:20,40.681,40,50.76,AUT
2026-09-25 08:24:21,40.865,40,50.56,AUT
2026-09-25 08:24:22,40.952,40,50.4,AUT
2026-09-25 08:24:23,40.881,40,50.33,AUT
2026-09-25 08:24:24,40.794,40,50.27,AUT
2026-09-25 08:24:25,40.744,40,50.2,AUT
2026-09-25 08:24:26,40.79,40,50.08,AUT
2026-09-25 08:24:27,40.76,40,50,AUT
2026-09-25 08:24:28,40.856,40,49.85,AUT
2026-09-25 08:24:29,40.757,40,49.8,AUT
2026-09-25 08:24:30,40.722,40,49.73,AUT
2026-09-25 08:24:31,40.906,40,49.52,AUT
2026-09-25 08:24:32,40.661,40,49.56,AUT
2026-09-25 08:24:33,40.715,40,49.45,AUT
2026-09-25 08:24:34,40.692,40,49.37,AUT
2026-09-25 08:24:35,40.563,40,49.37,AUT
2026-09-25 08:24:36,40.866,40,49.11,AUT
2026-09-25 08:24:37,40.624,40,49.15,AUT
2026-09-25 08:24:38,40.779,40,48.97,AUT
2026-09-25 08:24:39,40.608,40,48.98,AUT
2026-09-25 08:24:40,40.887,40,48.73,AUT
2026-09-25 08:24:41,40.706,40,48.73,AUT
2026-09-25 08:24:42,40.849,40,48.56,AUT
2026-09-25 08:24:43,40.458,40,48.7,AUT
2026-09-25 08:24:44,40.657,40,48.51,AUT
2026-09-25 08:24:45,40.849,40,48.31,AUT
2026-09-25 08:24:46,40.691,40,48.3,AUT
2026-09-25 08:24:47,40.628,40,48.26,AUT
2026-09-25 08:24:48,40.659,40,48.16,AUT
2026-09-25 08:24:49,40.634,40,48.09,AUT
2026-09-25 08:24:50,40.617,40,48.02,AUT
2026-09-25 08:24:51,40.638,40,47.93,AUT
2026-09-25 08:24:52,40.646,40,47.85,AUT
2026-09-25 08:24:53,40.695,40,47.74,AUT
2026-09-25 08:24:54,40.763,40,47.61,AUT
2026-09-25 08:24:55,40.606,40,47.61,AUT
2026-09-25 08:24:56,40.802,40,47.41,AUT
2026-09-25 08:24:57,40.793,40,47.32,AUT
2026-09-25 08:24:58,40.556,40,47.37,AUT
2026-09-25 08:24:59,40.578,40,47.28,AUT
2026-09-25 08:25:00,40.728,40,47.12,AUT
2026-09-25 08:25:01,40.717,40,47.03,AUT
2026-09-25 08:25:02,40.909,40,46.82,AUT
2026-09-25 08:25:03,40.941,40,46.69,AUT
2026-09-25 08:25:04,40.715,40,46.71,AUT
2026-09-25 08:25:05,40.6,40,46.7,AUT
2026-09-25 08:25:06,40.794,40,46.5,AUT
2026-09-25 08:25:07,40.75,40,46.43,AUT
2026-09-25 08:25:08,40.737,40,46.34,AUT
2026-09-25 08:25:09,40.512,40,46.39,AUT
2026-09-25 08:25:10,40.151,40,46.55,AUT
2026-09-25 08:25:11,39.761,40,46.78,AUT
2026-09-25 08:25:12,39.643,40,46.88,AUT
2026-09-25 08:25:13,39.407,40,47.07,AUT
2026-09-25 08:25:14,39.186,40,47.29,AUT
2026-09-25 08:25:15,39.062,40,47.47,AUT
2026-09-25 08:25:16,38.958,40,47.65,AUT
2026-09-25 08:25:17,38.943,40,47.79,AUT
2026-09-25 08:25:18,38.787,40,48.02,AUT
2026-09-25 08:25:19,38.914,40,48.09,AUT
2026-09-25 08:25:20,38.714,40,48.35,AUT
2026-09-25 08:25:21,38.672,40,48.54,AUT
2026-09-25 08:25:22,38.658,40,48.71,AUT
2026-09-25 08:25:23,38.723,40,48.84,AUT
2026-09-25 08:25:24,38.818,40,48.94,AUT
2026-09-25 08:25:25,38.743,40,49.13,AUT
2026-09-25 08:25:26,38.79,40,49.26,AUT
2026-09-25 08:25:27,38.773,40,49.42,AUT
2026-09-25 08:25:28,38.62,40,49.67,AUT
2026-09-25 08:25:29,38.693,40,49.8,AUT
2026-09-25 08:25:30,38.788,40,49.9,AUT
2026-09-25 08:25:31,38.669,40,50.13,AUT
2026-09-25 08:25:32,38.658,40,50.3,AUT
2026-09-25 08:25:33,38.664,40,50.47,AUT
2026-09-25 08:25:34,38.607,40,50.67,AUT
2026-09-25 08:25:35,38.649,40,50.82,AUT
2026-09-25 08:25:36,38.705,40,50.95,AUT
2026-09-25 08:25:37,38.694,40,51.12,AUT
2026-09-25 08:25:38,38.711,40,51.27,AUT
2026-09-25 08:25:39,38.649,40,51.47,AUT
2026-09-25 08:25:40,38.567,40,51.69,AUT
2026-09-25 08:25:41,38.564,40,51.87,AUT
2026-09-25 08:25:42,38.631,40,52.01,AUT
2026-09-25 08:25:43,38.608,40,52.2,AUT
2026-09-25 08:25:44,38.751,40,52.28,AUT
2026-09-25 08:25:45,38.582,40,52.54,AUT
2026-09-25 08:25:46,38.734,40,52.62,AUT
2026-09-25 08:25:47,39.184,40,52.5,AUT
2026-09-25 08:25:48,39.481,40,52.42,AUT
2026-09-25 08:25:49,39.892,40,52.23,AUT
2026-09-25 08:25:50,40.098,40,52.11,AUT
2026-09-25 08:25:51,40.431,40,51.89,AUT
2026-09-25 08:25:52,40.57,40,51.75,AUT
2026-09-25 08:25:53,40.673,40,51.61,AUT
2026-09-25 08:25:54,40.831,40,51.43,AUT
2026-09-25 08:25:55,40.817,40,51.34,AUT
2026-09-25 08:25:56,40.969,40,51.14,AUT
2026-09-25 08:25:57,41.007,40,50.99,AUT
2026-09-25 08:25:58,41.082,40,50.82,AUT
2026-09-25 08:25:59,40.982,40,50.75,AUT
2026-09-25 08:26:00,41.126,40,50.54,AUT
2026-09-25 08:26:01,41.037,40,50.45,AUT
2026-09-25 08:26:02,41.052,40,50.31,AUT
2026-09-25 08:26:03,41.224,40,50.07,AUT
2026-09-25 08:26:04,41.196,40,49.94,AUT
2026-09-25 08:26:05,41.179,40,49.8,AUT
2026-09-25 08:26:06,41.311,40,49.57,AUT
2026-09-25 08:26:07,41.218,40,49.46,AUT
2026-09-25 08:26:08,41.198,40,49.32,AUT
2026-09-25 08:26:09,41.164,40,49.19,AUT
2026-09-25 08:26:10,41.178,40,49.04,AUT
2026-09-25 08:26:11,41.204,40,48.88,AUT
2026-09-25 08:26:12,41.288,40,48.67,AUT
2026-09-25 08:26:13,41.253,40,48.53,AUT
2026-09-25 08:26:14,41.202,40,48.41,AUT
2026-09-25 08:26:15,41.406,40,48.13,AUT
2026-09-25 08:26:16,41.321,40,48.01,AUT
2026-09-25 08:26:17,41.208,40,47.91,AUT
2026-09-25 08:26:18,41.381,40,47.66,AUT
2026-09-25 08:26:19,41.331,40,47.51,AUT
2026-09-25 08:26:20,41.396,40,47.31,AUT
2026-09-25 08:26:21,41.42,40,47.12,AUT
2026-09-25 08:26:22,41.422,40,46.94,AUT
2026-09-25 08:26:23,41.247,40,46.87,AUT
2026-09-25 08:26:24,41.304,40,46.68,AUT
2026-09-25 08:26:25,41.336,40,46.5,AUT
2026-09-25 08:26:26,41.308,40,46.35,AUT
2026-09-25 08:26:27,41.047,40,46.35,AUT
2026-09-25 08:26:28,40.405,40,46.62,AUT
2026-09-25 08:26:29,40.262,40,46.66,AUT
2026-09-25 08:26:30,39.921,40,46.84,AUT
2026-09-25 08:26:31,39.692,40,46.99,AUT
2026-09-25 08:26:32,39.601,40,47.08,AUT
2026-09-25 08:26:33,39.331,40,47.3,AUT
2026-09-25 08:26:34,39.292,40,47.41,AUT
2026-09-25 08:26:35,39.161,40,47.58,AUT
2026-09-25 08:26:36,39.082,40,47.74,AUT
2026-09-25 08:26:37,39.081,40,47.85,AUT
2026-09-25 08:26:38,38.92,40,48.07,AUT
2026-09-25 08:26:39,38.92,40,48.2,AUT
2026-09-25 08:26:40,38.861,40,48.37,AUT
2026-09-25 08:26:41,38.784,40,48.56,AUT
2026-09-25 08:26:42,38.67,40,48.79,AUT
2026-09-25 08:26:43,38.798,40,48.87,AUT
2026-09-25 08:26:44,38.761,40,49.05,AUT
2026-09-25 08:26:45,38.532,40,49.34,AUT
2026-09-25 08:26:46,38.699,40,49.42,AUT
2026-09-25 08:26:47,38.631,40,49.63,AUT
2026-09-25 08:26:48,38.654,40,49.79,AUT
2026-09-25 08:26:49,38.53,40,50.03,AUT
2026-09-25 08:26:50,38.697,40,50.11,AUT
2026-09-25 08:26:51,38.628,40,50.32,AUT
2026-09-25 08:26:52,38.546,40,50.54,AUT
2026-09-25 08:26:53,38.486,40,50.76,AUT
2026-09-25 08:26:54,38.727,40,50.8,AUT
2026-09-25 08:26:55,38.656,40,51,AUT
2026-09-25 08:26:56,38.692,40,51.15,AUT
2026-09-25 08:26:57,38.663,40,51.33,AUT
2026-09-25 08:26:58,38.641,40,51.51,AUT
2026-09-25 08:26:59,38.73,40,51.62,AUT
2026-09-25 08:27:00,38.632,40,51.84,AUT
2026-09-25 08:27:01,38.44,40,52.13,AUT
2026-09-25 08:27:02,38.675,40,52.18,AUT
2026-09-25 08:27:03,38.564,40,52.42,AUT
2026-09-25 08:27:04,38.662,40,52.54,AUT
2026-09-25 08:27:05,38.652,40,52.71,AUT
2026-09-25 08:27:06,39.093,40,52.6,AUT
2026-09-25 08:27:07,39.457,40,52.49,AUT
2026-09-25 08:27:08,39.749,40,52.37,AUT
2026-09-25 08:27:09,39.912,40,52.3,AUT
2026-09-25 08:27:10,40.275,40,52.09,AUT
2026-09-25 08:27:11,40.359,40,52,AUT
2026-09-25 08:27:12,40.494,40,51.87,AUT
2026-09-25 08:27:13,40.438,40,51.84,AUT
2026-09-25 08:27:14,40.563,40,51.71,AUT
2026-09-25 08:27:15,40.661,40,51.58,AUT
2026-09-25 08:27:16,40.549,40,51.57,AUT
2026-09-25 08:27:17,40.733,40,51.38,AUT
2026-09-25 08:27:18,40.72,40,51.3,AUT
2026-09-25 08:27:19,40.726,40,51.21,AUT
2026-09-25 08:27:20,40.924,40,50.99,AUT
2026-09-25 08:27:21,40.687,40,51.02,AUT
2026-09-25 08:27:22,40.59,40,51,AUT
2026-09-25 08:27:23,40.785,40,50.8,AUT
2026-09-25 08:27:24,40.967,40,50.59,AUT
2026-09-25 08:27:25,40.704,40,50.64,AUT
2026-09-25 08:27:26,40.678,40,50.56,AUT
2026-09-25 08:27:27,40.864,40,50.36,AUT
2026-09-25 08:27:28,40.671,40,50.37,AUT
2026-09-25 08:27:29,40.729,40,50.25,AUT
2026-09-25 08:27:30,40.699,40,50.18,AUT
2026-09-25 08:27:31,40.832,40,50.01,AUT
2026-09-25 08:27:32,40.612,40,50.04,AUT
2026-09-25 08:27:33,40.642,40,49.95,AUT
2026-09-25 08:27:34,40.813,40,49.76,AUT
2026-09-25 08:27:35,40.849,40,49.64,AUT
2026-09-25 08:27:36,40.807,40,49.56,AUT
2026-09-25 08:27:37,40.697,40,49.53,AUT
2026-09-25 08:27:38,40.852,40,49.34,AUT
2026-09-25 08:27:39,40.789,40,49.28,AUT
2026-09-25 08:27:40,40.932,40,49.09,AUT
2026-09-25 08:27:41,41.064,40,48.89,AUT
2026-09-25 08:27:42,40.889,40,48.87,AUT
2026-09-25 08:27:43,40.912,40,48.74,AUT
2026-09-25 08:27:44,40.816,40,48.69,AUT
2026-09-25 08:27:45,40.941,40,48.51,AUT
2026-09-25 08:27:46,40.9,40,48.41,AUT
2026-09-25 08:27:47,40.905,40,48.3,AUT
2026-09-25 08:27:48,41.07,40,48.08,AUT
2026-09-25 08:27:49,40.869,40,48.07,AUT
2026-09-25 08:27:50,40.983,40,47.89,AUT
2026-09-25 08:27:51,40.933,40,47.8,AUT
2026-09-25 08:27:52,40.912,40,47.7,AUT
2026-09-25 08:27:53,40.935,40,47.57,AUT
2026-09-25 08:27:54,40.851,40,47.51,AUT
2026-09-25 08:27:55,41.22,40,47.17,AUT
2026-09-25 08:27:56,40.931,40,47.2,AUT
2026-09-25 08:27:57,41.071,40,46.99,AUT
2026-09-25 08:27:58,41.061,40,46.86,AUT
2026-09-25 08:27:59,41.005,40,46.77,AUT
2026-09-25 08:28:00,41.15,40,46.55,AUT
2026-09-25 08:28:01,41.09,40,46.45,AUT
2026-09-25 08:28:02,41.131,40,46.28,AUT
2026-09-25 08:28:03,40.585,40,46.48,AUT
2026-09-25 08:28:04,40.3,40,46.59,AUT
2026-09-25 08:28:05,39.767,40,46.88,AUT
2026-09-25 08:28:06,39.627,40,47,AUT
2026-09-25 08:28:07,39.434,40,47.17,AUT
2026-09-25 08:28:08,39.241,40,47.36,AUT
2026-09-25 08:28:09,38.904,40,47.66,AUT
2026-09-25 08:28:10,39.122,40,47.66,AUT
2026-09-25 08:28:11,38.93,40,47.89,AUT
2026-09-25 08:28:12,38.907,40,48.04,AUT
2026-09-25 08:28:13,38.835,40,48.22,AUT
2026-09-25 08:28:14,38.857,40,48.36,AUT
2026-09-25 08:28:15,38.868,40,48.49,AUT
2026-09-25 08:28:16,38.734,40,48.72,AUT
2026-09-25 08:28:17,38.542,40,49,AUT
2026-09-25 08:28:18,38.582,40,49.15,AUT
2026-09-25 08:28:19,38.611,40,49.31,AUT
2026-09-25 08:28:20,38.64,40,49.47,AUT
2026-09-25 08:28:21,38.737,40,49.58,AUT
2026-09-25 08:28:22,38.651,40,49.79,AUT
2026-09-25 08:28:23,38.658,40,49.95,AUT
2026-09-25 08:28:24,38.629,40,50.14,AUT
2026-09-25 08:28:25,38.557,40,50.36,AUT
2026-09-25 08:28:26,38.522,40,50.56,AUT
2026-09-25 08:28:27,38.397,40,50.82,AUT
2026-09-25 08:28:28,38.552,40,50.92,AUT
2026-09-25 08:28:29,38.5,40,51.14,AUT
2026-09-25 08:28:30,38.681,40,51.21,AUT
2026-09-25 08:28:31,38.573,40,51.44,AUT
2026-09-25 08:28:32,38.618,40,51.59,AUT
2026-09-25 08:28:33,38.464,40,51.86,AUT
2026-09-25 08:28:34,38.425,40,52.08,AUT
2026-09-25 08:28:35,38.295,40,52.36,AUT
2026-09-25 08:28:36,38.386,40,52.51,AUT
2026-09-25 08:28:37,38.415,40,52.7,AUT
2026-09-25 08:28:38,38.813,40,52.65,AUT
2026-09-25 08:28:39,39.069,40,52.64,AUT
2026-09-25 08:28:40,39.494,40,52.49,AUT
2026-09-25 08:28:41,39.734,40,52.4,AUT
2026-09-25 08:28:42,39.845,40,52.36,AUT
2026-09-25 08:28:43,40.238,40,52.14,AUT
2026-09-25 08:28:44,40.228,40,52.11,AUT
2026-09-25 08:28:45,40.433,40,51.96,AUT
2026-09-25 08:28:46,40.419,40,51.91,AUT
2026-09-25 08:28:47,40.504,40,51.81,AUT
2026-09-25 08:28:48,40.445,40,51.78,AUT
2026-09-25 08:28:49,40.761,40,51.53,AUT
2026-09-25 08:28:50,40.699,40,51.47,AUT
2026-09-25 08:28:51,40.738,40,51.36,AUT
2026-09-25 08:28:52,40.855,40,51.19,AUT
2026-09-25 08:28:53,40.867,40,51.08,AUT
2026-09-25 08:28:54,40.731,40,51.06,AUT
2026-09-25 08:28:55,40.836,40,50.9,AUT
2026-09-25 08:28:56,40.889,40,50.76,AUT
2026-09-25 08:28:57,40.919,40,50.63,AUT
2026-09-25 08:28:58,40.717,40,50.64,AUT
2026-09-25 08:28:59,40.891,40,50.44,AUT
2026-09-25 08:29:00,40.815,40,50.38,AUT
2026-09-25 08:29:01,40.828,40,50.27,AUT
2026-09-25 08:29:02,40.783,40,50.19,AUT
2026-09-25 08:29:03,40.782,40,50.1,AUT
2026-09-25 08:29:04,40.857,40,49.95,AUT
2026-09-25 08:29:05,40.933,40,49.8,AUT
2026-09-25 08:29:06,40.975,40,49.66,AUT
2026-09-25 08:29:07,40.982,40,49.53,AUT
2026-09-25 08:29:08,40.975,40,49.41,AUT
2026-09-25 08:29:09,41.069,40,49.23,AUT
2026-09-25 08:29:10,40.959,40,49.17,AUT
2026-09-25 08:29:11,40.705,40,49.2,AUT
2026-09-25 08:29:12,40.888,40,49,AUT
2026-09-25 08:29:13,40.983,40,48.83,AUT
2026-09-25 08:29:14,40.954,40,48.73,AUT
2026-09-25 08:29:15,40.887,40,48.65,AUT
2026-09-25 08:29:16,41.054,40,48.43,AUT
2026-09-25 08:29:17,40.849,40,48.43,AUT
2026-09-25 08:29:18,40.933,40,48.27,AUT
2026-09-25 08:29:19,40.889,40,48.18,AUT
2026-09-25 08:29:20,40.786,40,48.14,AUT
2026-09-25 08:29:21,40.96,40,47.93,AUT
2026-09-25 08:29:22,40.926,40,47.83,AUT
2026-09-25 08:29:23,40.926,40,47.71,AUT
2026-09-25 08:29:24,40.857,40,47.64,AUT
2026-09-25 08:29:25,40.884,40,47.52,AUT
2026-09-25 08:29:26,40.835,40,47.44,AUT
2026-09-25 08:29:27,40.847,40,47.33,AUT
2026-09-25 08:29:28,40.889,40,47.19,AUT
2026-09-25 08:29:29,40.935,40,47.05,AUT
2026-09-25 08:29:30,40.93,40,46.94,AUT
2026-09-25 08:29:31,41.02,40,46.77,AUT
2026-09-25 08:29:32,41.032,40,46.63,AUT
2026-09-25 08:29:33,41.088,40,46.47,AUT
2026-09-25 08:29:34,41.151,40,46.29,AUT
2026-09-25 08:29:35,40.594,40,46.5,AUT
2026-09-25 08:29:36,40.09,40,46.74,AUT
2026-09-25 08:29:37,39.874,40,46.86,AUT
2026-09-25 08:29:38,39.607,40,47.04,AUT
2026-09-25 08:29:39,39.376,40,47.24,AUT
2026-09-25 08:29:40,39.269,40,47.38,AUT
2026-09-25 08:29:41,39.162,40,47.54,AUT
2026-09-25 08:29:42,39.074,40,47.7,AUT
2026-09-25 08:29:43,39.014,40,47.85,AUT
2026-09-25 08:29:44,38.755,40,48.14,AUT
2026-09-25 08:29:45,38.626,40,48.38,AUT
2026-09-25 08:29:46,38.81,40,48.43,AUT
2026-09-25 08:29:47,38.533,40,48.75,AUT
2026-09-25 08:29:48,38.565,40,48.92,AUT
2026-09-25 08:29:49,38.622,40,49.06,AUT
2026-09-25 08:29:50,38.528,40,49.29,AUT
2026-09-25 08:29:51,38.355,40,49.58,AUT
2026-09-25 08:29:52,38.516,40,49.69,AUT
2026-09-25 08:29:53,38.523,40,49.87,AUT
2026-09-25 08:29:54,38.532,40,50.05,AUT
2026-09-25 08:29:55,38.461,40,50.28,AUT
2026-09-25 08:29:56,38.539,40,50.42,AUT
2026-09-25 08:29:57,38.466,40,50.65,AUT
2026-09-25 08:29:58,38.443,40,50.86,AUT
2026-09-25 08:29:59,38.467,40,51.03,AUT
2026-09-25 08:30:00,38.462,40,51.23,AUT
2026-09-25 08:30:01,38.335,40,51.5,AUT
2026-09-25 08:30:02,38.305,40,51.73,AUT
2026-09-25 08:30:03,38.412,40,51.87,AUT
2026-09-25 08:30:04,38.407,40,52.07,AUT
2026-09-25 08:30:05,38.575,40,52.17,AUT
2026-09-25 08:30:06,38.415,40,52.45,AUT
2026-09-25 08:30:07,38.428,40,52.64,AUT
2026-09-25 08:30:08,38.362,40,52.87,AUT
2026-09-25 08:30:09,38.777,40,52.82,AUT
2026-09-25 08:30:10,39.153,40,52.74,AUT
2026-09-25 08:30:11,39.494,40,52.63,AUT
2026-09-25 08:30:12,39.802,40,52.5,AUT
2026-09-25 08:30:13,39.828,40,52.51,AUT
2026-09-25 08:30:14,40.062,40,52.39,AUT
2026-09-25 08:30:15,40.432,40,52.15,AUT
2026-09-25 08:30:16,40.382,40,52.12,AUT
2026-09-25 08:30:17,40.467,40,52.02,AUT
2026-09-25 08:30:18,40.622,40,51.87,AUT
2026-09-25 08:30:19,40.742,40,51.71,AUT
2026-09-25 08:30:20,40.659,40,51.67,AUT
2026-09-25 08:30:21,40.696,40,51.57,AUT
2026-09-25 08:30:22,40.904,40,51.35,AUT
2026-09-25 08:30:23,40.875,40,51.26,AUT
2026-09-25 08:30:24,40.897,40,51.13,AUT
2026-09-25 08:30:25,40.868,40,51.04,AUT
2026-09-25 08:30:26,40.955,40,50.88,AUT
2026-09-25 08:30:27,40.998,40,50.73,AUT
2026-09-25 08:30:28,41.004,40,50.6,AUT
2026-09-25 08:30:29,41.063,40,50.44,AUT
2026-09-25 08:30:30,40.99,40,50.35,AUT
2026-09-25 08:30:31,40.847,40,50.32,AUT
2026-09-25 08:30:32,40.978,40,50.13,AUT
2026-09-25 08:30:33,41.097,40,49.93,AUT
2026-09-25 08:30:34,40.986,40,49.87,AUT
2026-09-25 08:30:35,40.892,40,49.8,AUT
2026-09-25 08:30:36,40.84,40,49.72,AUT
2026-09-25 08:30:37,40.867,40,49.6,AUT
2026-09-25 08:30:38,41.028,40,49.39,AUT
2026-09-25 08:30:39,40.781,40,49.42,AUT
2026-09-25 08:30:40,40.88,40,49.26,AUT
2026-09-25 08:30:41,41.012,40,49.07,AUT
2026-09-25 08:30:42,40.937,40,48.99,AUT
2026-09-25 08:30:43,40.938,40,48.87,AUT
2026-09-25 08:30:44,40.935,40,48.75,AUT
2026-09-25 08:30:45,40.994,40,48.6,AUT
2026-09-25 08:30:46,41.001,40,48.47,AUT
2026-09-25 08:30:47,41.062,40,48.31,AUT
2026-09-25 08:30:48,41.148,40,48.12,AUT
2026-09-25 08:30:49,40.971,40,48.09,AUT
2026-09-25 08:30:50,40.919,40,48,AUT
2026-09-25 08:30:51,41.022,40,47.82,AUT
2026-09-25 08:30:52,41.018,40,47.69,AUT
2026-09-25 08:30:53,41.058,40,47.54,AUT
2026-09-25 08:30:54,41.058,40,47.41,AUT
2026-09-25 08:30:55,41.045,40,47.29,AUT
2026-09-25 08:30:56,40.991,40,47.19,AUT
2026-09-25 08:30:57,41.03,40,47.04,AUT
2026-09-25 08:30:58,41.034,40,46.91,AUT
2026-09-25 08:30:59,41.177,40,46.69,AUT
2026-09-25 08:31:00,41.131,40,46.57,AUT
2026-09-25 08:31:01,41.271,40,46.34,AUT
2026-09-25 08:31:02,40.691,40,46.55,AUT
2026-09-25 08:31:03,40.332,40,46.68,AUT
2026-09-25 08:31:04,40.097,40,46.79,AUT
2026-09-25 08:31:05,39.725,40,47.01,AUT
2026-09-25 08:31:06,39.48,40,47.2,AUT
2026-09-25 08:31:07,39.408,40,47.31,AUT
2026-09-25 08:31:08,39.312,40,47.44,AUT
2026-09-25 08:31:09,39.026,40,47.71,AUT
2026-09-25 08:31:10,38.951,40,47.88,AUT
2026-09-25 08:31:11,39.015,40,47.97,AUT
2026-09-25 08:31:12,38.919,40,48.15,AUT
2026-09-25 08:31:13,38.832,40,48.34,AUT
2026-09-25 08:31:14,38.792,40,48.51,AUT
2026-09-25 08:31:15,38.906,40,48.59,AUT
2026-09-25 08:31:16,38.694,40,48.86,AUT
2026-09-25 08:31:17,38.782,40,48.97,AUT
2026-09-25 08:31:18,38.7,40,49.17,AUT
2026-09-25 08:31:19,38.598,40,49.4,AUT
2026-09-25 08:31:20,38.623,40,49.56,AUT
2026-09-25 08:31:21,38.563,40,49.77,AUT
2026-09-25 08:31:22,38.697,40,49.86,AUT
2026-09-25 08:31:23,38.664,40,50.05,AUT
2026-09-25 08:31:24,38.474,40,50.33,AUT
2026-09-25 08:31:25,38.528,40,50.49,AUT
2026-09-25 08:31:26,38.578,40,50.64,AUT
2026-09-25 08:31:27,38.53,40,50.85,AUT
2026-09-25 08:31:28,38.79,40,50.87,AUT
2026-09-25 08:31:29,38.794,40,51.02,AUT
2026-09-25 08:31:30,38.724,40,51.21,AUT
2026-09-25 08:31:31,38.824,40,51.31,AUT
2026-09-25 08:31:32,38.576,40,51.61,AUT
2026-09-25 08:31:33,38.773,40,51.67,AUT
2026-09-25 08:31:34,38.703,40,51.86,AUT
2026-09-25 08:31:35,38.628,40,52.07,AUT
2026-09-25 08:31:36,38.607,40,52.26,AUT
2026-09-25 08:31:37,38.804,40,52.31,AUT
2026-09-25 08:31:38,38.583,40,52.6,AUT
2026-09-25 08:31:39,38.642,40,52.74,AUT
2026-09-25 08:31:40,38.912,40,52.74,AUT
2026-09-25 08:31:41,39.443,40,52.54,AUT
2026-09-25 08:31:42,39.853,40,52.36,AUT
2026-09-25 08:31:43,39.806,40,52.4,AUT
2026-09-25 08:31:44,40.179,40,52.19,AUT
2026-09-25 08:31:45,40.38,40,52.05,AUT
2026-09-25 08:31:46,40.211,40,52.1,AUT
2026-09-25 08:31:47,40.732,40,51.75,AUT
2026-09-25 08:31:48,40.705,40,51.68,AUT
2026-09-25 08:31:49,40.859,40,51.49,AUT
2026-09-25 08:31:50,40.939,40,51.34,AUT
2026-09-25 08:31:51,40.973,40,51.2,AUT
2026-09-25 08:31:52,40.998,40,51.06,AUT
2026-09-25 08:31:53,41.054,40,50.9,AUT
2026-09-25 08:31:54,41.135,40,50.72,AUT
2026-09-25 08:31:55,41.029,40,50.64,AUT
2026-09-25 08:31:56,40.972,40,50.55,AUT
2026-09-25 08:31:57,41.121,40,50.34,AUT
2026-09-25 08:31:58,41.185,40,50.15,AUT
2026-09-25 08:31:59,41.205,40,49.99,AUT
2026-09-25 08:32:00,41.03,40,49.95,AUT
2026-09-25 08:32:01,41.195,40,49.72,AUT
2026-09-25 08:32:02,41.14,40,49.61,AUT
2026-09-25 08:32:03,41.136,40,49.47,AUT
2026-09-25 08:32:04,41.278,40,49.24,AUT
2026-09-25 08:32:05,41.195,40,49.13,AUT
2026-09-25 08:32:06,40.982,40,49.11,AUT
2026-09-25 08:32:07,41.214,40,48.84,AUT
2026-09-25 08:32:08,41.225,40,48.68,AUT
2026-09-25 08:32:09,41.239,40,48.52,AUT
2026-09-25 08:32:10,41.216,40,48.38,AUT
2026-09-25 08:32:11,41.029,40,48.35,AUT
2026-09-25 08:32:12,41.213,40,48.1,AUT
2026-09-25 08:32:13,41.126,40,48.01,AUT
2026-09-25 08:32:14,41.076,40,47.9,AUT
2026-09-25 08:32:15,41.014,40,47.8,AUT
2026-09-25 08:32:16,41.026,40,47.67,AUT
2026-09-25 08:32:17,41.027,40,47.54,AUT
2026-09-25 08:32:18,41.095,40,47.37,AUT
2026-09-25 08:32:19,41.028,40,47.27,AUT
2026-09-25 08:32:20,40.955,40,47.19,AUT
2026-09-25 08:32:21,40.89,40,47.11,AUT
2026-09-25 08:32:22,41.029,40,46.91,AUT
2026-09-25 08:32:23,40.915,40,46.86,AUT
2026-09-25 08:32:24,41.066,40,46.65,AUT
2026-09-25 08:32:25,41.08,40,46.5,AUT
2026-09-25 08:32:26,41.009,40,46.41,AUT
2026-09-25 08:32:27,40.549,40,46.57,AUT
2026-09-25 08:32:28,40.304,40,46.66,AUT
2026-09-25 08:32:29,39.963,40,46.83,AUT
2026-09-25 08:32:30,39.589,40,47.07,AUT
2026-09-25 08:32:31,39.448,40,47.21,AUT
2026-09-25 08:32:32,39.363,40,47.33,AUT
2026-09-25 08:32:33,39.103,40,47.58,AUT
2026-09-25 08:32:34,39.124,40,47.68,AUT
2026-09-25 08:32:35,38.873,40,47.94,AUT
2026-09-25 08:32:36,38.854,40,48.09,AUT
2026-09-25 08:32:37,38.861,40,48.23,AUT
2026-09-25 08:32:38,38.777,40,48.43,AUT
2026-09-25 08:32:39,38.759,40,48.59,AUT
2026-09-25 08:32:40,38.683,40,48.8,AUT
2026-09-25 08:32:41,38.688,40,48.96,AUT
2026-09-25 08:32:42,38.641,40,49.15,AUT
2026-09-25 08:32:43,38.821,40,49.21,AUT
2026-09-25 08:32:44,38.802,40,49.37,AUT
2026-09-25 08:32:45,38.799,40,49.52,AUT
2026-09-25 08:32:46,38.923,40,49.59,AUT
2026-09-25 08:32:47,38.671,40,49.88,AUT
2026-09-25 08:32:48,38.729,40,50.01,AUT
2026-09-25 08:32:49,38.66,40,50.22,AUT
2026-09-25 08:32:50,38.771,40,50.31,AUT
2026-09-25 08:32:51,38.616,40,50.56,AUT
2026-09-25 08:32:52,38.691,40,50.69,AUT
2026-09-25 08:32:53,38.739,40,50.82,AUT
2026-09-25 08:32:54,38.61,40,51.06,AUT
2026-09-25 08:32:55,38.62,40,51.23,AUT
2026-09-25 08:32:56,38.629,40,51.4,AUT
2026-09-25 08:32:57,38.468,40,51.67,AUT
2026-09-25 08:32:58,38.578,40,51.79,AUT
2026-09-25 08:32:59,38.564,40,51.98,AUT
2026-09-25 08:33:00,38.509,40,52.19,AUT
2026-09-25 08:33:01,38.549,40,52.35,AUT
2026-09-25 08:33:02,38.459,40,52.59,AUT
2026-09-25 08:33:03,38.455,40,52.79,AUT
2026-09-25 08:33:04,38.924,40,52.69,AUT
2026-09-25 08:33:05,39.361,40,52.55,AUT
2026-09-25 08:33:06,39.428,40,52.58,AUT
2026-09-25 08:33:07,39.734,40,52.47,AUT
2026-09-25 08:33:08,40.005,40,52.33,AUT
2026-09-25 08:33:09,40.107,40,52.26,AUT
2026-09-25 08:33:10,40.229,40,52.17,AUT
2026-09-25 08:33:11,40.477,40,51.99,AUT
2026-09-25 08:33:12,40.434,40,51.96,AUT
2026-09-25 08:33:13,40.367,40,51.95,AUT
2026-09-25 08:33:14,40.56,40,51.78,AUT
2026-09-25 08:33:15,40.577,40,51.7,AUT
2026-09-25 08:33:16,40.446,40,51.71,AUT
2026-09-25 08:33:17,40.616,40,51.55,AUT
2026-09-25 08:33:18,40.521,40,51.53,AUT
2026-09-25 08:33:19,40.574,40,51.43,AUT
2026-09-25 08:33:20,40.613,40,51.33,AUT
2026-09-25 08:33:21,40.555,40,51.29,AUT
2026-09-25 08:33:22,40.507,40,51.25,AUT
2026-09-25 08:33:23,40.582,40,51.14,AUT
2026-09-25 08:33:24,40.524,40,51.11,AUT
2026-09-25 08:33:25,40.613,40,50.99,AUT
2026-09-25 08:33:26,40.457,40,51.01,AUT
2026-09-25 08:33:27,40.501,40,50.92,AUT
2026-09-25 08:33:28,40.592,40,50.8,AUT
2026-09-25 08:33:29,40.476,40,50.8,AUT
2026-09-25 08:33:30,40.432,40,50.77,AUT
2026-09-25 08:33:31,40.376,40,50.75,AUT
2026-09-25 08:33:32,40.537,40,50.6,AUT
2026-09-25 08:33:33,40.423,40,50.61,AUT
2026-09-25 08:33:34,40.344,40,50.6,AUT
2026-09-25 08:33:35,40.442,40,50.5,AUT
2026-09-25 08:33:36,40.408,40,50.47,AUT
2026-09-25 08:33:37,40.599,40,50.3,AUT
2026-09-25 08:33:38,40.446,40,50.32,AUT
2026-09-25 08:33:39,40.464,40,50.25,AUT
2026-09-25 08:33:40,40.432,40,50.21,AUT
2026-09-25 08:33:41,40.33,40,50.22,AUT
2026-09-25 08:33:42,40.248,40,50.23,AUT
2026-09-25 08:33:43,40.518,40,50.03,AUT
2026-09-25 08:33:44,40.43,40,50.02,AUT
2026-09-25 08:33:45,40.441,40,49.96,AUT
2026-09-25 08:33:46,40.206,40,50.05,AUT
2026-09-25 08:33:47,40.311,40,49.96,AUT
2026-09-25 08:33:48,40.267,40,49.95,AUT
2026-09-25 08:33:49,40.353,40,49.86,AUT
2026-09-25 08:33:50,40.4,40,49.79,AUT
2026-09-25 08:33:51,40.479,40,49.69,AUT
2026-09-25 08:33:52,40.489,40,49.62,AUT
2026-09-25 08:33:53,40.538,40,49.53,AUT
2026-09-25 08:33:54,40.574,40,49.44,AUT
2026-09-25 08:33:55,40.69,40,49.3,AUT
2026-09-25 08:33:56,40.64,40,49.24,AUT
2026-09-25 08:33:57,40.47,40,49.27,AUT
2026-09-25 08:33:58,40.543,40,49.16,AUT
2026-09-25 08:33:59,40.523,40,49.11,AUT
2026-09-25 08:34:00,40.547,40,49.03,AUT
2026-09-25 08:34:01,40.709,40,48.86,AUT
2026-09-25 08:34:02,40.523,40,48.89,AUT
2026-09-25 08:34:03,40.339,40,48.94,AUT
2026-09-25 08:34:04,40.436,40,48.83,AUT
2026-09-25 08:34:05,40.404,40,48.8,AUT
2026-09-25 08:34:06,40.409,40,48.75,AUT
2026-09-25 08:34:07,40.56,40,48.6,AUT
2026-09-25 08:34:08,40.356,40,48.66,AUT
2026-09-25 08:34:09,40.537,40,48.5,AUT
2026-09-25 08:34:10,40.503,40,48.45,AUT
2026-09-25 08:34:11,40.473,40,48.41,AUT
2026-09-25 08:34:12,40.507,40,48.33,AUT
2026-09-25 08:34:13,40.407,40,48.33,AUT
2026-09-25 08:34:14,40.323,40,48.33,AUT
2026-09-25 08:34:15,40.394,40,48.25,AUT
2026-09-25 08:34:16,40.42,40,48.18,AUT
2026-09-25 08:34:17,40.523,40,48.06,AUT
2026-09-25 08:34:18,40.433,40,48.05,AUT
2026-09-25 08:34:19,40.354,40,48.05,AUT
2026-09-25 08:34:20,40.455,40,47.94,AUT
2026-09-25 08:34:21,40.334,40,47.96,AUT
2026-09-25 08:34:22,40.466,40,47.84,AUT
2026-09-25 08:34:23,40.299,40,47.88,AUT
2026-09-25 08:34:24,40.434,40,47.76,AUT
2026-09-25 08:34:25,40.385,40,47.74,AUT
2026-09-25 08:34:26,40.438,40,47.66,AUT
2026-09-25 08:34:27,40.579,40,47.51,AUT
2026-09-25 08:34:28,40.51,40,47.48,AUT
2026-09-25 08:34:29,40.389,40,47.5,AUT
2026-09-25 08:34:30,40.419,40,47.43,AUT
2026-09-25 08:34:31,40.465,40,47.35,AUT
2026-09-25 08:34:32,40.448,40,47.3,AUT
2026-09-25 08:34:33,40.498,40,47.21,AUT
2026-09-25 08:34:34,40.404,40,47.21,AUT
2026-09-25 08:34:35,40.387,40,47.17,AUT
2026-09-25 08:34:36,40.429,40,47.09,AUT
2026-09-25 08:34:37,40.307,40,47.12,AUT
2026-09-25 08:34:38,40.545,40,46.93,AUT
2026-09-25 08:34:39,40.419,40,46.94,AUT
2026-09-25 08:34:40,40.495,40,46.84,AUT
2026-09-25 08:34:41,40.296,40,46.9,AUT
2026-09-25 08:34:42,40.386,40,46.81,AUT
2026-09-25 08:34:43,40.354,40,46.78,AUT
2026-09-25 08:34:44,40.493,40,46.65,AUT
2026-09-25 08:34:45,40.447,40,46.62,AUT
2026-09-25 08:34:46,40.311,40,46.65,AUT
2026-09-25 08:34:47,40.465,40,46.51,AUT
2026-09-25 08:34:48,40.504,40,46.43,AUT
2026-09-25 08:34:49,39.848,40,46.78,AUT
2026-09-25 08:34:50,39.621,40,46.94,AUT
2026-09-25 08:34:51,39.483,40,47.07,AUT
2026-09-25 08:34:52,39.193,40,47.32,AUT
2026-09-25 08:34:53,38.919,40,47.59,AUT
2026-09-25 08:34:54,38.64,40,47.9,AUT
2026-09-25 08:34:55,38.523,40,48.14,AUT
2026-09-25 08:34:56,38.481,40,48.35,AUT
2026-09-25 08:34:57,38.471,40,48.55,AUT
2026-09-25 08:34:58,38.192,40,48.91,AUT
2026-09-25 08:34:59,38.327,40,49.06,AUT
2026-09-25 08:35:00,38.296,40,49.28,AUT
2026-09-25 08:35:01,38.046,40,49.65,AUT
2026-09-25 08:35:02,38.038,40,49.9,AUT
2026-09-25 08:35:03,38.145,40,50.08,AUT
2026-09-25 08:35:04,38.073,40,50.36,AUT
2026-09-25 08:35:05,38.067,40,50.6,AUT
2026-09-25 08:35:06,38.093,40,50.83,AUT
2026-09-25 08:35:07,38.024,40,51.11,AUT
2026-09-25 08:35:08,38.226,40,51.23,AUT
2026-09-25 08:35:09,37.97,40,51.61,AUT
2026-09-25 08:35:10,38.054,40,51.81,AUT
2026-09-25 08:35:11,38.021,40,52.08,AUT
2026-09-25 08:35:12,37.983,40,52.35,AUT
2026-09-25 08:35:13,38.122,40,52.51,AUT
2026-09-25 08:35:14,37.926,40,52.87,AUT
2026-09-25 08:35:15,38.518,40,52.76,AUT
2026-09-25 08:35:16,38.886,40,52.72,AUT
2026-09-25 08:35:17,39.181,40,52.67,AUT
2026-09-25 08:35:18,39.426,40,52.62,AUT
2026-09-25 08:35:19,39.652,40,52.55,AUT
2026-09-25 08:35:20,39.778,40,52.51,AUT
2026-09-25 08:35:21,39.953,40,52.43,AUT
2026-09-25 08:35:22,39.899,40,52.47,AUT
2026-09-25 08:35:23,39.968,40,52.44,AUT
2026-09-25 08:35:24,40.147,40,52.33,AUT
2026-09-25 08:35:25,40.257,40,52.25,AUT
2026-09-25 08:35:26,40.273,40,52.2,AUT
2026-09-25 08:35:27,40.454,40,52.06,AUT
2026-09-25 08:35:28,40.354,40,52.06,AUT
2026-09-25 08:35:29,40.527,40,51.91,AUT
2026-09-25 08:35:30,40.283,40,52,AUT
2026-09-25 08:35:31,40.553,40,51.79,AUT
2026-09-25 08:35:32,40.445,40,51.79,AUT
2026-09-25 08:35:33,40.612,40,51.63,AUT
2026-09-25 08:35:34,40.665,40,51.52,AUT
2026-09-25 08:35:35,40.466,40,51.56,AUT
2026-09-25 08:35:36,40.645,40,51.39,AUT
2026-09-25 08:35:37,40.348,40,51.5,AUT
2026-09-25 08:35:38,40.577,40,51.31,AUT
2026-09-25 08:35:39,40.536,40,51.27,AUT
2026-09-25 08:35:40,40.548,40,51.19,AUT
2026-09-25 08:35:41,40.558,40,51.12,AUT
2026-09-25 08:35:42,40.664,40,50.98,AUT
2026-09-25 08:35:43,40.562,40,50.96,AUT
2026-09-25 08:35:44,40.665,40,50.83,AUT
2026-09-25 08:35:45,40.629,40,50.77,AUT
2026-09-25 08:35:46,40.718,40,50.63,AUT
2026-09-25 08:35:47,40.538,40,50.65,AUT
2026-09-25 08:35:48,40.66,40,50.51,AUT
2026-09-25 08:35:49,40.532,40,50.51,AUT
2026-09-25 08:35:50,40.526,40,50.45,AUT
2026-09-25 08:35:51,40.606,40,50.33,AUT
2026-09-25 08:35:52,40.714,40,50.19,AUT
2026-09-25 08:35:53,40.556,40,50.2,AUT
2026-09-25 08:35:54,40.645,40,50.07,AUT
2026-09-25 08:35:55,40.465,40,50.1,AUT
2026-09-25 08:35:56,40.49,40,50.03,AUT
2026-09-25 08:35:57,40.609,40,49.89,AUT
2026-09-25 08:35:58,40.667,40,49.78,AUT
2026-09-25 08:35:59,40.639,40,49.72,AUT
2026-09-25 08:36:00,40.565,40,49.68,AUT
2026-09-25 08:36:01,40.733,40,49.51,AUT
2026-09-25 08:36:02,40.57,40,49.52,AUT
2026-09-25 08:36:03,40.639,40,49.4,AUT
2026-09-25 08:36:04,40.683,40,49.29,AUT
2026-09-25 08:36:05,40.576,40,49.28,AUT
2026-09-25 08:36:06,40.61,40,49.18,AUT
2026-09-25 08:36:07,40.805,40,48.98,AUT
2026-09-25 08:36:08,40.594,40,49.02,AUT
2026-09-25 08:36:09,40.757,40,48.84,AUT
2026-09-25 08:36:10,40.642,40,48.82,AUT
2026-09-25 08:36:11,40.619,40,48.75,AUT
2026-09-25 08:36:12,40.697,40,48.63,AUT
2026-09-25 08:36:13,40.565,40,48.62,AUT
2026-09-25 08:36:14,40.557,40,48.55,AUT
2026-09-25 08:36:15,40.72,40,48.38,AUT
2026-09-25 08:36:16,40.544,40,48.4,AUT
2026-09-25 08:36:17,40.691,40,48.24,AUT
2026-09-25 08:36:18,40.662,40,48.18,AUT
2026-09-25 08:36:19,40.647,40,48.1,AUT
2026-09-25 08:36:20,40.482,40,48.12,AUT
2026-09-25 08:36:21,40.49,40,48.06,AUT
2026-09-25 08:36:22,40.46,40,48.02,AUT
2026-09-25 08:36:23,40.655,40,47.84,AUT
2026-09-25 08:36:24,40.611,40,47.78,AUT
2026-09-25 08:36:25,40.436,40,47.82,AUT
2026-09-25 08:36:26,40.42,40,47.77,AUT
2026-09-25 08:36:27,40.441,40,47.71,AUT
2026-09-25 08:36:28,40.451,40,47.64,AUT
2026-09-25 08:36:29,40.497,40,47.56,AUT
2026-09-25 08:36:30,40.518,40,47.48,AUT
2026-09-25 08:36:31,40.534,40,47.41,AUT
2026-09-25 08:36:32,40.429,40,47.41,AUT
2026-09-25 08:36:33,40.568,40,47.27,AUT
2026-09-25 08:36:34,40.501,40,47.24,AUT
2026-09-25 08:36:35,40.493,40,47.18,AUT
2026-09-25 08:36:36,40.599,40,47.05,AUT
2026-09-25 08:36:37,40.583,40,46.99,AUT
2026-09-25 08:36:38,40.359,40,47.05,AUT
2026-09-25 08:36:39,40.488,40,46.93,AUT
2026-09-25 08:36:40,40.476,40,46.88,AUT
2026-09-25 08:36:41,40.296,40,46.93,AUT
2026-09-25 08:36:42,40.351,40,46.86,AUT
2026-09-25 08:36:43,40.345,40,46.82,AUT
2026-09-25 08:36:44,40.581,40,46.63,AUT
2026-09-25 08:36:45,40.406,40,46.66,AUT
2026-09-25 08:36:46,40.295,40,46.68,AUT
2026-09-25 08:36:47,40.435,40,46.56,AUT
2026-09-25 08:36:48,40.443,40,46.5,AUT
2026-09-25 08:36:49,40.466,40,46.43,AUT
2026-09-25 08:36:50,39.945,40,46.7,AUT
2026-09-25 08:36:51,39.734,40,46.83,AUT
2026-09-25 08:36:52,39.463,40,47.04,AUT
2026-09-25 08:36:53,39.197,40,47.27,AUT
2026-09-25 08:36:54,39.134,40,47.41,AUT
2026-09-25 08:36:55,38.679,40,47.8,AUT
2026-09-25 08:36:56,38.453,40,48.11,AUT
2026-09-25 08:36:57,38.474,40,48.29,AUT
2026-09-25 08:36:58,38.439,40,48.5,AUT
2026-09-25 08:36:59,38.291,40,48.79,AUT
2026-09-25 08:37:00,38.143,40,49.1,AUT
2026-09-25 08:37:01,38.219,40,49.28,AUT
2026-09-25 08:37:02,38.152,40,49.55,AUT
2026-09-25 08:37:03,38.156,40,49.77,AUT
2026-09-25 08:37:04,38.042,40,50.08,AUT
2026-09-25 08:37:05,38.063,40,50.31,AUT
2026-09-25 08:37:06,38.111,40,50.52,AUT
2026-09-25 08:37:07,38.201,40,50.7,AUT
2026-09-25 08:37:08,38.116,40,50.98,AUT
2026-09-25 08:37:09,38.056,40,51.25,AUT
2026-09-25 08:37:10,37.942,40,51.56,AUT
2026-09-25 08:37:11,37.968,40,51.81,AUT
2026-09-25 08:37:12,37.984,40,52.05,AUT
2026-09-25 08:37:13,38.046,40,52.26,AUT
2026-09-25 08:37:14,37.906,40,52.59,AUT
2026-09-25 08:37:15,37.985,40,52.81,AUT
2026-09-25 08:37:16,38.475,40,52.75,AUT
2026-09-25 08:37:17,38.942,40,52.65,AUT
2026-09-25 08:37:18,39.262,40,52.58,AUT
2026-09-25 08:37:19,39.399,40,52.59,AUT
2026-09-25 08:37:20,39.62,40,52.53,AUT
2026-09-25 08:37:21,39.846,40,52.43,AUT
2026-09-25 08:37:22,40.033,40,52.34,AUT
2026-09-25 08:37:23,40.126,40,52.27,AUT
2026-09-25 08:37:24,40.271,40,52.17,AUT
2026-09-25 08:37:25,40.408,40,52.05,AUT
2026-09-25 08:37:26,40.235,40,52.1,AUT
2026-09-25 08:37:27,40.552,40,51.88,AUT
2026-09-25 08:37:28,40.474,40,51.86,AUT
2026-09-25 08:37:29,40.573,40,51.74,AUT
2026-09-25 08:37:30,40.69,40,51.59,AUT
2026-09-25 08:37:31,40.557,40,51.59,AUT
2026-09-25 08:37:32,40.658,40,51.46,AUT
2026-09-25 08:37:33,40.601,40,51.41,AUT
2026-09-25 08:37:34,40.592,40,51.34,AUT
2026-09-25 08:37:35,40.578,40,51.27,AUT
2026-09-25 08:37:36,40.589,40,51.19,AUT
2026-09-25 08:37:37,40.512,40,51.17,AUT
2026-09-25 08:37:38,40.465,40,51.13,AUT
2026-09-25 08:37:39,40.658,40,50.96,AUT
2026-09-25 08:37:40,40.636,40,50.89,AUT
2026-09-25 08:37:41,40.474,40,50.91,AUT
2026-09-25 08:37:42,40.531,40,50.81,AUT
2026-09-25 08:37:43,40.561,40,50.73,AUT
2026-09-25 08:37:44,40.679,40,50.59,AUT
2026-09-25 08:37:45,40.501,40,50.61,AUT
2026-09-25 08:37:46,40.582,40,50.5,AUT
2026-09-25 08:37:47,40.586,40,50.42,AUT
2026-09-25 08:37:48,40.653,40,50.31,AUT
2026-09-25 08:37:49,40.517,40,50.31,AUT
2026-09-25 08:37:50,40.383,40,50.33,AUT
2026-09-25 08:37:51,40.441,40,50.25,AUT
2026-09-25 08:37:52,40.619,40,50.08,AUT
2026-09-25 08:37:53,40.48,40,50.09,AUT
2026-09-25 08:37:54,40.497,40,50.02,AUT
2026-09-25 08:37:55,40.424,40,50,AUT
2026-09-25 08:37:56,40.373,40,49.98,AUT
2026-09-25 08:37:57,40.492,40,49.86,AUT
2026-09-25 08:37:58,40.525,40,49.78,AUT
2026-09-25 08:37:59,40.408,40,49.79,AUT
2026-09-25 08:38:00,40.576,40,49.63,AUT
2026-09-25 08:38:01,40.52,40,49.59,AUT
2026-09-25 08:38:02,40.56,40,49.5,AUT
2026-09-25 08:38:03,40.477,40,49.48,AUT
2026-09-25 08:38:04,40.476,40,49.43,AUT
2026-09-25 08:38:05,40.696,40,49.23,AUT
2026-09-25 08:38:06,40.551,40,49.23,AUT
2026-09-25 08:38:07,40.429,40,49.24,AUT
2026-09-25 08:38:08,40.426,40,49.19,AUT
2026-09-25 08:38:09,40.442,40,49.12,AUT
2026-09-25 08:38:10,40.526,40,49.02,AUT
2026-09-25 08:38:11,40.59,40,48.91,AUT
2026-09-25 08:38:12,40.518,40,48.88,AUT
2026-09-25 08:38:13,40.431,40,48.87,AUT
2026-09-25 08:38:14,40.549,40,48.74,AUT
2026-09-25 08:38:15,40.565,40,48.67,AUT
2026-09-25 08:38:16,40.391,40,48.7,AUT
2026-09-25 08:38:17,40.603,40,48.52,AUT
2026-09-25 08:38:18,40.581,40,48.46,AUT
2026-09-25 08:38:19,40.518,40,48.43,AUT
2026-09-25 08:38:20,40.464,40,48.4,AUT
2026-09-25 08:38:21,40.528,40,48.3,AUT
2026-09-25 08:38:22,40.557,40,48.21,AUT
2026-09-25 08:38:23,40.585,40,48.13,AUT
2026-09-25 08:38:24,40.545,40,48.08,AUT
2026-09-25 08:38:25,40.627,40,47.96,AUT
2026-09-25 08:38:26,40.653,40,47.87,AUT
2026-09-25 08:38:27,40.588,40,47.82,AUT
2026-09-25 08:38:28,40.711,40,47.67,AUT
2026-09-25 08:38:29,40.766,40,47.55,AUT
2026-09-25 08:38:30,40.745,40,47.47,AUT
2026-09-25 08:38:31,40.82,40,47.33,AUT
2026-09-25 08:38:32,40.803,40,47.24,AUT
2026-09-25 08:38:33,40.788,40,47.14,AUT
2026-09-25 08:38:34,40.955,40,46.94,AUT
2026-09-25 08:38:35,40.995,40,46.8,AUT
2026-09-25 08:38:36,40.864,40,46.76,AUT
2026-09-25 08:38:37,40.883,40,46.64,AUT
2026-09-25 08:38:38,40.955,40,46.48,AUT
2026-09-25 08:38:39,40.906,40,46.39,AUT
2026-09-25 08:38:40,40.515,40,46.52,AUT
2026-09-25 08:38:41,40.047,40,46.75,AUT
2026-09-25 08:38:42,39.81,40,46.89,AUT
2026-09-25 08:38:43,39.498,40,47.11,AUT
2026-09-25 08:38:44,39.31,40,47.29,AUT
2026-09-25 08:38:45,39.169,40,47.47,AUT
2026-09-25 08:38:46,38.911,40,47.73,AUT
2026-09-25 08:38:47,39.136,40,47.73,AUT
2026-09-25 08:38:48,38.984,40,47.93,AUT
2026-09-25 08:38:49,38.838,40,48.15,AUT
2026-09-25 08:38:50,38.898,40,48.26,AUT
2026-09-25 08:38:51,38.726,40,48.5,AUT
2026-09-25 08:38:52,38.795,40,48.62,AUT
2026-09-25 08:38:53,38.653,40,48.86,AUT
2026-09-25 08:38:54,38.735,40,48.97,AUT
2026-09-25 08:38:55,38.572,40,49.23,AUT
2026-09-25 08:38:56,38.669,40,49.35,AUT
2026-09-25 08:38:57,38.642,40,49.53,AUT
2026-09-25 08:38:58,38.797,40,49.61,AUT
2026-09-25 08:38:59,38.73,40,49.8,AUT
2026-09-25 08:39:00,38.626,40,50.02,AUT
2026-09-25 08:39:01,38.707,40,50.14,AUT
2026-09-25 08:39:02,38.638,40,50.35,AUT
2026-09-25 08:39:03,38.63,40,50.52,AUT
2026-09-25 08:39:04,38.681,40,50.66,AUT
2026-09-25 08:39:05,38.657,40,50.84,AUT
2026-09-25 08:39:06,38.609,40,51.04,AUT
2026-09-25 08:39:07,38.679,40,51.17,AUT
2026-09-25 08:39:08,38.667,40,51.34,AUT
2026-09-25 08:39:09,38.607,40,51.55,AUT
2026-09-25 08:39:10,38.682,40,51.68,AUT
2026-09-25 08:39:11,38.614,40,51.88,AUT
2026-09-25 08:39:12,38.754,40,51.97,AUT
2026-09-25 08:39:13,38.524,40,52.27,AUT
2026-09-25 08:39:14,38.547,40,52.44,AUT
2026-09-25 08:39:15,38.645,40,52.56,AUT
2026-09-25 08:39:16,38.507,40,52.81,AUT
2026-09-25 08:39:17,39.061,40,52.65,AUT
2026-09-25 08:39:18,39.545,40,52.47,AUT
2026-09-25 08:39:19,39.709,40,52.42,AUT
2026-09-25 08:39:20,39.857,40,52.37,AUT
2026-09-25 08:39:21,40.153,40,52.2,AUT
2026-09-25 08:39:22,40.269,40,52.11,AUT
2026-09-25 08:39:23,40.465,40,51.95,AUT
2026-09-25 08:39:24,40.629,40,51.79,AUT
2026-09-25 08:39:25,40.633,40,51.71,AUT
2026-09-25 08:39:26,40.74,40,51.57,AUT
2026-09-25 08:39:27,40.731,40,51.48,AUT
2026-09-25 08:39:28,40.792,40,51.35,AUT
2026-09-25 08:39:29,40.887,40,51.19,AUT
2026-09-25 08:39:30,40.934,40,51.05,AUT
2026-09-25 08:39:31,40.842,40,50.99,AUT
2026-09-25 08:39:32,40.95,40,50.82,AUT
2026-09-25 08:39:33,41.084,40,50.62,AUT
2026-09-25 08:39:34,41.134,40,50.45,AUT
2026-09-25 08:39:35,41.093,40,50.33,AUT
2026-09-25 08:39:36,40.84,40,50.35,AUT
2026-09-25 08:39:37,40.909,40,50.21,AUT
2026-09-25 08:39:38,40.956,40,50.06,AUT
2026-09-25 08:39:39,40.949,40,49.95,AUT
2026-09-25 08:39:40,40.977,40,49.81,AUT
2026-09-25 08:39:41,40.942,40,49.71,AUT
2026-09-25 08:39:42,41.085,40,49.5,AUT
2026-09-25 08:39:43,40.916,40,49.47,AUT
2026-09-25 08:39:44,40.829,40,49.41,AUT
2026-09-25 08:39:45,40.982,40,49.21,AUT
2026-09-25 08:39:46,40.801,40,49.21,AUT
2026-09-25 08:39:47,40.985,40,48.99,AUT
2026-09-25 08:39:48,40.901,40,48.92,AUT
2026-09-25 08:39:49,41.031,40,48.73,AUT
2026-09-25 08:39:50,40.75,40,48.77,AUT
2026-09-25 08:39:51,40.683,40,48.72,AUT
2026-09-25 08:39:52,40.865,40,48.52,AUT
2026-09-25 08:39:53,40.771,40,48.47,AUT
2026-09-25 08:39:54,40.854,40,48.32,AUT
2026-09-25 08:39:55,40.894,40,48.19,AUT
2026-09-25 08:39:56,40.896,40,48.08,AUT
2026-09-25 08:39:57,40.862,40,47.99,AUT
2026-09-25 08:39:58,40.813,40,47.91,AUT
2026-09-25 08:39:59,40.748,40,47.85,AUT
2026-09-25 08:40:00,40.841,40,47.7,AUT
2026-09-25 08:40:01,40.763,40,47.64,AUT
2026-09-25 08:40:02,40.681,40,47.6,AUT
2026-09-25 08:40:03,40.793,40,47.44,AUT
2026-09-25 08:40:04,40.795,40,47.34,AUT
2026-09-25 08:40:05,40.792,40,47.25,AUT
2026-09-25 08:40:06,40.873,40,47.1,AUT
2026-09-25 08:40:07,40.813,40,47.02,AUT
2026-09-25 08:40:08,40.701,40,46.99,AUT
2026-09-25 08:40:09,40.75,40,46.87,AUT
2026-09-25 08:40:10,40.792,40,46.75,AUT
2026-09-25 08:40:11,40.829,40,46.63,AUT
2026-09-25 08:40:12,40.793,40,46.55,AUT
2026-09-25 08:40:13,40.817,40,46.44,AUT
2026-09-25 08:40:14,40.486,40,46.54,AUT
2026-09-25 08:40:15,40.037,40,46.76,AUT
2026-09-25 08:40:16,39.784,40,46.92,AUT
2026-09-25 08:40:17,39.64,40,47.03,AUT
2026-09-25 08:40:18,39.313,40,47.28,AUT
2026-09-25 08:40:19,39.201,40,47.44,AUT
2026-09-25 08:40:20,39.023,40,47.65,AUT
2026-09-25 08:40:21,38.881,40,47.86,AUT
2026-09-25 08:40:22,39.039,40,47.9,AUT
2026-09-25 08:40:23,38.79,40,48.18,AUT
2026-09-25 08:40:24,38.796,40,48.32,AUT
2026-09-25 08:40:25,38.739,40,48.51,AUT
2026-09-25 08:40:26,38.724,40,48.68,AUT
2026-09-25 08:40:27,38.655,40,48.88,AUT
2026-09-25 08:40:28,38.572,40,49.1,AUT
2026-09-25 08:40:29,38.67,40,49.22,AUT
2026-09-25 08:40:30,38.562,40,49.45,AUT
2026-09-25 08:40:31,38.681,40,49.56,AUT
2026-09-25 08:40:32,38.631,40,49.75,AUT
2026-09-25 08:40:33,38.625,40,49.93,AUT
2026-09-25 08:40:34,38.608,40,50.11,AUT
2026-09-25 08:40:35,38.538,40,50.33,AUT
2026-09-25 08:40:36,38.586,40,50.48,AUT
2026-09-25 08:40:37,38.613,40,50.64,AUT
2026-09-25 08:40:38,38.544,40,50.86,AUT
2026-09-25 08:40:39,38.871,40,50.83,AUT
2026-09-25 08:40:40,38.614,40,51.14,AUT
2026-09-25 08:40:41,38.749,40,51.22,AUT
2026-09-25 08:40:42,38.561,40,51.5,AUT
2026-09-25 08:40:43,38.693,40,51.6,AUT
2026-09-25 08:40:44,38.539,40,51.86,AUT
2026-09-25 08:40:45,38.619,40,51.99,AUT
2026-09-25 08:40:46,38.717,40,52.1,AUT
2026-09-25 08:40:47,38.626,40,52.32,AUT
2026-09-25 08:40:48,38.707,40,52.44,AUT
2026-09-25 08:40:49,38.702,40,52.6,AUT
2026-09-25 08:40:50,38.533,40,52.87,AUT
2026-09-25 08:40:51,39.142,40,52.67,AUT
2026-09-25 08:40:52,39.442,40,52.59,AUT
2026-09-25 08:40:53,39.844,40,52.41,AUT
2026-09-25 08:40:54,40.099,40,52.27,AUT
2026-09-25 08:40:55,40.28,40,52.15,AUT
2026-09-25 08:40:56,40.487,40,51.98,AUT
2026-09-25 08:40:57,40.571,40,51.87,AUT
2026-09-25 08:40:58,40.586,40,51.79,AUT
2026-09-25 08:40:59,40.872,40,51.54,AUT
2026-09-25 08:41:00,40.77,40,51.49,AUT
2026-09-25 08:41:01,40.921,40,51.3,AUT
2026-09-25 08:41:02,40.999,40,51.14,AUT
2026-09-25 08:41:03,40.828,40,51.12,AUT
2026-09-25 08:41:04,41.047,40,50.88,AUT
2026-09-25 08:41:05,41.194,40,50.65,AUT
2026-09-25 08:41:06,41.115,40,50.56,AUT
2026-09-25 08:41:07,41.17,40,50.38,AUT
2026-09-25 08:41:08,41.183,40,50.23,AUT
2026-09-25 08:41:09,41.358,40,49.97,AUT
2026-09-25 08:41:10,41.213,40,49.89,AUT
2026-09-25 08:41:11,41.255,40,49.71,AUT
2026-09-25 08:41:12,41.318,40,49.52,AUT
2026-09-25 08:41:13,41.379,40,49.31,AUT
2026-09-25 08:41:14,41.244,40,49.23,AUT
2026-09-25 08:41:15,41.326,40,49.02,AUT
2026-09-25 08:41:16,41.448,40,48.78,AUT
2026-09-25 08:41:17,41.431,40,48.61,AUT
2026-09-25 08:41:18,41.34,40,48.48,AUT
2026-09-25 08:41:19,41.277,40,48.36,AUT
2026-09-25 08:41:20,41.277,40,48.2,AUT
2026-09-25 08:41:21,41.372,40,47.98,AUT
2026-09-25 08:41:22,41.297,40,47.85,AUT
2026-09-25 08:41:23,41.412,40,47.62,AUT
2026-09-25 08:41:24,41.427,40,47.43,AUT
2026-09-25 08:41:25,41.387,40,47.28,AUT
2026-09-25 08:41:26,41.477,40,47.05,AUT
2026-09-25 08:41:27,41.398,40,46.92,AUT
2026-09-25 08:41:28,41.423,40,46.72,AUT
2026-09-25 08:41:29,41.37,40,46.58,AUT
2026-09-25 08:41:30,41.394,40,46.39,AUT
2026-09-25 08:41:31,41.055,40,46.43,AUT
2026-09-25 08:41:32,40.651,40,46.55,AUT
2026-09-25 08:41:33,40.406,40,46.62,AUT
2026-09-25 08:41:34,40.143,40,46.74,AUT
2026-09-25 08:41:35,39.911,40,46.86,AUT
2026-09-25 08:41:36,39.72,40,47,AUT
2026-09-25 08:41:37,39.638,40,47.08,AUT
2026-09-25 08:41:38,39.556,40,47.18,AUT
2026-09-25 08:41:39,39.348,40,47.36,AUT
2026-09-25 08:41:40,39.307,40,47.47,AUT
2026-09-25 08:41:41,39.315,40,47.55,AUT
2026-09-25 08:41:42,39.146,40,47.74,AUT
2026-09-25 08:41:43,39.041,40,47.92,AUT
2026-09-25 08:41:44,39.335,40,47.85,AUT
2026-09-25 08:41:45,39.145,40,48.05,AUT
2026-09-25 08:41:46,39.331,40,48.04,AUT
2026-09-25 08:41:47,39.208,40,48.2,AUT
2026-09-25 08:41:48,38.987,40,48.44,AUT
2026-09-25 08:41:49,39.128,40,48.48,AUT
2026-09-25 08:41:50,39.223,40,48.53,AUT
2026-09-25 08:41:51,39.159,40,48.67,AUT
2026-09-25 08:41:52,39.065,40,48.83,AUT
2026-09-25 08:41:53,39.058,40,48.95,AUT
2026-09-25 08:41:54,39.155,40,49.01,AUT
2026-09-25 08:41:55,39.2,40,49.09,AUT
2026-09-25 08:41:56,39.147,40,49.22,AUT
2026-09-25 08:41:57,39.122,40,49.34,AUT
2026-09-25 08:41:58,39.341,40,49.32,AUT
2026-09-25 08:41:59,39.011,40,49.6,AUT
2026-09-25 08:42:00,38.969,40,49.75,AUT
2026-09-25 08:42:01,38.988,40,49.87,AUT
2026-09-25 08:42:02,38.952,40,50.02,AUT
2026-09-25 08:42:03,39.144,40,50.03,AUT
2026-09-25 08:42:04,39.174,40,50.12,AUT
2026-09-25 08:42:05,39.057,40,50.3,AUT
2026-09-25 08:42:06,38.955,40,50.48,AUT
2026-09-25 08:42:07,39.088,40,50.52,AUT
2026-09-25 08:42:08,38.935,40,50.73,AUT
2026-09-25 08:42:09,38.951,40,50.86,AUT
2026-09-25 08:42:10,39.122,40,50.88,AUT
2026-09-25 08:42:11,38.968,40,51.09,AUT
2026-09-25 08:42:12,38.985,40,51.21,AUT
2026-09-25 08:42:13,39.115,40,51.25,AUT
2026-09-25 08:42:14,39.149,40,51.34,AUT
2026-09-25 08:42:15,39.019,40,51.53,AUT
2026-09-25 08:42:16,39.049,40,51.63,AUT
2026-09-25 08:42:17,39.14,40,51.69,AUT
2026-09-25 08:42:18,39.241,40,51.74,AUT
2026-09-25 08:42:19,39.171,40,51.88,AUT
2026-09-25 08:42:20,39.13,40,52.01,AUT
2026-09-25 08:42:21,39.016,40,52.19,AUT
2026-09-25 08:42:22,39.049,40,52.29,AUT
2026-09-25 08:42:23,39.203,40,52.31,AUT
2026-09-25 08:42:24,39.186,40,52.42,AUT
2026-09-25 08:42:25,39.011,40,52.63,AUT
2026-09-25 08:42:26,39.065,40,52.72,AUT
2026-09-25 08:42:27,39.688,40,52.45,AUT
2026-09-25 08:42:28,40.081,40,52.24,AUT
2026-09-25 08:42:29,40.121,40,52.21,AUT
2026-09-25 08:42:30,40.322,40,52.07,AUT
2026-09-25 08:42:31,40.689,40,51.8,AUT
2026-09-25 08:42:32,40.766,40,51.66,AUT
2026-09-25 08:42:33,40.868,40,51.5,AUT
2026-09-25 08:42:34,41.02,40,51.3,AUT
2026-09-25 08:42:35,41.092,40,51.13,AUT
2026-09-25 08:42:36,41.153,40,50.95,AUT
2026-09-25 08:42:37,41.279,40,50.73,AUT
2026-09-25 08:42:38,41.295,40,50.56,AUT
2026-09-25 08:42:39,41.309,40,50.39,AUT
2026-09-25 08:42:40,41.239,40,50.27,AUT
2026-09-25 08:42:41,41.309,40,50.07,AUT
2026-09-25 08:42:42,41.317,40,49.9,AUT
2026-09-25 08:42:43,41.355,40,49.72,AUT
2026-09-25 08:42:44,41.534,40,49.43,AUT
2026-09-25 08:42:45,41.579,40,49.21,AUT
2026-09-25 08:42:46,41.434,40,49.11,AUT
2026-09-25 08:42:47,41.454,40,48.92,AUT
2026-09-25 08:42:48,41.383,40,48.78,AUT
2026-09-25 08:42:49,41.48,40,48.54,AUT
2026-09-25 08:42:50,41.456,40,48.37,AUT
2026-09-25 08:42:51,41.616,40,48.09,AUT
2026-09-25 08:42:52,41.521,40,47.95,AUT
2026-09-25 08:42:53,41.6,40,47.71,AUT
2026-09-25 08:42:54,41.437,40,47.61,AUT
2026-09-25 08:42:55,41.507,40,47.39,AUT
2026-09-25 08:42:56,41.596,40,47.15,AUT
2026-09-25 08:42:57,41.594,40,46.95,AUT
2026-09-25 08:42:58,41.573,40,46.76,AUT
2026-09-25 08:42:59,41.648,40,46.52,AUT
2026-09-25 08:43:00,41.73,40,46.26,AUT
2026-09-25 08:43:01,41.117,40,46.43,AUT
2026-09-25 08:43:02,40.617,40,46.6,AUT
2026-09-25 08:43:03,40.309,40,46.72,AUT
2026-09-25 08:43:04,40.246,40,46.72,AUT
2026-09-25 08:43:05,39.981,40,46.85,AUT
2026-09-25 08:43:06,39.901,40,46.9,AUT
2026-09-25 08:43:07,39.642,40,47.08,AUT
2026-09-25 08:43:08,39.603,40,47.15,AUT
2026-09-25 08:43:09,39.419,40,47.31,AUT
2026-09-25 08:43:10,39.489,40,47.34,AUT
2026-09-25 08:43:11,39.429,40,47.44,AUT
2026-09-25 08:43:12,39.367,40,47.55,AUT
2026-09-25 08:43:13,39.185,40,47.74,AUT
2026-09-25 08:43:14,39.067,40,47.92,AUT
2026-09-25 08:43:15,39.156,40,47.98,AUT
2026-09-25 08:43:16,39.147,40,48.09,AUT
2026-09-25 08:43:17,38.918,40,48.34,AUT
2026-09-25 08:43:18,38.874,40,48.5,AUT
2026-09-25 08:43:19,38.889,40,48.64,AUT
2026-09-25 08:43:20,38.988,40,48.71,AUT
2026-09-25 08:43:21,38.742,40,48.99,AUT
2026-09-25 08:43:22,38.694,40,49.18,AUT
2026-09-25 08:43:23,38.753,40,49.31,AUT
2026-09-25 08:43:24,38.732,40,49.48,AUT
2026-09-25 08:43:25,38.784,40,49.6,AUT
2026-09-25 08:43:26,38.778,40,49.76,AUT
2026-09-25 08:43:27,38.702,40,49.96,AUT
2026-09-25 08:43:28,38.586,40,50.19,AUT
2026-09-25 08:43:29,38.563,40,50.38,AUT
2026-09-25 08:43:30,38.577,40,50.55,AUT
2026-09-25 08:43:31,38.637,40,50.7,AUT
2026-09-25 08:43:32,38.652,40,50.86,AUT
2026-09-25 08:43:33,38.719,40,50.98,AUT
2026-09-25 08:43:34,38.709,40,51.15,AUT
2026-09-25 08:43:35,38.609,40,51.37,AUT
2026-09-25 08:43:36,38.841,40,51.4,AUT
2026-09-25 08:43:37,39.011,40,51.44,AUT
2026-09-25 08:43:38,38.771,40,51.71,AUT
2026-09-25 08:43:39,38.771,40,51.87,AUT
2026-09-25 08:43:40,38.811,40,52,AUT
2026-09-25 08:43:41,38.746,40,52.19,AUT
2026-09-25 08:43:42,38.888,40,52.25,AUT
2026-09-25 08:43:43,39.012,40,52.32,AUT
2026-09-25 08:43:44,38.743,40,52.61,AUT
2026-09-25 08:43:45,38.663,40,52.81,AUT
2026-09-25 08:43:46,39.319,40,52.57,AUT
2026-09-25 08:43:47,39.755,40,52.38,AUT
2026-09-25 08:43:48,40.006,40,52.26,AUT
2026-09-25 08:43:49,40.224,40,52.12,AUT
2026-09-25 08:43:50,40.454,40,51.95,AUT
2026-09-25 08:43:51,40.405,40,51.92,AUT
2026-09-25 08:43:52,40.635,40,51.73,AUT
2026-09-25 08:43:53,40.956,40,51.45,AUT
2026-09-25 08:43:54,40.895,40,51.37,AUT
2026-09-25 08:43:55,40.969,40,51.21,AUT
2026-09-25 08:43:56,40.946,40,51.1,AUT
2026-09-25 08:43:57,41.011,40,50.94,AUT
2026-09-25 08:43:58,41.17,40,50.72,AUT
2026-09-25 08:43:59,41.144,40,50.59,AUT
2026-09-25 08:44:00,41.123,40,50.46,AUT
2026-09-25 08:44:01,41.136,40,50.31,AUT
2026-09-25 08:44:02,41.263,40,50.09,AUT
2026-09-25 08:44:03,41.413,40,49.84,AUT
2026-09-25 08:44:04,41.346,40,49.7,AUT
2026-09-25 08:44:05,41.359,40,49.52,AUT
2026-09-25 08:44:06,41.311,40,49.39,AUT
2026-09-25 08:44:07,41.271,40,49.25,AUT
2026-09-25 08:44:08,41.352,40,49.04,AUT
2026-09-25 08:44:09,41.501,40,48.77,AUT
2026-09-25 08:44:10,41.311,40,48.71,AUT
2026-09-25 08:44:11,41.297,40,48.55,AUT
2026-09-25 08:44:12,41.326,40,48.37,AUT
2026-09-25 08:44:13,41.253,40,48.25,AUT
2026-09-25 08:44:14,41.174,40,48.14,AUT
2026-09-25 08:44:15,41.221,40,47.97,AUT
2026-09-25 08:44:16,41.303,40,47.76,AUT
2026-09-25 08:44:17,41.188,40,47.67,AUT
2026-09-25 08:44:18,41.212,40,47.51,AUT
2026-09-25 08:44:19,41.185,40,47.37,AUT
2026-09-25 08:44:20,41.263,40,47.18,AUT
2026-09-25 08:44:21,41.137,40,47.1,AUT
2026-09-25 08:44:22,41.2,40,46.92,AUT
2026-09-25 08:44:23,41.219,40,46.75,AUT
2026-09-25 08:44:24,41.043,40,46.71,AUT
2026-09-25 08:44:25,41.097,40,46.55,AUT
2026-09-25 08:44:26,41.007,40,46.47,AUT
2026-09-25 08:44:27,40.69,40,46.54,AUT
2026-09-25 08:44:28,40.259,40,46.72,AUT
2026-09-25 08:44:29,39.99,40,46.86,AUT
2026-09-25 08:44:30,39.831,40,46.96,AUT
2026-09-25 08:44:31,39.567,40,47.14,AUT
2026-09-25 08:44:32,39.296,40,47.37,AUT
2026-09-25 08:44:33,39.224,40,47.5,AUT
2026-09-25 08:44:34,39.082,40,47.69,AUT
2026-09-25 08:44:35,38.969,40,47.87,AUT
2026-09-25 08:44:36,38.929,40,48.03,AUT
2026-09-25 08:44:37,38.832,40,48.22,AUT
2026-09-25 08:44:38,38.776,40,48.4,AUT
2026-09-25 08:44:39,38.802,40,48.54,AUT
2026-09-25 08:44:40,38.65,40,48.78,AUT
2026-09-25 08:44:41,38.663,40,48.94,AUT
2026-09-25 08:44:42,38.603,40,49.15,AUT
2026-09-25 08:44:43,38.553,40,49.35,AUT
2026-09-25 08:44:44,38.743,40,49.42,AUT
2026-09-25 08:44:45,38.464,40,49.75,AUT
2026-09-25 08:44:46,38.53,40,49.9,AUT
2026-09-25 08:44:47,38.745,40,49.95,AUT
2026-09-25 08:44:48,38.587,40,50.2,AUT
2026-09-25 08:44:49,38.477,40,50.45,AUT
2026-09-25 08:44:50,38.475,40,50.64,AUT
2026-09-25 08:44:51,38.516,40,50.81,AUT
2026-09-25 08:44:52,38.514,40,50.99,AUT
2026-09-25 08:44:53,38.44,40,51.22,AUT
2026-09-25 08:44:54,38.562,40,51.34,AUT
2026-09-25 08:44:55,38.537,40,51.54,AUT
2026-09-25 08:44:56,38.569,40,51.7,AUT
2026-09-25 08:44:57,38.423,40,51.97,AUT
2026-09-25 08:44:58,38.646,40,52.03,AUT
2026-09-25 08:44:59,38.558,40,52.25,AUT
2026-09-25 08:45:00,38.456,40,52.5,AUT
2026-09-25 08:45:01,38.499,40,52.66,AUT
2026-09-25 08:45:02,38.47,40,52.87,AUT
2026-09-25 08:45:03,38.866,40,52.81,AUT
2026-09-25 08:45:04,39.198,40,52.75,AUT
2026-09-25 08:45:05,39.538,40,52.63,AUT
2026-09-25 08:45:06,39.761,40,52.55,AUT
2026-09-25 08:45:07,40.001,40,52.43,AUT
2026-09-25 08:45:08,40.2,40,52.31,AUT
2026-09-25 08:45:09,40.183,40,52.29,AUT
2026-09-25 08:45:10,40.386,40,52.14,AUT
2026-09-25 08:45:11,40.531,40,52.01,AUT
2026-09-25 08:45:12,40.607,40,51.89,AUT
2026-09-25 08:45:13,40.6,40,51.82,AUT
2026-09-25 08:45:14,40.552,40,51.78,AUT
2026-09-25 08:45:15,40.72,40,51.6,AUT
2026-09-25 08:45:16,40.772,40,51.48,AUT
2026-09-25 08:45:17,40.818,40,51.35,AUT
2026-09-25 08:45:18,40.656,40,51.35,AUT
2026-09-25 08:45:19,40.774,40,51.2,AUT
2026-09-25 08:45:20,40.886,40,51.03,AUT
2026-09-25 08:45:21,40.818,40,50.96,AUT
2026-09-25 08:45:22,40.721,40,50.92,AUT
2026-09-25 08:45:23,40.789,40,50.79,AUT
2026-09-25 08:45:24,40.72,40,50.73,AUT
2026-09-25 08:45:25,40.906,40,50.53,AUT
2026-09-25 08:45:26,40.824,40,50.46,AUT
2026-09-25 08:45:27,40.739,40,50.41,AUT
2026-09-25 08:45:28,40.79,40,50.29,AUT
2026-09-25 08:45:29,40.907,40,50.12,AUT
2026-09-25 08:45:30,40.785,40,50.08,AUT
2026-09-25 08:45:31,41.009,40,49.84,AUT
2026-09-25 08:45:32,40.665,40,49.93,AUT
2026-09-25 08:45:33,40.584,40,49.9,AUT
2026-09-25 08:45:34,40.875,40,49.64,AUT
2026-09-25 08:45:35,40.852,40,49.55,AUT
2026-09-25 08:45:36,40.853,40,49.44,AUT
2026-09-25 08:45:37,40.742,40,49.4,AUT
2026-09-25 08:45:38,40.836,40,49.25,AUT
2026-09-25 08:45:39,40.826,40,49.16,AUT
2026-09-25 08:45:40,40.779,40,49.08,AUT
2026-09-25 08:45:41,40.654,40,49.06,AUT
2026-09-25 08:45:42,40.76,40,48.91,AUT
2026-09-25 08:45:43,40.772,40,48.81,AUT
2026-09-25 08:45:44,40.731,40,48.74,AUT
2026-09-25 08:45:45,40.659,40,48.69,AUT
2026-09-25 08:45:46,40.685,40,48.6,AUT
2026-09-25 08:45:47,40.73,40,48.48,AUT
2026-09-25 08:45:48,40.672,40,48.43,AUT
2026-09-25 08:45:49,40.73,40,48.31,AUT
2026-09-25 08:45:50,40.642,40,48.27,AUT
2026-09-25 08:45:51,40.557,40,48.24,AUT
2026-09-25 08:45:52,40.712,40,48.08,AUT
2026-09-25 08:45:53,40.85,40,47.9,AUT
2026-09-25 08:45:54,40.665,40,47.91,AUT
2026-09-25 08:45:55,40.695,40,47.81,AUT
2026-09-25 08:45:56,40.478,40,47.86,AUT
2026-09-25 08:45:57,40.628,40,47.7,AUT
2026-09-25 08:45:58,40.54,40,47.68,AUT
2026-09-25 08:45:59,40.663,40,47.54,AUT
2026-09-25 08:46:00,40.635,40,47.47,AUT
2026-09-25 08:46:01,40.647,40,47.38,AUT
2026-09-25 08:46:02,40.629,40,47.31,AUT
2026-09-25 08:46:03,40.537,40,47.29,AUT
2026-09-25 08:46:04,40.627,40,47.17,AUT
2026-09-25 08:46:05,40.645,40,47.08,AUT
2026-09-25 08:46:06,40.766,40,46.92,AUT
2026-09-25 08:46:07,40.764,40,46.83,AUT
2026-09-25 08:46:08,40.744,40,46.75,AUT
2026-09-25 08:46:09,40.89,40,46.56,AUT
2026-09-25 08:46:10,40.802,40,46.51,AUT
2026-09-25 08:46:11,40.302,40,46.72,AUT
2026-09-25 08:46:12,39.944,40,46.9,AUT
2026-09-25 08:46:13,39.718,40,47.05,AUT
2026-09-25 08:46:14,39.441,40,47.26,AUT
2026-09-25 08:46:15,39.445,40,47.33,AUT
2026-09-25 08:46:16,39.161,40,47.58,AUT
2026-09-25 08:46:17,39.194,40,47.66,AUT
2026-09-25 08:46:18,39.043,40,47.86,AUT
2026-09-25 08:46:19,38.739,40,48.16,AUT
2026-09-25 08:46:20,38.79,40,48.29,AUT
2026-09-25 08:46:21,38.722,40,48.48,AUT
2026-09-25 08:46:22,38.736,40,48.63,AUT
2026-09-25 08:46:23,38.626,40,48.86,AUT
2026-09-25 08:46:24,38.809,40,48.92,AUT
2026-09-25 08:46:25,38.592,40,49.2,AUT
2026-09-25 08:46:26,38.589,40,49.38,AUT
2026-09-25 08:46:27,38.48,40,49.63,AUT
2026-09-25 08:46:28,38.444,40,49.84,AUT
2026-09-25 08:46:29,38.429,40,50.04,AUT
2026-09-25 08:46:30,38.567,40,50.15,AUT
2026-09-25 08:46:31,38.684,40,50.26,AUT
2026-09-25 08:46:32,38.491,40,50.54,AUT
2026-09-25 08:46:33,38.408,40,50.78,AUT
2026-09-25 08:46:34,38.36,40,51.01,AUT
2026-09-25 08:46:35,38.499,40,51.13,AUT
2026-09-25 08:46:36,38.399,40,51.38,AUT
2026-09-25 08:46:37,38.305,40,51.64,AUT
2026-09-25 08:46:38,38.336,40,51.83,AUT
2026-09-25 08:46:39,38.22,40,52.11,AUT
2026-09-25 08:46:40,38.317,40,52.27,AUT
2026-09-25 08:46:41,38.365,40,52.46,AUT
2026-09-25 08:46:42,38.347,40,52.67,AUT
2026-09-25 08:46:43,38.137,40,53.01,AUT
2026-09-25 08:46:44,38.699,40,52.89,AUT
2026-09-25 08:46:45,39.081,40,52.81,AUT
2026-09-25 08:46:46,39.296,40,52.79,AUT
2026-09-25 08:46:47,39.63,40,52.67,AUT
2026-09-25 08:46:48,39.815,40,52.6,AUT
2026-09-25 08:46:49,40.023,40,52.5,AUT
2026-09-25 08:46:50,40.128,40,52.43,AUT
2026-09-25 08:46:51,40.353,40,52.27,AUT
2026-09-25 08:46:52,40.458,40,52.16,AUT
2026-09-25 08:46:53,40.565,40,52.04,AUT
2026-09-25 08:46:54,40.596,40,51.95,AUT
2026-09-25 08:46:55,40.639,40,51.85,AUT
2026-09-25 08:46:56,40.715,40,51.72,AUT
2026-09-25 08:46:57,40.764,40,51.6,AUT
2026-09-25 08:46:58,40.639,40,51.58,AUT
2026-09-25 08:46:59,40.791,40,51.41,AUT
2026-09-25 08:47:00,40.801,40,51.3,AUT
2026-09-25 08:47:01,40.697,40,51.27,AUT
2026-09-25 08:47:02,40.791,40,51.12,AUT
2026-09-25 08:47:03,40.785,40,51.03,AUT
2026-09-25 08:47:04,40.707,40,50.98,AUT
2026-09-25 08:47:05,40.807,40,50.83,AUT
2026-09-25 08:47:06,40.702,40,50.79,AUT
2026-09-25 08:47:07,40.767,40,50.66,AUT
2026-09-25 08:47:08,40.856,40,50.51,AUT
2026-09-25 08:47:09,40.666,40,50.52,AUT
2026-09-25 08:47:10,40.629,40,50.46,AUT
2026-09-25 08:47:11,40.699,40,50.34,AUT
2026-09-25 08:47:12,40.833,40,50.17,AUT
2026-09-25 08:47:13,40.785,40,50.1,AUT
2026-09-25 08:47:14,40.741,40,50.02,AUT
2026-09-25 08:47:15,40.856,40,49.86,AUT
2026-09-25 08:47:16,40.864,40,49.75,AUT
2026-09-25 08:47:17,40.814,40,49.67,AUT
2026-09-25 08:47:18,40.898,40,49.52,AUT
2026-09-25 08:47:19,40.934,40,49.38,AUT
2026-09-25 08:47:20,40.829,40,49.33,AUT
2026-09-25 08:47:21,40.891,40,49.19,AUT
2026-09-25 08:47:22,40.843,40,49.11,AUT
2026-09-25 08:47:23,40.987,40,48.91,AUT
2026-09-25 08:47:24,40.732,40,48.95,AUT
2026-09-25 08:47:25,40.962,40,48.71,AUT
2026-09-25 08:47:26,40.842,40,48.67,AUT
2026-09-25 08:47:27,40.977,40,48.48,AUT
2026-09-25 08:47:28,41.077,40,48.29,AUT
2026-09-25 08:47:29,40.853,40,48.3,AUT
2026-09-25 08:47:30,40.853,40,48.19,AUT
2026-09-25 08:47:31,40.893,40,48.06,AUT
2026-09-25 08:47:32,40.85,40,47.98,AUT
2026-09-25 08:47:33,41.021,40,47.76,AUT
2026-09-25 08:47:34,41.031,40,47.63,AUT
2026-09-25 08:47:35,40.951,40,47.55,AUT
2026-09-25 08:47:36,40.817,40,47.51,AUT
2026-09-25 08:47:37,40.997,40,47.3,AUT
2026-09-25 08:47:38,41.025,40,47.16,AUT
2026-09-25 08:47:39,41.082,40,46.99,AUT
2026-09-25 08:47:40,40.919,40,46.96,AUT
2026-09-25 08:47:41,40.871,40,46.88,AUT
2026-09-25 08:47:42,40.899,40,46.75,AUT
2026-09-25 08:47:43,40.94,40,46.61,AUT
2026-09-25 08:47:44,40.847,40,46.55,AUT
2026-09-25 08:47:45,40.352,40,46.76,AUT
2026-09-25 08:47:46,40.25,40,46.78,AUT
2026-09-25 08:47:47,39.921,40,46.95,AUT
2026-09-25 08:47:48,39.785,40,47.04,AUT
2026-09-25 08:47:49,39.233,40,47.42,AUT
2026-09-25 08:47:50,39.178,40,47.55,AUT
2026-09-25 08:47:51,38.98,40,47.77,AUT
2026-09-25 08:47:52,38.988,40,47.9,AUT
2026-09-25 08:47:53,38.671,40,48.22,AUT
2026-09-25 08:47:54,38.838,40,48.28,AUT
2026-09-25 08:47:55,38.813,40,48.44,AUT
2026-09-25 08:47:56,38.845,40,48.57,AUT
2026-09-25 08:47:57,38.596,40,48.87,AUT
2026-09-25 08:47:58,38.664,40,49,AUT
2026-09-25 08:47:59,38.627,40,49.19,AUT
2026-09-25 08:48:00,38.553,40,49.41,AUT
2026-09-25 08:48:01,38.651,40,49.53,AUT
2026-09-25 08:48:02,38.5,40,49.79,AUT
2026-09-25 08:48:03,38.465,40,50,AUT
2026-09-25 08:48:04,38.436,40,50.21,AUT
2026-09-25 08:48:05,38.438,40,50.41,AUT
2026-09-25 08:48:06,38.56,40,50.53,AUT
2026-09-25 08:48:07,38.553,40,50.71,AUT
2026-09-25 08:48:08,38.588,40,50.87,AUT
2026-09-25 08:48:09,38.506,40,51.1,AUT
2026-09-25 08:48:10,38.542,40,51.26,AUT
2026-09-25 08:48:11,38.468,40,51.49,AUT
2026-09-25 08:48:12,38.636,40,51.58,AUT
2026-09-25 08:48:13,38.487,40,51.84,AUT
2026-09-25 08:48:14,38.522,40,52.01,AUT
2026-09-25 08:48:15,38.489,40,52.21,AUT
2026-09-25 08:48:16,38.669,40,52.29,AUT
2026-09-25 08:48:17,38.636,40,52.48,AUT
2026-09-25 08:48:18,38.621,40,52.66,AUT
2026-09-25 08:48:19,38.587,40,52.85,AUT
2026-09-25 08:48:20,39.01,40,52.76,AUT
2026-09-25 08:48:21,39.463,40,52.6,AUT
2026-09-25 08:48:22,39.752,40,52.49,AUT
2026-09-25 08:48:23,39.984,40,52.38,AUT
2026-09-25 08:48:24,40.181,40,52.26,AUT
2026-09-25 08:48:25,40.4,40,52.1,AUT
2026-09-25 08:48:26,40.463,40,52.01,AUT
2026-09-25 08:48:27,40.639,40,51.84,AUT
2026-09-25 08:48:28,40.763,40,51.68,AUT
2026-09-25 08:48:29,40.802,40,51.56,AUT
2026-09-25 08:48:30,40.822,40,51.45,AUT
2026-09-25 08:48:31,40.779,40,51.37,AUT
2026-09-25 08:48:32,40.83,40,51.24,AUT
2026-09-25 08:48:33,40.96,40,51.06,AUT
2026-09-25 08:48:34,40.919,40,50.96,AUT
2026-09-25 08:48:35,40.818,40,50.91,AUT
2026-09-25 08:48:36,40.851,40,50.79,AUT
2026-09-25 08:48:37,40.926,40,50.64,AUT
2026-09-25 08:48:38,40.948,40,50.51,AUT
2026-09-25 08:48:39,40.931,40,50.4,AUT
2026-09-25 08:48:40,41.056,40,50.2,AUT
2026-09-25 08:48:41,40.965,40,50.13,AUT
2026-09-25 08:48:42,40.918,40,50.04,AUT
2026-09-25 08:48:43,40.943,40,49.91,AUT
2026-09-25 08:48:44,40.883,40,49.83,AUT
2026-09-25 08:48:45,41.025,40,49.63,AUT
2026-09-25 08:48:46,40.92,40,49.57,AUT
2026-09-25 08:48:47,40.823,40,49.51,AUT
2026-09-25 08:48:48,40.979,40,49.31,AUT
2026-09-25 08:48:49,41.095,40,49.12,AUT
2026-09-25 08:48:50,40.989,40,49.05,AUT
2026-09-25 08:48:51,40.883,40,48.99,AUT
2026-09-25 08:48:52,41.164,40,48.7,AUT
2026-09-25 08:48:53,40.985,40,48.67,AUT
2026-09-25 08:48:54,41.046,40,48.51,AUT
2026-09-25 08:48:55,40.981,40,48.42,AUT
2026-09-25 08:48:56,41.088,40,48.23,AUT
2026-09-25 08:48:57,41.194,40,48.03,AUT
2026-09-25 08:48:58,40.964,40,48.02,AUT
2026-09-25 08:48:59,40.97,40,47.9,AUT
2026-09-25 08:49:00,41.018,40,47.74,AUT
2026-09-25 08:49:01,41.114,40,47.56,AUT
2026-09-25 08:49:02,41.085,40,47.44,AUT
2026-09-25 08:49:03,41.149,40,47.26,AUT
2026-09-25 08:49:04,41.055,40,47.18,AUT
2026-09-25 08:49:05,41.139,40,46.99,AUT
2026-09-25 08:49:06,41.194,40,46.81,AUT
2026-09-25 08:49:07,41.184,40,46.67,AUT
2026-09-25 08:49:08,40.94,40,46.68,AUT
2026-09-25 08:49:09,41.172,40,46.41,AUT
2026-09-25 08:49:10,41.24,40,46.22,AUT
2026-09-25 08:49:11,40.659,40,46.43,AUT
2026-09-25 08:49:12,40.023,40,46.75,AUT
2026-09-25 08:49:13,39.979,40,46.77,AUT
2026-09-25 08:49:14,39.519,40,47.06,AUT
2026-09-25 08:49:15,39.389,40,47.2,AUT
2026-09-25 08:49:16,39.166,40,47.42,AUT
2026-09-25 08:49:17,39.099,40,47.57,AUT
2026-09-25 08:49:18,38.848,40,47.84,AUT
2026-09-25 08:49:19,38.915,40,47.94,AUT
2026-09-25 08:49:20,38.808,40,48.14,AUT
2026-09-25 08:49:21,38.816,40,48.28,AUT
2026-09-25 08:49:22,38.688,40,48.51,AUT
2026-09-25 08:49:23,38.687,40,48.68,AUT
2026-09-25 08:49:24,38.744,40,48.81,AUT
2026-09-25 08:49:25,38.752,40,48.96,AUT
2026-09-25 08:49:26,38.546,40,49.24,AUT
2026-09-25 08:49:27,38.501,40,49.45,AUT
2026-09-25 08:49:28,38.615,40,49.57,AUT
2026-09-25 08:49:29,38.477,40,49.83,AUT
2026-09-25 08:49:30,38.345,40,50.1,AUT
2026-09-25 08:49:31,38.493,40,50.21,AUT
2026-09-25 08:49:32,38.476,40,50.41,AUT
2026-09-25 08:49:33,38.383,40,50.66,AUT
2026-09-25 08:49:34,38.467,40,50.81,AUT
2026-09-25 08:49:35,38.25,40,51.14,AUT
2026-09-25 08:49:36,38.383,40,51.27,AUT
2026-09-25 08:49:37,38.331,40,51.51,AUT
2026-09-25 08:49:38,38.44,40,51.65,AUT
2026-09-25 08:49:39,38.356,40,51.9,AUT
2026-09-25 08:49:40,38.28,40,52.15,AUT
2026-09-25 08:49:41,38.369,40,52.31,AUT
2026-09-25 08:49:42,38.527,40,52.41,AUT
2026-09-25 08:49:43,38.345,40,52.71,AUT
2026-09-25 08:49:44,38.778,40,52.65,AUT
2026-09-25 08:49:45,39.093,40,52.6,AUT
2026-09-25 08:49:46,39.327,40,52.57,AUT
2026-09-25 08:49:47,39.614,40,52.48,AUT
2026-09-25 08:49:48,39.764,40,52.43,AUT
2026-09-25 08:49:49,40.164,40,52.21,AUT
2026-09-25 08:49:50,40.121,40,52.22,AUT
2026-09-25 08:49:51,40.348,40,52.06,AUT
2026-09-25 08:49:52,40.416,40,51.97,AUT
2026-09-25 08:49:53,40.429,40,51.91,AUT
2026-09-25 08:49:54,40.545,40,51.79,AUT
2026-09-25 08:49:55,40.511,40,51.74,AUT
2026-09-25 08:49:56,40.57,40,51.64,AUT
2026-09-25 08:49:57,40.641,40,51.52,AUT
2026-09-25 08:49:58,40.473,40,51.55,AUT
2026-09-25 08:49:59,40.72,40,51.34,AUT
2026-09-25 08:50:00,40.672,40,51.28,AUT
2026-09-25 08:50:01,40.775,40,51.13,AUT
2026-09-25 08:50:02,40.656,40,51.1,AUT
2026-09-25 08:50:03,40.803,40,50.93,AUT
2026-09-25 08:50:04,40.862,40,50.79,AUT
2026-09-25 08:50:05,40.706,40,50.78,AUT
2026-09-25 08:50:06,40.782,40,50.65,AUT
2026-09-25 08:50:07,40.767,40,50.56,AUT
2026-09-25 08:50:08,40.729,40,50.49,AUT
2026-09-25 08:50:09,40.79,40,50.36,AUT
2026-09-25 08:50:10,40.807,40,50.25,AUT
2026-09-25 08:50:11,40.749,40,50.18,AUT
2026-09-25 08:50:12,40.88,40,50.01,AUT
2026-09-25 08:50:13,40.719,40,50,AUT
2026-09-25 08:50:14,40.891,40,49.8,AUT
2026-09-25 08:50:15,40.994,40,49.63,AUT
2026-09-25 08:50:16,40.772,40,49.64,AUT
2026-09-25 08:50:17,40.826,40,49.51,AUT
2026-09-25 08:50:18,40.842,40,49.4,AUT
2026-09-25 08:50:19,40.822,40,49.3,AUT
2026-09-25 08:50:20,40.836,40,49.19,AUT
2026-09-25 08:50:21,40.684,40,49.18,AUT
2026-09-25 08:50:22,40.764,40,49.05,AUT
2026-09-25 08:50:23,40.839,40,48.91,AUT
2026-09-25 08:50:24,40.949,40,48.73,AUT
2026-09-25 08:50:25,40.929,40,48.63,AUT
2026-09-25 08:50:26,40.885,40,48.54,AUT
2026-09-25 08:50:27,40.753,40,48.51,AUT
2026-09-25 08:50:28,40.85,40,48.35,AUT
2026-09-25 08:50:29,40.895,40,48.22,AUT
2026-09-25 08:50:30,40.761,40,48.19,AUT
2026-09-25 08:50:31,40.809,40,48.07,AUT
2026-09-25 08:50:32,40.917,40,47.9,AUT
2026-09-25 08:50:33,40.827,40,47.84,AUT
2026-09-25 08:50:34,40.769,40,47.77,AUT
2026-09-25 08:50:35,40.852,40,47.62,AUT
2026-09-25 08:50:36,40.747,40,47.58,AUT
2026-09-25 08:50:37,40.843,40,47.43,AUT
2026-09-25 08:50:38,40.795,40,47.35,AUT
2026-09-25 08:50:39,40.963,40,47.15,AUT
2026-09-25 08:50:40,41.044,40,46.98,AUT
2026-09-25 08:50:41,40.893,40,46.94,AUT
2026-09-25 08:50:42,40.809,40,46.88,AUT
2026-09-25 08:50:43,40.943,40,46.7,AUT
2026-09-25 08:50:44,40.886,40,46.62,AUT
2026-09-25 08:50:45,40.794,40,46.56,AUT
2026-09-25 08:50:46,40.86,40,46.42,AUT
2026-09-25 08:50:47,40.854,40,46.32,AUT
2026-09-25 08:50:48,40.961,40,46.15,AUT
2026-09-25 08:50:49,40.243,40,46.48,AUT
2026-09-25 08:50:50,39.848,40,46.69,AUT
2026-09-25 08:50:51,39.749,40,46.77,AUT
2026-09-25 08:50:52,39.477,40,46.97,AUT
2026-09-25 08:50:53,39.114,40,47.27,AUT
2026-09-25 08:50:54,38.956,40,47.48,AUT
2026-09-25 08:50:55,38.952,40,47.61,AUT
2026-09-25 08:50:56,38.82,40,47.82,AUT
2026-09-25 08:50:57,38.486,40,48.18,AUT
2026-09-25 08:50:58,38.453,40,48.39,AUT
2026-09-25 08:50:59,38.504,40,48.55,AUT
2026-09-25 08:51:00,38.274,40,48.88,AUT
2026-09-25 08:51:01,38.342,40,49.05,AUT
2026-09-25 08:51:02,38.363,40,49.25,AUT
2026-09-25 08:51:03,38.255,40,49.52,AUT
2026-09-25 08:51:04,38.241,40,49.75,AUT
2026-09-25 08:51:05,38.294,40,49.93,AUT
2026-09-25 08:51:06,37.962,40,50.35,AUT
2026-09-25 08:51:07,38.104,40,50.52,AUT
2026-09-25 08:51:08,38.231,40,50.68,AUT
2026-09-25 08:51:09,38.135,40,50.96,AUT
2026-09-25 08:51:10,38.127,40,51.2,AUT
2026-09-25 08:51:11,38.089,40,51.46,AUT
2026-09-25 08:51:12,38.098,40,51.69,AUT
2026-09-25 08:51:13,37.766,40,52.13,AUT
2026-09-25 08:51:14,37.996,40,52.27,AUT
2026-09-25 08:51:15,38.048,40,52.49,AUT
2026-09-25 08:51:16,38.075,40,52.71,AUT
2026-09-25 08:51:17,38.373,40,52.77,AUT
2026-09-25 08:51:18,38.956,40,52.61,AUT
2026-09-25 08:51:19,38.991,40,52.72,AUT
2026-09-25 08:51:20,39.451,40,52.55,AUT
2026-09-25 08:51:21,39.576,40,52.55,AUT
2026-09-25 08:51:22,39.718,40,52.51,AUT
2026-09-25 08:51:23,40.031,40,52.35,AUT
2026-09-25 08:51:24,40.001,40,52.36,AUT
2026-09-25 08:51:25,39.987,40,52.37,AUT
2026-09-25 08:51:26,40.033,40,52.35,AUT
2026-09-25 08:51:27,40.207,40,52.23,AUT
2026-09-25 08:51:28,40.234,40,52.19,AUT
2026-09-25 08:51:29,40.247,40,52.15,AUT
2026-09-25 08:51:30,40.199,40,52.15,AUT
2026-09-25 08:51:31,40.218,40,52.11,AUT
2026-09-25 08:51:32,40.362,40,52,AUT
2026-09-25 08:51:33,40.164,40,52.08,AUT
2026-09-25 08:51:34,40.397,40,51.91,AUT
2026-09-25 08:51:35,40.4,40,51.86,AUT
2026-09-25 08:51:36,40.373,40,51.83,AUT
2026-09-25 08:51:37,40.459,40,51.72,AUT
2026-09-25 08:51:38,40.343,40,51.74,AUT
2026-09-25 08:51:39,40.322,40,51.71,AUT
2026-09-25 08:51:40,40.298,40,51.69,AUT
2026-09-25 08:51:41,40.256,40,51.67,AUT
2026-09-25 08:51:42,40.308,40,51.61,AUT
2026-09-25 08:51:43,40.382,40,51.52,AUT
2026-09-25 08:51:44,40.231,40,51.57,AUT
2026-09-25 08:51:45,40.407,40,51.43,AUT
2026-09-25 08:51:46,40.389,40,51.39,AUT
2026-09-25 08:51:47,40.382,40,51.35,AUT
2026-09-25 08:51:48,40.466,40,51.25,AUT
2026-09-25 08:51:49,40.624,40,51.09,AUT
2026-09-25 08:51:50,40.471,40,51.11,AUT
2026-09-25 08:51:51,40.394,40,51.1,AUT
2026-09-25 08:51:52,40.419,40,51.03,AUT
2026-09-25 08:51:53,40.319,40,51.04,AUT
2026-09-25 08:51:54,40.394,40,50.96,AUT
2026-09-25 08:51:55,40.269,40,50.99,AUT
2026-09-25 08:51:56,40.363,40,50.89,AUT
2026-09-25 08:51:57,40.418,40,50.81,AUT
2026-09-25 08:51:58,40.263,40,50.86,AUT
2026-09-25 08:51:59,40.265,40,50.82,AUT
2026-09-25 08:52:00,40.279,40,50.78,AUT
2026-09-25 08:52:01,40.283,40,50.74,AUT
2026-09-25 08:52:02,40.086,40,50.83,AUT
2026-09-25 08:52:03,40.329,40,50.67,AUT
2026-09-25 08:52:04,40.331,40,50.63,AUT
2026-09-25 08:52:05,40.127,40,50.71,AUT
2026-09-25 08:52:06,40.239,40,50.63,AUT
2026-09-25 08:52:07,40.214,40,50.61,AUT
2026-09-25 08:52:08,40.243,40,50.57,AUT
2026-09-25 08:52:09,40.216,40,50.56,AUT
2026-09-25 08:52:10,40.182,40,50.55,AUT
2026-09-25 08:52:11,39.982,40,50.65,AUT
2026-09-25 08:52:12,40.248,40,50.49,AUT
2026-09-25 08:52:13,40.197,40,50.49,AUT
2026-09-25 08:52:14,40.073,40,50.54,AUT
2026-09-25 08:52:15,40.199,40,50.45,AUT
2026-09-25 08:52:16,40.249,40,50.4,AUT
2026-09-25 08:52:17,40.192,40,50.4,AUT
2026-09-25 08:52:18,40.242,40,50.35,AUT
2026-09-25 08:52:19,40.249,40,50.31,AUT
2026-09-25 08:52:20,40.262,40,50.27,AUT
2026-09-25 08:52:21,40.098,40,50.34,AUT
2026-09-25 08:52:22,40.245,40,50.24,AUT
2026-09-25 08:52:23,40.175,40,50.25,AUT
2026-09-25 08:52:24,40.122,40,50.26,AUT
2026-09-25 08:52:25,40.293,40,50.14,AUT
2026-09-25 08:52:26,40.118,40,50.21,AUT
2026-09-25 08:52:27,40.186,40,50.16,AUT
2026-09-25 08:52:28,40.091,40,50.19,AUT
2026-09-25 08:52:29,40.208,40,50.11,AUT
2026-09-25 08:52:30,40.078,40,50.16,AUT
2026-09-25 08:52:31,40.208,40,50.07,AUT
2026-09-25 08:52:32,40.021,40,50.16,AUT
2026-09-25 08:52:33,40.158,40,50.07,AUT
2026-09-25 08:52:34,40.252,40,50,AUT
2026-09-25 08:52:35,40.08,40,50.07,AUT
2026-09-25 08:52:36,40.075,40,50.06,AUT
2026-09-25 08:52:37,40.172,40,50,AUT
2026-09-25 08:52:38,40.332,40,49.87,AUT
2026-09-25 08:52:39,40.336,40,49.83,AUT
2026-09-25 08:52:40,40.279,40,49.82,AUT
2026-09-25 08:52:41,40.19,40,49.84,AUT
2026-09-25 08:52:42,40.206,40,49.81,AUT
2026-09-25 08:52:43,40.192,40,49.79,AUT
2026-09-25 08:52:44,40.178,40,49.78,AUT
2026-09-25 08:52:45,40.22,40,49.73,AUT
2026-09-25 08:52:46,40.181,40,49.73,AUT
2026-09-25 08:52:47,40.271,40,49.65,AUT
2026-09-25 08:52:48,40.382,40,49.54,AUT
2026-09-25 08:52:49,40.254,40,49.58,AUT
2026-09-25 08:52:50,40.359,40,49.48,AUT
2026-09-25 08:52:51,40.526,40,49.33,AUT
2026-09-25 08:52:52,40.362,40,49.37,AUT
2026-09-25 08:52:53,40.205,40,49.42,AUT
2026-09-25 08:52:54,40.471,40,49.23,AUT
2026-09-25 08:52:55,40.312,40,49.27,AUT
2026-09-25 08:52:56,40.263,40,49.26,AUT
2026-09-25 08:52:57,40.289,40,49.21,AUT
2026-09-25 08:52:58,40.269,40,49.19,AUT
2026-09-25 08:52:59,40.415,40,49.06,AUT
2026-09-25 08:53:00,40.342,40,49.06,AUT
2026-09-25 08:53:01,40.471,40,48.93,AUT
2026-09-25 08:53:02,40.424,40,48.9,AUT
2026-09-25 08:53:03,40.211,40,48.98,AUT
2026-09-25 08:53:04,40.407,40,48.83,AUT
2026-09-25 08:53:05,40.392,40,48.79,AUT
2026-09-25 08:53:06,40.215,40,48.85,AUT
2026-09-25 08:53:07,40.341,40,48.75,AUT
2026-09-25 08:53:08,40.423,40,48.66,AUT
2026-09-25 08:53:09,40.29,40,48.69,AUT
2026-09-25 08:53:10,40.322,40,48.63,AUT
2026-09-25 08:53:11,40.185,40,48.67,AUT
2026-09-25 08:53:12,40.351,40,48.55,AUT
2026-09-25 08:53:13,40.147,40,48.63,AUT
2026-09-25 08:53:14,40.359,40,48.48,AUT
2026-09-25 08:53:15,40.214,40,48.53,AUT
2026-09-25 08:53:16,40.213,40,48.5,AUT
2026-09-25 08:53:17,40.207,40,48.48,AUT
2026-09-25 08:53:18,40.197,40,48.46,AUT
2026-09-25 08:53:19,40.16,40,48.46,AUT
2026-09-25 08:53:20,40.214,40,48.4,AUT
2026-09-25 08:53:21,40.151,40,48.41,AUT
2026-09-25 08:53:22,40.174,40,48.38,AUT
2026-09-25 08:53:23,40.154,40,48.37,AUT
2026-09-25 08:53:24,40.314,40,48.25,AUT
2026-09-25 08:53:25,40.29,40,48.23,AUT
2026-09-25 08:53:26,40.004,40,48.37,AUT
2026-09-25 08:53:27,40.063,40,48.33,AUT
2026-09-25 08:53:28,40.079,40,48.32,AUT
2026-09-25 08:53:29,40.136,40,48.27,AUT
2026-09-25 08:53:30,40.213,40,48.21,AUT
2026-09-25 08:53:31,40.102,40,48.25,AUT
2026-09-25 08:53:32,40.248,40,48.14,AUT
2026-09-25 08:53:33,40.172,40,48.16,AUT
2026-09-25 08:53:34,40.26,40,48.08,AUT
2026-09-25 08:53:35,40.198,40,48.09,AUT
2026-09-25 08:53:36,40.102,40,48.13,AUT
2026-09-25 08:53:37,40.056,40,48.14,AUT
2026-09-25 08:53:38,40.152,40,48.07,AUT
2026-09-25 08:53:39,40.145,40,48.06,AUT
2026-09-25 08:53:40,40.413,40,47.87,AUT
2026-09-25 08:53:41,40.129,40,48,AUT
2026-09-25 08:53:42,40.304,40,47.87,AUT
2026-09-25 08:53:43,40.172,40,47.92,AUT
2026-09-25 08:53:44,40.208,40,47.88,AUT
2026-09-25 08:53:45,40.303,40,47.79,AUT
2026-09-25 08:53:46,40.188,40,47.82,AUT
2026-09-25 08:53:47,40.256,40,47.76,AUT
2026-09-25 08:53:48,40.187,40,47.77,AUT
2026-09-25 08:53:49,40.163,40,47.76,AUT
2026-09-25 08:53:50,40.228,40,47.7,AUT
2026-09-25 08:53:51,40.116,40,47.74,AUT
2026-09-25 08:53:52,40.354,40,47.58,AUT
2026-09-25 08:53:53,40.329,40,47.55,AUT
2026-09-25 08:53:54,40.256,40,47.55,AUT
2026-09-25 08:53:55,40.228,40,47.54,AUT
2026-09-25 08:53:56,40.109,40,47.58,AUT
2026-09-25 08:53:57,40.314,40,47.44,AUT
2026-09-25 08:53:58,40.272,40,47.43,AUT
2026-09-25 08:53:59,40.228,40,47.42,AUT
2026-09-25 08:54:00,40.21,40,47.41,AUT
2026-09-25 08:54:01,40.315,40,47.32,AUT
2026-09-25 08:54:02,40.182,40,47.36,AUT
2026-09-25 08:54:03,40.295,40,47.27,AUT
2026-09-25 08:54:04,40.297,40,47.23,AUT
2026-09-25 08:54:05,40.125,40,47.3,AUT
2026-09-25 08:54:06,40.341,40,47.15,AUT
2026-09-25 08:54:07,40.19,40,47.2,AUT
2026-09-25 08:54:08,40.302,40,47.1,AUT
2026-09-25 08:54:09,40.212,40,47.12,AUT
2026-09-25 08:54:10,40.313,40,47.03,AUT
2026-09-25 08:54:11,40.232,40,47.05,AUT
2026-09-25 08:54:12,40.063,40,47.12,AUT
2026-09-25 08:54:13,40.156,40,47.06,AUT
2026-09-25 08:54:14,40.108,40,47.07,AUT
2026-09-25 08:54:15,40.047,40,47.09,AUT
2026-09-25 08:54:16,40.229,40,46.97,AUT
2026-09-25 08:54:17,40.178,40,46.97,AUT
2026-09-25 08:54:18,40.251,40,46.91,AUT
2026-09-25 08:54:19,40.354,40,46.81,AUT
2026-09-25 08:54:20,40.34,40,46.78,AUT
2026-09-25 08:54:21,40.216,40,46.81,AUT
2026-09-25 08:54:22,40.174,40,46.81,AUT
2026-09-25 08:54:23,40.152,40,46.8,AUT
2026-09-25 08:54:24,40.225,40,46.74,AUT
2026-09-25 08:54:25,40.21,40,46.72,AUT
2026-09-25 08:54:26,40.013,40,46.82,AUT
2026-09-25 08:54:27,40.152,40,46.73,AUT
2026-09-25 08:54:28,40.038,40,46.78,AUT
2026-09-25 08:54:29,40.199,40,46.67,AUT
2026-09-25 08:54:30,40.107,40,46.71,AUT
2026-09-25 08:54:31,40.141,40,46.67,AUT
2026-09-25 08:54:32,40.294,40,46.56,AUT
2026-09-25 08:54:33,40.18,40,46.59,AUT
2026-09-25 08:54:34,40.297,40,46.5,AUT
2026-09-25 08:54:35,40.283,40,46.47,AUT
2026-09-25 08:54:36,40.285,40,46.43,AUT
2026-09-25 08:54:37,39.801,40,46.7,AUT
2026-09-25 08:54:38,39.43,40,46.96,AUT
2026-09-25 08:54:39,38.982,40,47.31,AUT
2026-09-25 08:54:40,38.94,40,47.46,AUT
2026-09-25 08:54:41,38.611,40,47.8,AUT
2026-09-25 08:54:42,38.44,40,48.08,AUT
2026-09-25 08:54:43,38.38,40,48.31,AUT
2026-09-25 08:54:44,38.322,40,48.55,AUT
2026-09-25 08:54:45,37.996,40,48.96,AUT
2026-09-25 08:54:46,38.094,40,49.15,AUT
2026-09-25 08:54:47,38.002,40,49.45,AUT
2026-09-25 08:54:48,37.938,40,49.74,AUT
2026-09-25 08:54:49,37.868,40,50.04,AUT
2026-09-25 08:54:50,37.935,40,50.27,AUT
2026-09-25 08:54:51,37.975,40,50.5,AUT
2026-09-25 08:54:52,37.978,40,50.75,AUT
2026-09-25 08:54:53,37.964,40,51.01,AUT
2026-09-25 08:54:54,37.936,40,51.28,AUT
2026-09-25 08:54:55,37.909,40,51.56,AUT
2026-09-25 08:54:56,38.024,40,51.75,AUT
2026-09-25 08:54:57,37.975,40,52.02,AUT
2026-09-25 08:54:58,38.127,40,52.18,AUT
2026-09-25 08:54:59,37.938,40,52.54,AUT
2026-09-25 08:55:00,38.139,40,52.67,AUT
2026-09-25 08:55:01,38.306,40,52.8,AUT
2026-09-25 08:55:02,38.631,40,52.8,AUT
2026-09-25 08:55:03,39.094,40,52.69,AUT
2026-09-25 08:55:04,39.367,40,52.63,AUT
2026-09-25 08:55:05,39.668,40,52.52,AUT
2026-09-25 08:55:06,39.61,40,52.6,AUT
2026-09-25 08:55:07,39.759,40,52.55,AUT
2026-09-25 08:55:08,40.121,40,52.36,AUT
2026-09-25 08:55:09,40.171,40,52.31,AUT
2026-09-25 08:55:10,40.018,40,52.38,AUT
2026-09-25 08:55:11,40.216,40,52.26,AUT
2026-09-25 08:55:12,40.115,40,52.29,AUT
2026-09-25 08:55:13,40.413,40,52.09,AUT
2026-09-25 08:55:14,40.431,40,52.03,AUT
2026-09-25 08:55:15,40.398,40,52,AUT
2026-09-25 08:55:16,40.38,40,51.96,AUT
2026-09-25 08:55:17,40.475,40,51.85,AUT
2026-09-25 08:55:18,40.607,40,51.71,AUT
2026-09-25 08:55:19,40.458,40,51.73,AUT
2026-09-25 08:55:20,40.458,40,51.67,AUT
2026-09-25 08:55:21,40.315,40,51.7,AUT
2026-09-25 08:55:22,40.377,40,51.63,AUT
2026-09-25 08:55:23,40.555,40,51.47,AUT
2026-09-25 08:55:24,40.497,40,51.43,AUT
2026-09-25 08:55:25,40.461,40,51.39,AUT
2026-09-25 08:55:26,40.353,40,51.4,AUT
2026-09-25 08:55:27,40.331,40,51.37,AUT
2026-09-25 08:55:28,40.467,40,51.25,AUT
2026-09-25 08:55:29,40.502,40,51.17,AUT
2026-09-25 08:55:30,40.537,40,51.08,AUT
2026-09-25 08:55:31,40.411,40,51.09,AUT
2026-09-25 08:55:32,40.439,40,51.03,AUT
2026-09-25 08:55:33,40.386,40,51,AUT
2026-09-25 08:55:34,40.504,40,50.88,AUT
2026-09-25 08:55:35,40.541,40,50.8,AUT
2026-09-25 08:55:36,40.541,40,50.73,AUT
2026-09-25 08:55:37,40.562,40,50.65,AUT
2026-09-25 08:55:38,40.551,40,50.58,AUT
2026-09-25 08:55:39,40.579,40,50.5,AUT
2026-09-25 08:55:40,40.496,40,50.48,AUT
2026-09-25 08:55:41,40.543,40,50.38,AUT
2026-09-25 08:55:42,40.509,40,50.34,AUT
2026-09-25 08:55:43,40.454,40,50.31,AUT
2026-09-25 08:55:44,40.472,40,50.24,AUT
2026-09-25 08:55:45,40.563,40,50.13,AUT
2026-09-25 08:55:46,40.457,40,50.12,AUT
2026-09-25 08:55:47,40.523,40,50.02,AUT
2026-09-25 08:55:48,40.335,40,50.07,AUT
2026-09-25 08:55:49,40.398,40,49.99,AUT
2026-09-25 08:55:50,40.441,40,49.92,AUT
2026-09-25 08:55:51,40.657,40,49.73,AUT
2026-09-25 08:55:52,40.583,40,49.69,AUT
2026-09-25 08:55:53,40.419,40,49.72,AUT
2026-09-25 08:55:54,40.467,40,49.64,AUT
2026-09-25 08:55:55,40.576,40,49.51,AUT
2026-09-25 08:55:56,40.488,40,49.49,AUT
2026-09-25 08:55:57,40.452,40,49.46,AUT
2026-09-25 08:55:58,40.638,40,49.28,AUT
2026-09-25 08:55:59,40.557,40,49.25,AUT
2026-09-25 08:56:00,40.513,40,49.21,AUT
2026-09-25 08:56:01,40.45,40,49.19,AUT
2026-09-25 08:56:02,40.533,40,49.08,AUT
2026-09-25 08:56:03,40.701,40,48.91,AUT
2026-09-25 08:56:04,40.657,40,48.85,AUT
2026-09-25 08:56:05,40.619,40,48.79,AUT
2026-09-25 08:56:06,40.718,40,48.65,AUT
2026-09-25 08:56:07,40.719,40,48.56,AUT
2026-09-25 08:56:08,40.667,40,48.5,AUT
2026-09-25 08:56:09,40.764,40,48.36,AUT
2026-09-25 08:56:10,40.903,40,48.18,AUT
2026-09-25 08:56:11,40.867,40,48.09,AUT
2026-09-25 08:56:12,40.705,40,48.08,AUT
2026-09-25 08:56:13,40.833,40,47.91,AUT
2026-09-25 08:56:14,40.721,40,47.88,AUT
2026-09-25 08:56:15,40.784,40,47.75,AUT
2026-09-25 08:56:16,40.722,40,47.69,AUT
2026-09-25 08:56:17,40.664,40,47.63,AUT
2026-09-25 08:56:18,40.804,40,47.46,AUT
2026-09-25 08:56:19,40.679,40,47.44,AUT
2026-09-25 08:56:20,40.677,40,47.36,AUT
2026-09-25 08:56:21,40.841,40,47.17,AUT
2026-09-25 08:56:22,40.914,40,47.02,AUT
2026-09-25 08:56:23,40.763,40,47,AUT
2026-09-25 08:56:24,40.827,40,46.86,AUT
2026-09-25 08:56:25,40.816,40,46.77,AUT
2026-09-25 08:56:26,40.802,40,46.67,AUT
2026-09-25 08:56:27,40.926,40,46.5,AUT
2026-09-25 08:56:28,40.661,40,46.55,AUT
2026-09-25 08:56:29,40.32,40,46.68,AUT
2026-09-25 08:56:30,39.866,40,46.92,AUT
2026-09-25 08:56:31,39.778,40,46.99,AUT
2026-09-25 08:56:32,39.464,40,47.22,AUT
2026-09-25 08:56:33,39.16,40,47.47,AUT
2026-09-25 08:56:34,39.045,40,47.65,AUT
2026-09-25 08:56:35,38.896,40,47.86,AUT
2026-09-25 08:56:36,38.834,40,48.04,AUT
2026-09-25 08:56:37,38.919,40,48.13,AUT
2026-09-25 08:56:38,38.673,40,48.42,AUT
2026-09-25 08:56:39,38.597,40,48.63,AUT
2026-09-25 08:56:40,38.45,40,48.9,AUT
2026-09-25 08:56:41,38.467,40,49.08,AUT
2026-09-25 08:56:42,38.565,40,49.22,AUT
2026-09-25 08:56:43,38.38,40,49.51,AUT
2026-09-25 08:56:44,38.253,40,49.79,AUT
2026-09-25 08:56:45,38.356,40,49.95,AUT
2026-09-25 08:56:46,38.404,40,50.12,AUT
2026-09-25 08:56:47,38.329,40,50.37,AUT
2026-09-25 08:56:48,38.408,40,50.53,AUT
2026-09-25 08:56:49,38.336,40,50.77,AUT
2026-09-25 08:56:50,38.423,40,50.92,AUT
2026-09-25 08:56:51,38.23,40,51.24,AUT
2026-09-25 08:56:52,38.341,40,51.39,AUT
2026-09-25 08:56:53,38.54,40,51.48,AUT
2026-09-25 08:56:54,38.362,40,51.77,AUT
2026-09-25 08:56:55,38.45,40,51.92,AUT
2026-09-25 08:56:56,38.525,40,52.07,AUT
2026-09-25 08:56:57,38.398,40,52.33,AUT
2026-09-25 08:56:58,38.477,40,52.48,AUT
2026-09-25 08:56:59,38.335,40,52.76,AUT
2026-09-25 08:57:00,38.396,40,52.93,AUT
2026-09-25 08:57:01,38.902,40,52.82,AUT
2026-09-25 08:57:02,39.276,40,52.72,AUT
2026-09-25 08:57:03,39.517,40,52.66,AUT
2026-09-25 08:57:04,39.783,40,52.55,AUT
2026-09-25 08:57:05,40.088,40,52.39,AUT
2026-09-25 08:57:06,40.374,40,52.2,AUT
2026-09-25 08:57:07,40.259,40,52.22,AUT
2026-09-25 08:57:08,40.266,40,52.19,AUT
2026-09-25 08:57:09,40.497,40,52.01,AUT
2026-09-25 08:57:10,40.503,40,51.95,AUT
2026-09-25 08:57:11,40.688,40,51.77,AUT
2026-09-25 08:57:12,40.678,40,51.69,AUT
2026-09-25 08:57:13,40.636,40,51.63,AUT
2026-09-25 08:57:14,40.642,40,51.55,AUT
2026-09-25 08:57:15,40.762,40,51.39,AUT
2026-09-25 08:57:16,40.876,40,51.22,AUT
2026-09-25 08:57:17,40.722,40,51.21,AUT
2026-09-25 08:57:18,40.824,40,51.06,AUT
2026-09-25 08:57:19,40.698,40,51.03,AUT
2026-09-25 08:57:20,40.886,40,50.83,AUT
2026-09-25 08:57:21,40.766,40,50.79,AUT
2026-09-25 08:57:22,40.783,40,50.68,AUT
2026-09-25 08:57:23,40.646,40,50.67,AUT
2026-09-25 08:57:24,40.824,40,50.48,AUT
2026-09-25 08:57:25,40.588,40,50.52,AUT
2026-09-25 08:57:26,40.92,40,50.24,AUT
2026-09-25 08:57:27,40.749,40,50.24,AUT
2026-09-25 08:57:28,40.801,40,50.11,AUT
2026-09-25 08:57:29,40.987,40,49.89,AUT
2026-09-25 08:57:30,40.773,40,49.9,AUT
2026-09-25 08:57:31,40.763,40,49.81,AUT
2026-09-25 08:57:32,40.785,40,49.7,AUT
2026-09-25 08:57:33,40.861,40,49.56,AUT
2026-09-25 08:57:34,40.619,40,49.6,AUT
2026-09-25 08:57:35,40.638,40,49.51,AUT
2026-09-25 08:57:36,40.731,40,49.38,AUT
2026-09-25 08:57:37,40.652,40,49.33,AUT
2026-09-25 08:57:38,40.646,40,49.26,AUT
2026-09-25 08:57:39,40.698,40,49.14,AUT
2026-09-25 08:57:40,40.542,40,49.15,AUT
2026-09-25 08:57:41,40.755,40,48.95,AUT
2026-09-25 08:57:42,40.805,40,48.83,AUT
2026-09-25 08:57:43,40.755,40,48.76,AUT
2026-09-25 08:57:44,40.745,40,48.67,AUT
2026-09-25 08:57:45,40.736,40,48.58,AUT
2026-09-25 08:57:46,40.621,40,48.56,AUT
2026-09-25 08:57:47,40.647,40,48.47,AUT
2026-09-25 08:57:48,40.654,40,48.38,AUT
2026-09-25 08:57:49,40.699,40,48.27,AUT
2026-09-25 08:57:50,40.533,40,48.29,AUT
2026-09-25 08:57:51,40.643,40,48.15,AUT
2026-09-25 08:57:52,40.551,40,48.13,AUT
2026-09-25 08:57:53,40.779,40,47.92,AUT
2026-09-25 08:57:54,40.64,40,47.91,AUT
2026-09-25 08:57:55,40.714,40,47.78,AUT
2026-09-25 08:57:56,40.568,40,47.78,AUT
2026-09-25 08:57:57,40.624,40,47.68,AUT
2026-09-25 08:57:58,40.624,40,47.6,AUT
2026-09-25 08:57:59,40.706,40,47.47,AUT
2026-09-25 08:58:00,40.67,40,47.4,AUT
2026-09-25 08:58:01,40.753,40,47.27,AUT
2026-09-25 08:58:02,40.622,40,47.26,AUT
2026-09-25 08:58:03,40.528,40,47.24,AUT
2026-09-25 08:58:04,40.835,40,46.98,AUT
2026-09-25 08:58:05,40.805,40,46.89,AUT
2026-09-25 08:58:06,40.726,40,46.84,AUT
2026-09-25 08:58:07,40.644,40,46.8,AUT
2026-09-25 08:58:08,40.625,40,46.73,AUT
2026-09-25 08:58:09,40.761,40,46.57,AUT
2026-09-25 08:58:10,40.131,40,46.87,AUT
2026-09-25 08:58:11,39.677,40,47.14,AUT
2026-09-25 08:58:12,39.615,40,47.22,AUT
2026-09-25 08:58:13,39.203,40,47.52,AUT
2026-09-25 08:58:14,39.123,40,47.67,AUT
2026-09-25 08:58:15,38.908,40,47.92,AUT
2026-09-25 08:58:16,38.759,40,48.15,AUT
2026-09-25 08:58:17,38.763,40,48.3,AUT
2026-09-25 08:58:18,38.721,40,48.48,AUT
2026-09-25 08:58:19,38.536,40,48.75,AUT
2026-09-25 08:58:20,38.57,40,48.92,AUT
2026-09-25 08:58:21,38.606,40,49.07,AUT
2026-09-25 08:58:22,38.463,40,49.34,AUT
2026-09-25 08:58:23,38.364,40,49.59,AUT
2026-09-25 08:58:24,38.434,40,49.75,AUT
2026-09-25 08:58:25,38.364,40,49.99,AUT
2026-09-25 08:58:26,38.445,40,50.14,AUT
2026-09-25 08:58:27,38.362,40,50.39,AUT
2026-09-25 08:58:28,38.354,40,50.6,AUT
2026-09-25 08:58:29,38.466,40,50.74,AUT
2026-09-25 08:58:30,38.343,40,51.01,AUT
2026-09-25 08:58:31,38.295,40,51.24,AUT
2026-09-25 08:58:32,38.38,40,51.4,AUT
2026-09-25 08:58:33,38.31,40,51.65,AUT
2026-09-25 08:58:34,38.421,40,51.79,AUT
2026-09-25 08:58:35,38.404,40,52,AUT
2026-09-25 08:58:36,38.33,40,52.24,AUT
2026-09-25 08:58:37,38.343,40,52.44,AUT
2026-09-25 08:58:38,38.398,40,52.62,AUT
2026-09-25 08:58:39,38.297,40,52.88,AUT
2026-09-25 08:58:40,38.328,40,53.07,AUT
2026-09-25 08:58:41,38.853,40,52.96,AUT
2026-09-25 08:58:42,39.415,40,52.75,AUT
2026-09-25 08:58:43,39.598,40,52.71,AUT
2026-09-25 08:58:44,39.702,40,52.69,AUT
2026-09-25 08:58:45,39.927,40,52.59,AUT
2026-09-25 08:58:46,40.244,40,52.4,AUT
2026-09-25 08:58:47,40.288,40,52.34,AUT
2026-09-25 08:58:48,40.413,40,52.23,AUT
2026-09-25 08:58:49,40.305,40,52.24,AUT
2026-09-25 08:58:50,40.477,40,52.1,AUT
2026-09-25 08:58:51,40.594,40,51.96,AUT
2026-09-25 08:58:52,40.787,40,51.77,AUT
2026-09-25 08:58:53,40.519,40,51.84,AUT
2026-09-25 08:58:54,40.677,40,51.68,AUT
2026-09-25 08:58:55,40.675,40,51.59,AUT
2026-09-25 08:58:56,40.721,40,51.48,AUT
2026-09-25 08:58:57,40.691,40,51.41,AUT
2026-09-25 08:58:58,40.806,40,51.25,AUT
2026-09-25 08:58:59,40.725,40,51.2,AUT
2026-09-25 08:59:00,40.694,40,51.13,AUT
2026-09-25 08:59:01,40.602,40,51.1,AUT
2026-09-25 08:59:02,40.749,40,50.93,AUT
2026-09-25 08:59:03,40.818,40,50.79,AUT
2026-09-25 08:59:04,40.522,40,50.88,AUT
2026-09-25 08:59:05,40.65,40,50.73,AUT
2026-09-25 08:59:06,40.707,40,50.62,AUT
2026-09-25 08:59:07,40.72,40,50.52,AUT
2026-09-25 08:59:08,40.468,40,50.59,AUT
2026-09-25 08:59:09,40.587,40,50.45,AUT
2026-09-25 08:59:10,40.562,40,50.4,AUT
2026-09-25 08:59:11,40.687,40,50.25,AUT
2026-09-25 08:59:12,40.564,40,50.24,AUT
2026-09-25 08:59:13,40.457,40,50.23,AUT
2026-09-25 08:59:14,40.429,40,50.2,AUT
2026-09-25 08:59:15,40.379,40,50.17,AUT
2026-09-25 08:59:16,40.436,40,50.09,AUT
2026-09-25 08:59:17,40.538,40,49.97,AUT
2026-09-25 08:59:18,40.377,40,50,AUT
2026-09-25 08:59:19,40.43,40,49.92,AUT
2026-09-25 08:59:20,40.407,40,49.89,AUT
2026-09-25 08:59:21,40.591,40,49.72,AUT
2026-09-25 08:59:22,40.426,40,49.75,AUT
2026-09-25 08:59:23,40.388,40,49.72,AUT
2026-09-25 08:59:24,40.415,40,49.65,AUT
2026-09-25 08:59:25,40.684,40,49.43,AUT
2026-09-25 08:59:26,40.523,40,49.45,AUT
2026-09-25 08:59:27,40.494,40,49.4,AUT
2026-09-25 08:59:28,40.372,40,49.42,AUT
2026-09-25 08:59:29,40.425,40,49.34,AUT
2026-09-25 08:59:30,40.507,40,49.23,AUT
2026-09-25 08:59:31,40.563,40,49.13,AUT
2026-09-25 08:59:32,40.53,40,49.08,AUT
2026-09-25 08:59:33,40.536,40,49.01,AUT
2026-09-25 08:59:34,40.634,40,48.89,AUT
2026-09-25 08:59:35,40.373,40,48.97,AUT
2026-09-25 08:59:36,40.452,40,48.87,AUT
2026-09-25 08:59:37,40.631,40,48.71,AUT
2026-09-25 08:59:38,40.422,40,48.76,AUT
2026-09-25 08:59:39,40.441,40,48.69,AUT
2026-09-25 08:59:40,40.501,40,48.6,AUT
2026-09-25 08:59:41,40.662,40,48.44,AUT
2026-09-25 08:59:42,40.597,40,48.39,AUT
2026-09-25 08:59:43,40.547,40,48.35,AUT
2026-09-25 08:59:44,40.516,40,48.3,AUT
2026-09-25 08:59:45,40.551,40,48.22,AUT
2026-09-25 08:59:46,40.533,40,48.16,AUT
2026-09-25 08:59:47,40.505,40,48.11,AUT
2026-09-25 08:59:48,40.541,40,48.02,AUT
2026-09-25 08:59:49,40.604,40,47.92,AUT
2026-09-25 08:59:50,40.56,40,47.87,AUT
2026-09-25 08:59:51,40.544,40,47.81,AUT
2026-09-25 08:59:52,40.556,40,47.73,AUT
2026-09-25 08:59:53,40.659,40,47.6,AUT
2026-09-25 08:59:54,40.523,40,47.6,AUT
2026-09-25 08:59:55,40.582,40,47.5,AUT
2026-09-25 08:59:56,40.546,40,47.45,AUT
2026-09-25 08:59:57,40.546,40,47.38,AUT
2026-09-25 08:59:58,40.669,40,47.24,AUT
2026-09-25 08:59:59,40.667,40,47.15,AUT
2026-09-25 09:00:00,40.519,40,47.16,AUT
