Timestamp,PIC201.PV,PIC201.SV,PIC201.MV,PIC201.MODE
2026-09-25 08:00:00,5.002,5,50,AUT
2026-09-25 08:00:01,4.963,5,51.68,AUT
2026-09-25 08:00:02,5.001,5,50.15,AUT
2026-09-25 08:00:03,5.018,5,49.42,AUT
2026-09-25 08:00:04,4.998,5,50.24,AUT
2026-09-25 08:00:05,5.033,5,48.75,AUT
2026-09-25 08:00:06,5.023,5,49.09,AUT
2026-09-25 08:00:07,5.037,5,48.42,AUT
2026-09-25 08:00:08,5.034,5,48.43,AUT
2026-09-25 08:00:09,5.028,5,48.62,AUT
2026-09-25 08:00:10,5.013,5,49.2,AUT
2026-09-25 08:00:11,4.981,5,50.5,AUT
2026-09-25 08:00:12,5.013,5,49.18,AUT
2026-09-25 08:00:13,5.006,5,49.44,AUT
2026-09-25 08:00:14,4.977,5,50.7,AUT
2026-09-25 08:00:15,4.974,5,50.86,AUT
2026-09-25 08:00:16,5.01,5,49.42,AUT
2026-09-25 08:00:17,5.004,5,49.65,AUT
2026-09-25 08:00:18,4.969,5,51.1,AUT
2026-09-25 08:00:19,4.959,5,51.62,AUT
2026-09-25 08:00:20,4.991,5,50.36,AUT
2026-09-25 08:00:21,4.979,5,50.91,AUT
2026-09-25 08:00:22,4.957,5,51.92,AUT
2026-09-25 08:00:23,4.998,5,50.26,AUT
2026-09-25 08:00:24,4.974,5,51.3,AUT
2026-09-25 08:00:25,5.004,5,50.09,AUT
2026-09-25 08:00:26,4.97,5,51.54,AUT
2026-09-25 08:00:27,4.994,5,50.57,AUT
2026-09-25 08:00:28,5.017,5,49.63,AUT
2026-09-25 08:00:29,4.978,5,51.24,AUT
2026-09-25 08:00:30,5.012,5,49.83,AUT
2026-09-25 08:00:31,5.046,5,48.37,AUT
2026-09-25 08:00:32,5.034,5,48.74,AUT
2026-09-25 08:00:33,5.055,5,47.74,AUT
2026-09-25 08:00:34,5.036,5,48.44,AUT
2026-09-25 08:00:35,5.02,5,49.02,AUT
2026-09-25 08:00:36,5.028,5,48.63,AUT
2026-09-25 08:00:37,5.02,5,48.9,AUT
2026-09-25 08:00:38,5.005,5,49.46,AUT
2026-09-25 08:00:39,5.003,5,49.55,AUT
2026-09-25 08:00:40,4.999,5,49.72,AUT
2026-09-25 08:00:41,4.981,5,50.47,AUT
2026-09-25 08:00:42,4.957,5,51.56,AUT
2026-09-25 08:00:43,4.976,5,50.87,AUT
2026-09-25 08:00:44,4.989,5,50.35,AUT
2026-09-25 08:00:45,4.948,5,52.15,AUT
2026-09-25 08:00:46,4.936,5,52.82,AUT
2026-09-25 08:00:47,4.97,5,51.51,AUT
2026-09-25 08:00:48,4.967,5,51.71,AUT
2026-09-25 08:00:49,4.984,5,51.07,AUT
2026-09-25 08:00:50,4.994,5,50.7,AUT
2026-09-25 08:00:51,4.954,5,52.43,AUT
2026-09-25 08:00:52,5.01,5,50.16,AUT
2026-09-25 08:00:53,5.007,5,50.27,AUT
2026-09-25 08:00:54,5.011,5,50.09,AUT
2026-09-25 08:00:55,5.019,5,49.7,AUT
2026-09-25 08:00:56,5.025,5,49.38,AUT
2026-09-25 08:00:57,5.054,5,48.1,AUT
2026-09-25 08:00:58,5.039,5,48.6,AUT
2026-09-25 08:00:59,5.02,5,49.31,AUT
2026-09-25 08:01:00,5.007,5,49.79,AUT
2026-09-25 08:01:01,5.011,5,49.6,AUT
2026-09-25 08:01:02,5.004,5,49.86,AUT
2026-09-25 08:01:03,4.984,5,50.73,AUT
2026-09-25 08:01:04,5.025,5,49.01,AUT
2026-09-25 08:01:05,5.019,5,49.22,AUT
2026-09-25 08:01:06,4.998,5,50.07,AUT
2026-09-25 08:01:07,4.982,5,50.73,AUT
2026-09-25 08:01:08,4.948,5,52.22,AUT
2026-09-25 08:01:09,5.015,5,49.53,AUT
2026-09-25 08:01:10,4.99,5,50.55,AUT
2026-09-25 08:01:11,4.964,5,51.7,AUT
2026-09-25 08:01:12,4.962,5,51.86,AUT
2026-09-25 08:01:13,4.991,5,50.73,AUT
2026-09-25 08:01:14,4.986,5,50.97,AUT
2026-09-25 08:01:15,5.013,5,49.83,AUT
2026-09-25 08:01:16,4.991,5,50.76,AUT
2026-09-25 08:01:17,4.987,5,50.94,AUT
2026-09-25 08:01:18,5.043,5,48.6,AUT
2026-09-25 08:01:19,5.004,5,50.13,AUT
2026-09-25 08:01:20,5.027,5,49.14,AUT
2026-09-25 08:01:21,5.019,5,49.43,AUT
2026-09-25 08:01:22,5,5,50.18,AUT
2026-09-25 08:01:23,4.995,5,50.38,AUT
2026-09-25 08:01:24,4.996,5,50.37,AUT
2026-09-25 08:01:25,4.988,5,50.7,AUT
2026-09-25 08:01:26,5.072,5,47.18,AUT
2026-09-25 08:01:27,4.976,5,51.07,AUT
2026-09-25 08:01:28,4.979,5,51.01,AUT
2026-09-25 08:01:29,5.031,5,48.83,AUT
2026-09-25 08:01:30,5.008,5,49.74,AUT
2026-09-25 08:01:31,4.992,5,50.39,AUT
2026-09-25 08:01:32,4.995,5,50.28,AUT
2026-09-25 08:01:33,5.017,5,49.36,AUT
2026-09-25 08:01:34,4.978,5,51,AUT
2026-09-25 08:01:35,4.999,5,50.17,AUT
2026-09-25 08:01:36,4.995,5,50.32,AUT
2026-09-25 08:01:37,5.007,5,49.81,AUT
2026-09-25 08:01:38,4.989,5,50.56,AUT
2026-09-25 08:01:39,4.958,5,51.93,AUT
2026-09-25 08:01:40,4.999,5,50.3,AUT
2026-09-25 08:01:41,4.994,5,50.51,AUT
2026-09-25 08:01:42,5.004,5,50.09,AUT
2026-09-25 08:01:43,4.968,5,51.61,AUT
2026-09-25 08:01:44,5.019,5,49.53,AUT
2026-09-25 08:01:45,4.973,5,51.43,AUT
2026-09-25 08:01:46,5.022,5,49.4,AUT
2026-09-25 08:01:47,5.01,5,49.86,AUT
2026-09-25 08:01:48,5.022,5,49.34,AUT
2026-09-25 08:01:49,5.001,5,50.19,AUT
2026-09-25 08:01:50,5.024,5,49.2,AUT
2026-09-25 08:01:51,5.011,5,49.7,AUT
2026-09-25 08:01:52,5.002,5,50.03,AUT
2026-09-25 08:01:53,5.001,5,50.07,AUT
2026-09-25 08:01:54,4.969,5,51.42,AUT
2026-09-25 08:01:55,4.986,5,50.77,AUT
2026-09-25 08:01:56,4.99,5,50.67,AUT
2026-09-25 08:01:57,4.976,5,51.26,AUT
2026-09-25 08:01:58,4.98,5,51.19,AUT
2026-09-25 08:01:59,5.02,5,49.51,AUT
2026-09-25 08:02:00,5.012,5,49.81,AUT
2026-09-25 08:02:01,4.977,5,51.26,AUT
2026-09-25 08:02:02,5.009,5,49.94,AUT
2026-09-25 08:02:03,5.014,5,49.73,AUT
2026-09-25 08:02:04,4.999,5,50.35,AUT
2026-09-25 08:02:05,5.012,5,49.78,AUT
2026-09-25 08:02:06,5.019,5,49.43,AUT
2026-09-25 08:02:07,5.03,5,48.92,AUT
2026-09-25 08:02:08,5.044,5,48.27,AUT
2026-09-25 08:02:09,5.033,5,48.61,AUT
2026-09-25 08:02:10,4.981,5,50.72,AUT
2026-09-25 08:02:11,5.006,5,49.73,AUT
2026-09-25 08:02:12,4.969,5,51.27,AUT
2026-09-25 08:02:13,4.976,5,51.06,AUT
2026-09-25 08:02:14,4.968,5,51.45,AUT
2026-09-25 08:02:15,4.932,5,53.07,AUT
2026-09-25 08:02:16,4.958,5,52.15,AUT
2026-09-25 08:02:17,4.956,5,52.37,AUT
2026-09-25 08:02:18,4.938,5,53.23,AUT
2026-09-25 08:02:19,4.974,5,51.89,AUT
2026-09-25 08:02:20,5.023,5,49.85,AUT
2026-09-25 08:02:21,4.997,5,50.89,AUT
2026-09-25 08:02:22,5.02,5,49.91,AUT
2026-09-25 08:02:23,5.02,5,49.87,AUT
2026-09-25 08:02:24,5.063,5,47.97,AUT
2026-09-25 08:02:25,5.019,5,49.69,AUT
2026-09-25 08:02:26,5.065,5,47.69,AUT
2026-09-25 08:02:27,5.039,5,48.61,AUT
2026-09-25 08:02:28,5.025,5,49.09,AUT
2026-09-25 08:02:29,5.014,5,49.53,AUT
2026-09-25 08:02:30,4.98,5,50.91,AUT
2026-09-25 08:02:31,4.985,5,50.78,AUT
2026-09-25 08:02:32,4.974,5,51.29,AUT
2026-09-25 08:02:33,4.977,5,51.2,AUT
2026-09-25 08:02:34,4.984,5,50.99,AUT
2026-09-25 08:02:35,4.968,5,51.7,AUT
2026-09-25 08:02:36,5.027,5,49.28,AUT
2026-09-25 08:02:37,4.959,5,52.11,AUT
2026-09-25 08:02:38,4.938,5,53.09,AUT
2026-09-25 08:02:39,4.914,5,54.31,AUT
2026-09-25 08:02:40,4.992,5,51.21,AUT
2026-09-25 08:02:41,5.008,5,50.55,AUT
2026-09-25 08:02:42,5.018,5,50.08,AUT
2026-09-25 08:02:43,4.988,5,51.31,AUT
2026-09-25 08:02:44,5.018,5,50.08,AUT
2026-09-25 08:02:45,5.017,5,50.06,AUT
2026-09-25 08:02:46,5.019,5,49.93,AUT
2026-09-25 08:02:47,5.021,5,49.8,AUT
2026-09-25 08:02:48,5.013,5,50.1,AUT
2026-09-25 08:02:49,5.034,5,49.14,AUT
2026-09-25 08:02:50,5.029,5,49.27,AUT
2026-09-25 08:02:51,5.039,5,48.77,AUT
2026-09-25 08:02:52,4.991,5,50.72,AUT
2026-09-25 08:02:53,4.996,5,50.51,AUT
2026-09-25 08:02:54,5.001,5,50.34,AUT
2026-09-25 08:02:55,4.996,5,50.52,AUT
2026-09-25 08:02:56,4.988,5,50.91,AUT
2026-09-25 08:02:57,4.971,5,51.66,AUT
2026-09-25 08:02:58,4.972,5,51.66,AUT
2026-09-25 08:02:59,4.956,5,52.45,AUT
2026-09-25 08:03:00,5.025,5,49.63,AUT
2026-09-25 08:03:01,5.003,5,50.47,AUT
2026-09-25 08:03:02,4.977,5,51.6,AUT
2026-09-25 08:03:03,4.999,5,50.69,AUT
2026-09-25 08:03:04,4.995,5,50.89,AUT
2026-09-25 08:03:05,4.99,5,51.12,AUT
2026-09-25 08:03:06,4.987,5,51.27,AUT
2026-09-25 08:03:07,5.024,5,49.71,AUT
2026-09-25 08:03:08,5.004,5,50.5,AUT
2026-09-25 08:03:09,4.999,5,50.72,AUT
2026-09-25 08:03:10,4.96,5,52.38,AUT
2026-09-25 08:03:11,4.962,5,52.4,AUT
2026-09-25 08:03:12,4.981,5,51.67,AUT
2026-09-25 08:03:13,4.983,5,51.67,AUT
2026-09-25 08:03:14,5.014,5,50.37,AUT
2026-09-25 08:03:15,5.028,5,49.76,AUT
2026-09-25 08:03:16,5.023,5,49.87,AUT
2026-09-25 08:03:17,5.045,5,48.86,AUT
2026-09-25 08:03:18,5.05,5,48.55,AUT
2026-09-25 08:03:19,5.029,5,49.33,AUT
2026-09-25 08:03:20,5.025,5,49.4,AUT
2026-09-25 08:03:21,4.985,5,51.04,AUT
2026-09-25 08:03:22,5.002,5,50.37,AUT
2026-09-25 08:03:23,5.02,5,49.57,AUT
2026-09-25 08:03:24,4.968,5,51.73,AUT
2026-09-25 08:03:25,5.021,5,49.55,AUT
2026-09-25 08:03:26,5,5,50.4,AUT
2026-09-25 08:03:27,4.957,5,52.24,AUT
2026-09-25 08:03:28,4.984,5,51.2,AUT
2026-09-25 08:03:29,5.005,5,50.36,AUT
2026-09-25 08:03:30,4.951,5,52.63,AUT
2026-09-25 08:03:31,4.969,5,52.01,AUT
2026-09-25 08:03:32,4.995,5,50.96,AUT
2026-09-25 08:03:33,4.988,5,51.31,AUT
2026-09-25 08:03:34,5.035,5,49.32,AUT
2026-09-25 08:03:35,4.979,5,51.62,AUT
2026-09-25 08:03:36,4.991,5,51.18,AUT
2026-09-25 08:03:37,4.99,5,51.21,AUT
2026-09-25 08:03:38,5.014,5,50.25,AUT
2026-09-25 08:03:39,5.054,5,48.51,AUT
2026-09-25 08:03:40,5.014,5,50.04,AUT
2026-09-25 08:03:41,5.071,5,47.56,AUT
2026-09-25 08:03:42,5.046,5,48.44,AUT
2026-09-25 08:03:43,5.034,5,48.85,AUT
2026-09-25 08:03:44,5.035,5,48.7,AUT
2026-09-25 08:03:45,4.976,5,51.13,AUT
2026-09-25 08:03:46,5.003,5,50.04,AUT
2026-09-25 08:03:47,4.991,5,50.57,AUT
2026-09-25 08:03:48,4.984,5,50.88,AUT
2026-09-25 08:03:49,4.978,5,51.19,AUT
2026-09-25 08:03:50,4.971,5,51.51,AUT
2026-09-25 08:03:51,4.969,5,51.69,AUT
2026-09-25 08:03:52,5.004,5,50.29,AUT
2026-09-25 08:03:53,4.984,5,51.13,AUT
2026-09-25 08:03:54,4.973,5,51.62,AUT
2026-09-25 08:03:55,4.948,5,52.77,AUT
2026-09-25 08:03:56,4.993,5,51.01,AUT
2026-09-25 08:03:57,5.001,5,50.67,AUT
2026-09-25 08:03:58,4.976,5,51.72,AUT
2026-09-25 08:03:59,4.982,5,51.56,AUT
2026-09-25 08:04:00,5.031,5,49.52,AUT
2026-09-25 08:04:01,5.017,5,50.01,AUT
2026-09-25 08:04:02,5.031,5,49.36,AUT
2026-09-25 08:04:03,5.044,5,48.74,AUT
2026-09-25 08:04:04,5.047,5,48.49,AUT
2026-09-25 08:04:05,4.993,5,50.67,AUT
2026-09-25 08:04:06,5.011,5,49.92,AUT
2026-09-25 08:04:07,5.008,5,50.04,AUT
2026-09-25 08:04:08,5.007,5,50.02,AUT
2026-09-25 08:04:09,5.004,5,50.15,AUT
2026-09-25 08:04:10,4.983,5,51.05,AUT
2026-09-25 08:04:11,4.98,5,51.2,AUT
2026-09-25 08:04:12,4.984,5,51.09,AUT
2026-09-25 08:04:13,5.014,5,49.85,AUT
2026-09-25 08:04:14,5.043,5,48.59,AUT
2026-09-25 08:04:15,4.975,5,51.38,AUT
2026-09-25 08:04:16,5.021,5,49.49,AUT
2026-09-25 08:04:17,5.021,5,49.43,AUT
2026-09-25 08:04:18,4.992,5,50.61,AUT
2026-09-25 08:04:19,4.989,5,50.75,AUT
2026-09-25 08:04:20,4.989,5,50.78,AUT
2026-09-25 08:04:21,5.028,5,49.14,AUT
2026-09-25 08:04:22,4.968,5,51.65,AUT
2026-09-25 08:04:23,4.991,5,50.74,AUT
2026-09-25 08:04:24,4.99,5,50.8,AUT
2026-09-25 08:04:25,4.999,5,50.43,AUT
2026-09-25 08:04:26,4.958,5,52.19,AUT
2026-09-25 08:04:27,5,5,50.5,AUT
2026-09-25 08:04:28,5.018,5,49.75,AUT
2026-09-25 08:04:29,5.01,5,50.06,AUT
2026-09-25 08:04:30,4.982,5,51.2,AUT
2026-09-25 08:04:31,4.999,5,50.53,AUT
2026-09-25 08:04:32,5.005,5,50.27,AUT
2026-09-25 08:04:33,5.057,5,48.06,AUT
2026-09-25 08:04:34,5.032,5,48.97,AUT
2026-09-25 08:04:35,5.003,5,50.1,AUT
2026-09-25 08:04:36,4.986,5,50.81,AUT
2026-09-25 08:04:37,5.018,5,49.49,AUT
2026-09-25 08:04:38,5.036,5,48.66,AUT
2026-09-25 08:04:39,5.02,5,49.25,AUT
2026-09-25 08:04:40,4.99,5,50.5,AUT
2026-09-25 08:04:41,5.004,5,49.93,AUT
2026-09-25 08:04:42,4.991,5,50.47,AUT
2026-09-25 08:04:43,4.975,5,51.18,AUT
2026-09-25 08:04:44,4.95,5,52.32,AUT
2026-09-25 08:04:45,4.976,5,51.35,AUT
2026-09-25 08:04:46,4.996,5,50.53,AUT
2026-09-25 08:04:47,4.994,5,50.64,AUT
2026-09-25 08:04:48,4.968,5,51.78,AUT
2026-09-25 08:04:49,4.978,5,51.41,AUT
2026-09-25 08:04:50,5.018,5,49.77,AUT
2026-09-25 08:04:51,5.018,5,49.71,AUT
2026-09-25 08:04:52,5.045,5,48.52,AUT
2026-09-25 08:04:53,5.017,5,49.59,AUT
2026-09-25 08:04:54,5.006,5,50,AUT
2026-09-25 08:04:55,5.031,5,48.96,AUT
2026-09-25 08:04:56,5.002,5,50.1,AUT
2026-09-25 08:04:57,5.036,5,48.65,AUT
2026-09-25 08:04:58,5.014,5,49.5,AUT
2026-09-25 08:04:59,4.979,5,50.94,AUT
2026-09-25 08:05:00,5.025,5,49.04,AUT
2026-09-25 08:05:01,5.015,5,49.41,AUT
2026-09-25 08:05:02,4.985,5,50.64,AUT
2026-09-25 08:05:03,5.014,5,49.45,AUT
2026-09-25 08:05:04,5.033,5,48.59,AUT
2026-09-25 08:05:05,4.997,5,50.04,AUT
2026-09-25 08:05:06,5.015,5,49.27,AUT
2026-09-25 08:05:07,4.995,5,50.07,AUT
2026-09-25 08:05:08,4.974,5,50.99,AUT
2026-09-25 08:05:09,4.998,5,50.06,AUT
2026-09-25 08:05:10,5.009,5,49.59,AUT
2026-09-25 08:05:11,5.016,5,49.26,AUT
2026-09-25 08:05:12,4.985,5,50.53,AUT
2026-09-25 08:05:13,4.969,5,51.26,AUT
2026-09-25 08:05:14,5.019,5,49.2,AUT
2026-09-25 08:05:15,4.976,5,50.99,AUT
2026-09-25 08:05:16,4.972,5,51.25,AUT
2026-09-25 08:05:17,5.005,5,49.91,AUT
2026-09-25 08:05:18,4.999,5,50.15,AUT
2026-09-25 08:05:19,4.997,5,50.24,AUT
2026-09-25 08:05:20,4.98,5,50.97,AUT
2026-09-25 08:05:21,5,5,50.16,AUT
2026-09-25 08:05:22,4.974,5,51.27,AUT
2026-09-25 08:05:23,5.045,5,48.31,AUT
2026-09-25 08:05:24,4.977,5,51.11,AUT
2026-09-25 08:05:25,5.018,5,49.42,AUT
2026-09-25 08:05:26,4.994,5,50.4,AUT
2026-09-25 08:05:27,5.033,5,48.72,AUT
2026-09-25 08:05:28,5.008,5,49.72,AUT
2026-09-25 08:05:29,4.987,5,50.57,AUT
2026-09-25 08:05:30,5.001,5,50.04,AUT
2026-09-25 08:05:31,4.998,5,50.15,AUT
2026-09-25 08:05:32,5,5,50.08,AUT
2026-09-25 08:05:33,4.971,5,51.29,AUT
2026-09-25 08:05:34,4.986,5,50.75,AUT
2026-09-25 08:05:35,4.994,5,50.42,AUT
2026-09-25 08:05:36,4.995,5,50.41,AUT
2026-09-25 08:05:37,4.995,5,50.42,AUT
2026-09-25 08:05:38,4.98,5,51.08,AUT
2026-09-25 08:05:39,5.007,5,50,AUT
2026-09-25 08:05:40,4.96,5,51.96,AUT
2026-09-25 08:05:41,4.988,5,50.89,AUT
2026-09-25 08:05:42,4.956,5,52.28,AUT
2026-09-25 08:05:43,4.986,5,51.1,AUT
2026-09-25 08:05:44,5.041,5,48.8,AUT
2026-09-25 08:05:45,4.992,5,50.77,AUT
2026-09-25 08:05:46,5.041,5,48.7,AUT
2026-09-25 08:05:47,5.039,5,48.71,AUT
2026-09-25 08:05:48,5.019,5,49.46,AUT
2026-09-25 08:05:49,4.996,5,50.35,AUT
2026-09-25 08:05:50,5.036,5,48.67,AUT
2026-09-25 08:05:51,5.02,5,49.28,AUT
2026-09-25 08:05:52,4.982,5,50.85,AUT
2026-09-25 08:05:53,5.001,5,50.06,AUT
2026-09-25 08:05:54,5.003,5,49.97,AUT
2026-09-25 08:05:55,4.988,5,50.6,AUT
2026-09-25 08:05:56,4.984,5,50.83,AUT
2026-09-25 08:05:57,4.968,5,51.55,AUT
2026-09-25 08:05:58,4.977,5,51.25,AUT
2026-09-25 08:05:59,4.974,5,51.42,AUT
2026-09-25 08:06:00,4.981,5,51.18,AUT
2026-09-25 08:06:01,4.991,5,50.83,AUT
2026-09-25 08:06:02,4.98,5,51.3,AUT
2026-09-25 08:06:03,4.988,5,51.03,AUT
2026-09-25 08:06:04,4.958,5,52.33,AUT
2026-09-25 08:06:05,5.006,5,50.39,AUT
2026-09-25 08:06:06,4.974,5,51.75,AUT
2026-09-25 08:06:07,5.058,5,48.23,AUT
2026-09-25 08:06:08,4.988,5,51.05,AUT
2026-09-25 08:06:09,5.018,5,49.83,AUT
2026-09-25 08:06:10,5.046,5,48.59,AUT
2026-09-25 08:06:11,4.989,5,50.88,AUT
2026-09-25 08:06:12,4.99,5,50.88,AUT
2026-09-25 08:06:13,5.028,5,49.29,AUT
2026-09-25 08:06:14,5.04,5,48.69,AUT
2026-09-25 08:06:15,5,5,50.28,AUT
2026-09-25 08:06:16,5.022,5,49.36,AUT
2026-09-25 08:06:17,4.999,5,50.26,AUT
2026-09-25 08:06:18,5.008,5,49.91,AUT
2026-09-25 08:06:19,4.992,5,50.58,AUT
2026-09-25 08:06:20,4.99,5,50.67,AUT
2026-09-25 08:06:21,4.985,5,50.9,AUT
2026-09-25 08:06:22,4.996,5,50.48,AUT
2026-09-25 08:06:23,5.009,5,49.94,AUT
2026-09-25 08:06:24,4.956,5,52.17,AUT
2026-09-25 08:06:25,4.977,5,51.39,AUT
2026-09-25 08:06:26,4.977,5,51.47,AUT
2026-09-25 08:06:27,5.005,5,50.33,AUT
2026-09-25 08:06:28,4.987,5,51.07,AUT
2026-09-25 08:06:29,5.01,5,50.15,AUT
2026-09-25 08:06:30,5.014,5,49.95,AUT
2026-09-25 08:06:31,5.022,5,49.57,AUT
2026-09-25 08:06:32,5.007,5,50.12,AUT
2026-09-25 08:06:33,4.989,5,50.9,AUT
2026-09-25 08:06:34,5.031,5,49.14,AUT
2026-09-25 08:06:35,5.001,5,50.3,AUT
2026-09-25 08:06:36,4.992,5,50.69,AUT
2026-09-25 08:06:37,4.989,5,50.84,AUT
2026-09-25 08:06:38,5.018,5,49.66,AUT
2026-09-25 08:06:39,5.012,5,49.87,AUT
2026-09-25 08:06:40,4.995,5,50.54,AUT
2026-09-25 08:06:41,4.972,5,51.55,AUT
2026-09-25 08:06:42,4.989,5,50.9,AUT
2026-09-25 08:06:43,4.992,5,50.79,AUT
2026-09-25 08:06:44,5.001,5,50.43,AUT
2026-09-25 08:06:45,5.017,5,49.75,AUT
2026-09-25 08:06:46,4.978,5,51.37,AUT
2026-09-25 08:06:47,4.999,5,50.53,AUT
2026-09-25 08:06:48,5.009,5,50.12,AUT
2026-09-25 08:06:49,5.029,5,49.25,AUT
2026-09-25 08:06:50,5,5,50.41,AUT
2026-09-25 08:06:51,4.99,5,50.8,AUT
2026-09-25 08:06:52,5.034,5,48.95,AUT
2026-09-25 08:06:53,5.007,5,50.01,AUT
2026-09-25 08:06:54,4.989,5,50.76,AUT
2026-09-25 08:06:55,5.039,5,48.66,AUT
2026-09-25 08:06:56,5.042,5,48.44,AUT
2026-09-25 08:06:57,4.986,5,50.71,AUT
2026-09-25 08:06:58,5.019,5,49.32,AUT
2026-09-25 08:06:59,4.974,5,51.22,AUT
2026-09-25 08:07:00,5.003,5,50.04,AUT
2026-09-25 08:07:01,5.003,5,50.05,AUT
2026-09-25 08:07:02,4.981,5,50.97,AUT
2026-09-25 08:07:03,4.972,5,51.4,AUT
2026-09-25 08:07:04,4.984,5,50.97,AUT
2026-09-25 08:07:05,5.006,5,50.05,AUT
2026-09-25 08:07:06,4.989,5,50.78,AUT
2026-09-25 08:07:07,5.013,5,49.78,AUT
2026-09-25 08:07:08,4.97,5,51.58,AUT
2026-09-25 08:07:09,5.016,5,49.69,AUT
2026-09-25 08:07:10,4.988,5,50.87,AUT
2026-09-25 08:07:11,5.005,5,50.17,AUT
2026-09-25 08:07:12,5.02,5,49.49,AUT
2026-09-25 08:07:13,5.005,5,50.1,AUT
2026-09-25 08:07:14,5.041,5,48.54,AUT
2026-09-25 08:07:15,5.008,5,49.83,AUT
2026-09-25 08:07:16,5.01,5,49.74,AUT
2026-09-25 08:07:17,4.987,5,50.68,AUT
2026-09-25 08:07:18,4.983,5,50.92,AUT
2026-09-25 08:07:19,5.031,5,48.89,AUT
2026-09-25 08:07:20,4.989,5,50.6,AUT
2026-09-25 08:07:21,4.981,5,50.99,AUT
2026-09-25 08:07:22,5.004,5,50.06,AUT
2026-09-25 08:07:23,5.004,5,50.04,AUT
2026-09-25 08:07:24,5.008,5,49.83,AUT
2026-09-25 08:07:25,5.011,5,49.69,AUT
2026-09-25 08:07:26,5.01,5,49.7,AUT
2026-09-25 08:07:27,4.956,5,51.98,AUT
2026-09-25 08:07:28,5.016,5,49.53,AUT
2026-09-25 08:07:29,4.992,5,50.55,AUT
2026-09-25 08:07:30,5.026,5,49.09,AUT
2026-09-25 08:07:31,4.957,5,51.98,AUT
2026-09-25 08:07:32,4.992,5,50.6,AUT
2026-09-25 08:07:33,5.002,5,50.19,AUT
2026-09-25 08:07:34,5.005,5,50.06,AUT
2026-09-25 08:07:35,4.987,5,50.79,AUT
2026-09-25 08:07:36,4.998,5,50.39,AUT
2026-09-25 08:07:37,5.016,5,49.62,AUT
2026-09-25 08:07:38,5.012,5,49.72,AUT
2026-09-25 08:07:39,5.012,5,49.7,AUT
2026-09-25 08:07:40,4.986,5,50.78,AUT
2026-09-25 08:07:41,4.989,5,50.68,AUT
2026-09-25 08:07:42,4.991,5,50.64,AUT
2026-09-25 08:07:43,5.004,5,50.09,AUT
2026-09-25 08:07:44,4.986,5,50.87,AUT
2026-09-25 08:07:45,4.98,5,51.18,AUT
2026-09-25 08:07:46,4.983,5,51.08,AUT
2026-09-25 08:07:47,5.008,5,50.07,AUT
2026-09-25 08:07:48,4.965,5,51.87,AUT
2026-09-25 08:07:49,5.019,5,49.65,AUT
2026-09-25 08:07:50,4.989,5,50.91,AUT
2026-09-25 08:07:51,4.963,5,52.04,AUT
2026-09-25 08:07:52,5.036,5,49.03,AUT
2026-09-25 08:07:53,4.987,5,51,AUT
2026-09-25 08:07:54,4.992,5,50.82,AUT
2026-09-25 08:07:55,5.011,5,50.03,AUT
2026-09-25 08:07:56,4.941,5,53,AUT
2026-09-25 08:07:57,5.009,5,50.27,AUT
2026-09-25 08:07:58,5.031,5,49.3,AUT
2026-09-25 08:07:59,5.021,5,49.65,AUT
2026-09-25 08:08:00,5.02,5,49.64,AUT
2026-09-25 08:08:01,5.053,5,48.19,AUT
2026-09-25 08:08:02,5.023,5,49.3,AUT
2026-09-25 08:08:03,5.03,5,48.94,AUT
2026-09-25 08:08:04,5.011,5,49.67,AUT
2026-09-25 08:08:05,5.027,5,48.96,AUT
2026-09-25 08:08:06,5.047,5,48.05,AUT
2026-09-25 08:08:07,4.998,5,50.02,AUT
2026-09-25 08:08:08,4.997,5,50.03,AUT
2026-09-25 08:08:09,4.999,5,49.98,AUT
2026-09-25 08:08:10,4.975,5,50.99,AUT
2026-09-25 08:08:11,4.993,5,50.29,AUT
2026-09-25 08:08:12,4.978,5,50.96,AUT
2026-09-25 08:08:13,5.001,5,50.02,AUT
2026-09-25 08:08:14,4.992,5,50.41,AUT
2026-09-25 08:08:15,5.005,5,49.87,AUT
2026-09-25 08:08:16,5.021,5,49.19,AUT
2026-09-25 08:08:17,4.982,5,50.81,AUT
2026-09-25 08:08:18,5,5,50.06,AUT
2026-09-25 08:08:19,4.996,5,50.26,AUT
2026-09-25 08:08:20,4.988,5,50.6,AUT
2026-09-25 08:08:21,4.997,5,50.25,AUT
2026-09-25 08:08:22,5.008,5,49.77,AUT
2026-09-25 08:08:23,4.999,5,50.15,AUT
2026-09-25 08:08:24,4.958,5,51.88,AUT
2026-09-25 08:08:25,5.017,5,49.48,AUT
2026-09-25 08:08:26,5.011,5,49.69,AUT
2026-09-25 08:08:27,5.027,5,48.98,AUT
2026-09-25 08:08:28,5.018,5,49.31,AUT
2026-09-25 08:08:29,5.024,5,49,AUT
2026-09-25 08:08:30,5.02,5,49.09,AUT
2026-09-25 08:08:31,4.987,5,50.47,AUT
2026-09-25 08:08:32,4.985,5,50.59,AUT
2026-09-25 08:08:33,5.009,5,49.6,AUT
2026-09-25 08:08:34,5.01,5,49.54,AUT
2026-09-25 08:08:35,5.015,5,49.29,AUT
2026-09-25 08:08:36,4.986,5,50.5,AUT
2026-09-25 08:08:37,5.015,5,49.3,AUT
2026-09-25 08:08:38,4.985,5,50.53,AUT
2026-09-25 08:08:39,5.003,5,49.79,AUT
2026-09-25 08:08:40,5.007,5,49.61,AUT
2026-09-25 08:08:41,5.001,5,49.87,AUT
2026-09-25 08:08:42,5.003,5,49.76,AUT
2026-09-25 08:08:43,5.01,5,49.48,AUT
2026-09-25 08:08:44,4.997,5,49.98,AUT
2026-09-25 08:08:45,5.011,5,49.41,AUT
2026-09-25 08:08:46,4.998,5,49.93,AUT
2026-09-25 08:08:47,4.993,5,50.13,AUT
2026-09-25 08:08:48,5.007,5,49.55,AUT
2026-09-25 08:08:49,5.04,5,48.14,AUT
2026-09-25 08:08:50,5.011,5,49.25,AUT
2026-09-25 08:08:51,4.965,5,51.2,AUT
2026-09-25 08:08:52,5.025,5,48.72,AUT
2026-09-25 08:08:53,4.982,5,50.51,AUT
2026-09-25 08:08:54,4.988,5,50.28,AUT
2026-09-25 08:08:55,4.955,5,51.71,AUT
2026-09-25 08:08:56,4.974,5,51.04,AUT
2026-09-25 08:08:57,4.968,5,51.36,AUT
2026-09-25 08:08:58,4.98,5,50.92,AUT
2026-09-25 08:08:59,4.974,5,51.25,AUT
2026-09-25 08:09:00,5.034,5,48.76,AUT
2026-09-25 08:09:01,4.985,5,50.77,AUT
2026-09-25 08:09:02,5.009,5,49.78,AUT
2026-09-25 08:09:03,4.993,5,50.44,AUT
2026-09-25 08:09:04,5.045,5,48.23,AUT
2026-09-25 08:09:05,5.046,5,48.08,AUT
2026-09-25 08:09:06,4.996,5,50.07,AUT
2026-09-25 08:09:07,5.036,5,48.36,AUT
2026-09-25 08:09:08,5.022,5,48.88,AUT
2026-09-25 08:09:09,5.052,5,47.54,AUT
2026-09-25 08:09:10,5.027,5,48.46,AUT
2026-09-25 08:09:11,5.026,5,48.46,AUT
2026-09-25 08:09:12,5.044,5,47.62,AUT
2026-09-25 08:09:13,4.997,5,49.48,AUT
2026-09-25 08:09:14,5.02,5,48.51,AUT
2026-09-25 08:09:15,5.015,5,48.69,AUT
2026-09-25 08:09:16,5.001,5,49.23,AUT
2026-09-25 08:09:17,4.979,5,50.18,AUT
2026-09-25 08:09:18,4.968,5,50.7,AUT
2026-09-25 08:09:19,4.955,5,51.33,AUT
2026-09-25 08:09:20,4.99,5,49.98,AUT
2026-09-25 08:09:21,4.965,5,51.05,AUT
2026-09-25 08:09:22,4.975,5,50.73,AUT
2026-09-25 08:09:23,4.92,5,53.12,AUT
2026-09-25 08:09:24,4.97,5,51.21,AUT
2026-09-25 08:09:25,4.992,5,50.34,AUT
2026-09-25 08:09:26,5.01,5,49.6,AUT
2026-09-25 08:09:27,4.997,5,50.13,AUT
2026-09-25 08:09:28,5.002,5,49.93,AUT
2026-09-25 08:09:29,5.002,5,49.94,AUT
2026-09-25 08:09:30,5.043,5,48.18,AUT
2026-09-25 08:09:31,5.014,5,49.28,AUT
2026-09-25 08:09:32,5.045,5,47.94,AUT
2026-09-25 08:09:33,5.037,5,48.16,AUT
2026-09-25 08:09:34,4.997,5,49.76,AUT
2026-09-25 08:09:35,5.051,5,47.48,AUT
2026-09-25 08:09:36,5.008,5,49.17,AUT
2026-09-25 08:09:37,5.022,5,48.55,AUT
2026-09-25 08:09:38,5.022,5,48.5,AUT
2026-09-25 08:09:39,5.025,5,48.32,AUT
2026-09-25 08:09:40,5.008,5,48.97,AUT
2026-09-25 08:09:41,4.998,5,49.37,AUT
2026-09-25 08:09:42,5.02,5,48.44,AUT
2026-09-25 08:09:43,4.981,5,50.05,AUT
2026-09-25 08:09:44,4.971,5,50.51,AUT
2026-09-25 08:09:45,4.967,5,50.76,AUT
2026-09-25 08:09:46,4.971,5,50.68,AUT
2026-09-25 08:09:47,4.964,5,51.07,AUT
2026-09-25 08:09:48,4.979,5,50.52,AUT
2026-09-25 08:09:49,4.974,5,50.8,AUT
2026-09-25 08:09:50,4.982,5,50.51,AUT
2026-09-25 08:09:51,4.981,5,50.63,AUT
2026-09-25 08:09:52,4.977,5,50.82,AUT
2026-09-25 08:09:53,4.982,5,50.67,AUT
2026-09-25 08:09:54,5.018,5,49.19,AUT
2026-09-25 08:09:55,5.014,5,49.3,AUT
2026-09-25 08:09:56,5.016,5,49.17,AUT
2026-09-25 08:09:57,5.042,5,48.04,AUT
2026-09-25 08:09:58,5.024,5,48.69,AUT
2026-09-25 08:09:59,5.023,5,48.65,AUT
2026-09-25 08:10:00,5.005,5,49.38,AUT
2026-09-25 08:10:01,5.021,5,48.68,AUT
2026-09-25 08:10:02,5.025,5,48.45,AUT
2026-09-25 08:10:03,5.034,5,48,AUT
2026-09-25 08:10:04,5.009,5,48.97,AUT
2026-09-25 08:10:05,5.016,5,48.65,AUT
2026-09-25 08:10:06,5,5,49.3,AUT
2026-09-25 08:10:07,4.964,5,50.83,AUT
2026-09-25 08:10:08,4.984,5,50.09,AUT
2026-09-25 08:10:09,4.992,5,49.8,AUT
2026-09-25 08:10:10,4.987,5,50,AUT
2026-09-25 08:10:11,4.956,5,51.37,AUT
2026-09-25 08:10:12,4.943,5,52.06,AUT
2026-09-25 08:10:13,4.957,5,51.6,AUT
2026-09-25 08:10:14,4.961,5,51.56,AUT
2026-09-25 08:10:15,5,5,49.98,AUT
2026-09-25 08:10:16,4.944,5,52.39,AUT
2026-09-25 08:10:17,4.981,5,50.93,AUT
2026-09-25 08:10:18,4.982,5,50.96,AUT
2026-09-25 08:10:19,4.966,5,51.69,AUT
2026-09-25 08:10:20,4.981,5,51.11,AUT
2026-09-25 08:10:21,5.006,5,50.12,AUT
2026-09-25 08:10:22,5.03,5,49.09,AUT
2026-09-25 08:10:23,5.038,5,48.65,AUT
2026-09-25 08:10:24,5.012,5,49.68,AUT
2026-09-25 08:10:25,5.021,5,49.26,AUT
2026-09-25 08:10:26,5.039,5,48.41,AUT
2026-09-25 08:10:27,5.021,5,49.07,AUT
2026-09-25 08:10:28,5.054,5,47.62,AUT
2026-09-25 08:10:29,5.034,5,48.35,AUT
2026-09-25 08:10:30,5.011,5,49.22,AUT
2026-09-25 08:10:31,5.031,5,48.34,AUT
2026-09-25 08:10:32,4.987,5,50.12,AUT
2026-09-25 08:10:33,5.019,5,48.79,AUT
2026-09-25 08:10:34,5.002,5,49.46,AUT
2026-09-25 08:10:35,4.94,5,52.1,AUT
2026-09-25 08:10:36,5.014,5,49.12,AUT
2026-09-25 08:10:37,5.019,5,48.85,AUT
2026-09-25 08:10:38,4.999,5,49.68,AUT
2026-09-25 08:10:39,4.956,5,51.51,AUT
2026-09-25 08:10:40,4.981,5,50.56,AUT
2026-09-25 08:10:41,5.009,5,49.42,AUT
2026-09-25 08:10:42,4.983,5,50.52,AUT
2026-09-25 08:10:43,4.974,5,50.94,AUT
2026-09-25 08:10:44,5.02,5,49.02,AUT
2026-09-25 08:10:45,4.974,5,50.95,AUT
2026-09-25 08:10:46,5.016,5,49.21,AUT
2026-09-25 08:10:47,5.007,5,49.57,AUT
2026-09-25 08:10:48,4.986,5,50.46,AUT
2026-09-25 08:10:49,4.996,5,50.07,AUT
2026-09-25 08:10:50,4.983,5,50.6,AUT
2026-09-25 08:10:51,5.037,5,48.37,AUT
2026-09-25 08:10:52,4.986,5,50.45,AUT
2026-09-25 08:10:53,5,5,49.86,AUT
2026-09-25 08:10:54,5.05,5,47.74,AUT
2026-09-25 08:10:55,5.019,5,48.95,AUT
2026-09-25 08:10:56,4.997,5,49.81,AUT
2026-09-25 08:10:57,5.007,5,49.42,AUT
2026-09-25 08:10:58,4.997,5,49.82,AUT
2026-09-25 08:10:59,4.973,5,50.84,AUT
2026-09-25 08:11:00,5.018,5,48.99,AUT
2026-09-25 08:11:01,4.997,5,49.83,AUT
2026-09-25 08:11:02,5.023,5,48.73,AUT
2026-09-25 08:11:03,4.977,5,50.66,AUT
2026-09-25 08:11:04,4.98,5,50.59,AUT
2026-09-25 08:11:05,4.99,5,50.18,AUT
2026-09-25 08:11:06,4.979,5,50.69,AUT
2026-09-25 08:11:07,4.968,5,51.21,AUT
2026-09-25 08:11:08,4.987,5,50.48,AUT
2026-09-25 08:11:09,4.98,5,50.83,AUT
2026-09-25 08:11:10,4.993,5,50.34,AUT
2026-09-25 08:11:11,4.96,5,51.77,AUT
2026-09-25 08:11:12,4.962,5,51.77,AUT
2026-09-25 08:11:13,5.011,5,49.77,AUT
2026-09-25 08:11:14,5.01,5,49.82,AUT
2026-09-25 08:11:15,5.041,5,48.45,AUT
2026-09-25 08:11:16,5.003,5,49.96,AUT
2026-09-25 08:11:17,5.014,5,49.49,AUT
2026-09-25 08:11:18,5.064,5,47.3,AUT
2026-09-25 08:11:19,5.033,5,48.45,AUT
2026-09-25 08:11:20,5.009,5,49.39,AUT
2026-09-25 08:11:21,5,5,49.75,AUT
2026-09-25 08:11:22,5.014,5,49.14,AUT
2026-09-25 08:11:23,5.007,5,49.4,AUT
2026-09-25 08:11:24,4.994,5,49.95,AUT
2026-09-25 08:11:25,4.954,5,51.67,AUT
2026-09-25 08:11:26,5.005,5,49.62,AUT
2026-09-25 08:11:27,4.975,5,50.88,AUT
2026-09-25 08:11:28,4.971,5,51.14,AUT
2026-09-25 08:11:29,4.982,5,50.74,AUT
2026-09-25 08:11:30,4.98,5,50.88,AUT
2026-09-25 08:11:31,4.972,5,51.25,AUT
2026-09-25 08:11:32,4.982,5,50.91,AUT
2026-09-25 08:11:33,5.025,5,49.13,AUT
2026-09-25 08:11:34,4.993,5,50.4,AUT
2026-09-25 08:11:35,4.981,5,50.96,AUT
2026-09-25 08:11:36,5.016,5,49.53,AUT
2026-09-25 08:11:37,5.026,5,49.06,AUT
2026-09-25 08:11:38,5.02,5,49.25,AUT
2026-09-25 08:11:39,4.993,5,50.32,AUT
2026-09-25 08:11:40,4.996,5,50.24,AUT
2026-09-25 08:11:41,5.061,5,47.46,AUT
2026-09-25 08:11:42,4.999,5,49.93,AUT
2026-09-25 08:11:43,5.001,5,49.84,AUT
2026-09-25 08:11:44,5.048,5,47.87,AUT
2026-09-25 08:11:45,5.01,5,49.35,AUT
2026-09-25 08:11:46,4.988,5,50.26,AUT
2026-09-25 08:11:47,4.991,5,50.15,AUT
2026-09-25 08:11:48,4.997,5,49.91,AUT
2026-09-25 08:11:49,4.966,5,51.27,AUT
2026-09-25 08:11:50,4.991,5,50.29,AUT
2026-09-25 08:11:51,4.974,5,51.05,AUT
2026-09-25 08:11:52,4.957,5,51.81,AUT
2026-09-25 08:11:53,4.962,5,51.74,AUT
2026-09-25 08:11:54,4.957,5,52.06,AUT
2026-09-25 08:11:55,5.009,5,49.92,AUT
2026-09-25 08:11:56,5.019,5,49.49,AUT
2026-09-25 08:11:57,4.992,5,50.59,AUT
2026-09-25 08:11:58,4.969,5,51.58,AUT
2026-09-25 08:11:59,5.05,5,48.21,AUT
2026-09-25 08:12:00,5.035,5,48.72,AUT
2026-09-25 08:12:01,4.969,5,51.47,AUT
2026-09-25 08:12:02,5.023,5,49.24,AUT
2026-09-25 08:12:03,5.049,5,48.06,AUT
2026-09-25 08:12:04,4.988,5,50.53,AUT
2026-09-25 08:12:05,5.012,5,49.53,AUT
2026-09-25 08:12:06,5.01,5,49.59,AUT
2026-09-25 08:12:07,5.01,5,49.56,AUT
2026-09-25 08:12:08,5.011,5,49.48,AUT
2026-09-25 08:12:09,5.019,5,49.13,AUT
2026-09-25 08:12:10,5.009,5,49.49,AUT
2026-09-25 08:12:11,4.99,5,50.28,AUT
2026-09-25 08:12:12,5.016,5,49.19,AUT
2026-09-25 08:12:13,5.022,5,48.92,AUT
2026-09-25 08:12:14,5.022,5,48.83,AUT
2026-09-25 08:12:15,4.958,5,51.53,AUT
2026-09-25 08:12:16,5,5,49.84,AUT
2026-09-25 08:12:17,5.009,5,49.47,AUT
2026-09-25 08:12:18,5.024,5,48.8,AUT
2026-09-25 08:12:19,5.01,5,49.34,AUT
2026-09-25 08:12:20,5.031,5,48.41,AUT
2026-09-25 08:12:21,5,5,49.66,AUT
2026-09-25 08:12:22,4.984,5,50.35,AUT
2026-09-25 08:12:23,5.011,5,49.2,AUT
2026-09-25 08:12:24,4.953,5,51.67,AUT
2026-09-25 08:12:25,4.943,5,52.2,AUT
2026-09-25 08:12:26,4.958,5,51.73,AUT
2026-09-25 08:12:27,4.962,5,51.65,AUT
2026-09-25 08:12:28,5.02,5,49.3,AUT
2026-09-25 08:12:29,4.93,5,53.1,AUT
2026-09-25 08:12:30,4.954,5,52.24,AUT
2026-09-25 08:12:31,4.951,5,52.5,AUT
2026-09-25 08:12:32,5.006,5,50.26,AUT
2026-09-25 08:12:33,5.011,5,50.07,AUT
2026-09-25 08:12:34,4.994,5,50.73,AUT
2026-09-25 08:12:35,5.006,5,50.25,AUT
2026-09-25 08:12:36,5.003,5,50.34,AUT
2026-09-25 08:12:37,5.074,5,47.31,AUT
2026-09-25 08:12:38,5.023,5,49.28,AUT
2026-09-25 08:12:39,5.049,5,48.11,AUT
2026-09-25 08:12:40,5.059,5,47.57,AUT
2026-09-25 08:12:41,5.047,5,47.91,AUT
2026-09-25 08:12:42,5.055,5,47.44,AUT
2026-09-25 08:12:43,5.037,5,48.07,AUT
2026-09-25 08:12:44,5.043,5,47.73,AUT
2026-09-25 08:12:45,5.01,5,49.02,AUT
2026-09-25 08:12:46,4.976,5,50.43,AUT
2026-09-25 08:12:47,5.003,5,49.37,AUT
2026-09-25 08:12:48,4.966,5,50.94,AUT
2026-09-25 08:12:49,4.916,5,53.15,AUT
2026-09-25 08:12:50,4.979,5,50.69,AUT
2026-09-25 08:12:51,4.916,5,53.44,AUT
2026-09-25 08:12:52,4.978,5,51,AUT
2026-09-25 08:12:53,4.988,5,50.65,AUT
2026-09-25 08:12:54,4.965,5,51.64,AUT
2026-09-25 08:12:55,4.967,5,51.66,AUT
2026-09-25 08:12:56,4.959,5,52.08,AUT
2026-09-25 08:12:57,5.027,5,49.31,AUT
2026-09-25 08:12:58,5.011,5,49.92,AUT
2026-09-25 08:12:59,4.995,5,50.54,AUT
2026-09-25 08:13:00,5.035,5,48.88,AUT
2026-09-25 08:13:01,5.039,5,48.63,AUT
2026-09-25 08:13:02,5.036,5,48.65,AUT
2026-09-25 08:13:03,5.009,5,49.7,AUT
2026-09-25 08:13:04,5.05,5,47.91,AUT
2026-09-25 08:13:05,4.987,5,50.45,AUT
2026-09-25 08:13:06,4.997,5,50.09,AUT
2026-09-25 08:13:07,5.059,5,47.44,AUT
2026-09-25 08:13:08,5.048,5,47.76,AUT
2026-09-25 08:13:09,5,5,49.67,AUT
2026-09-25 08:13:10,5.014,5,49.09,AUT
2026-09-25 08:13:11,5.009,5,49.24,AUT
2026-09-25 08:13:12,5.007,5,49.3,AUT
2026-09-25 08:13:13,5.02,5,48.74,AUT
2026-09-25 08:13:14,4.991,5,49.92,AUT
2026-09-25 08:13:15,4.979,5,50.47,AUT
2026-09-25 08:13:16,4.987,5,50.16,AUT
2026-09-25 08:13:17,4.979,5,50.54,AUT
2026-09-25 08:13:18,4.997,5,49.82,AUT
2026-09-25 08:13:19,4.958,5,51.52,AUT
2026-09-25 08:13:20,5.009,5,49.45,AUT
2026-09-25 08:13:21,4.985,5,50.45,AUT
2026-09-25 08:13:22,4.97,5,51.11,AUT
2026-09-25 08:13:23,4.996,5,50.07,AUT
2026-09-25 08:13:24,4.987,5,50.48,AUT
2026-09-25 08:13:25,4.98,5,50.82,AUT
2026-09-25 08:13:26,5.001,5,50,AUT
2026-09-25 08:13:27,4.995,5,50.25,AUT
2026-09-25 08:13:28,4.966,5,51.49,AUT
2026-09-25 08:13:29,5.006,5,49.88,AUT
2026-09-25 08:13:30,5.004,5,49.94,AUT
2026-09-25 08:13:31,5.022,5,49.14,AUT
2026-09-25 08:13:32,5.024,5,49.02,AUT
2026-09-25 08:13:33,5.029,5,48.73,AUT
2026-09-25 08:13:34,5.019,5,49.09,AUT
2026-09-25 08:13:35,5.025,5,48.77,AUT
2026-09-25 08:13:36,5.034,5,48.35,AUT
2026-09-25 08:13:37,5.049,5,47.61,AUT
2026-09-25 08:13:38,4.996,5,49.74,AUT
2026-09-25 08:13:39,5.002,5,49.48,AUT
2026-09-25 08:13:40,5.024,5,48.55,AUT
2026-09-25 08:13:41,4.976,5,50.52,AUT
2026-09-25 08:13:42,5.045,5,47.62,AUT
2026-09-25 08:13:43,4.985,5,50.09,AUT
2026-09-25 08:13:44,4.984,5,50.17,AUT
2026-09-25 08:13:45,5.002,5,49.44,AUT
2026-09-25 08:13:46,4.962,5,51.12,AUT
2026-09-25 08:13:47,4.969,5,50.93,AUT
2026-09-25 08:13:48,5.032,5,48.35,AUT
2026-09-25 08:13:49,4.975,5,50.68,AUT
2026-09-25 08:13:50,4.92,5,53.09,AUT
2026-09-25 08:13:51,4.954,5,51.88,AUT
2026-09-25 08:13:52,5.009,5,49.65,AUT
2026-09-25 08:13:53,5.028,5,48.8,AUT
2026-09-25 08:13:54,5.009,5,49.55,AUT
2026-09-25 08:13:55,4.992,5,50.24,AUT
2026-09-25 08:13:56,5.005,5,49.69,AUT
2026-09-25 08:13:57,5.041,5,48.14,AUT
2026-09-25 08:13:58,4.979,5,50.69,AUT
2026-09-25 08:13:59,5.03,5,48.58,AUT
2026-09-25 08:14:00,5.026,5,48.66,AUT
2026-09-25 08:14:01,5.002,5,49.63,AUT
2026-09-25 08:14:02,4.998,5,49.8,AUT
2026-09-25 08:14:03,5.026,5,48.6,AUT
2026-09-25 08:14:04,4.998,5,49.72,AUT
2026-09-25 08:14:05,5.018,5,48.88,AUT
2026-09-25 08:14:06,4.993,5,49.91,AUT
2026-09-25 08:14:07,5.01,5,49.17,AUT
2026-09-25 08:14:08,5.015,5,48.95,AUT
2026-09-25 08:14:09,4.996,5,49.74,AUT
2026-09-25 08:14:10,5.014,5,48.95,AUT
2026-09-25 08:14:11,4.985,5,50.14,AUT
2026-09-25 08:14:12,5.01,5,49.13,AUT
2026-09-25 08:14:13,5.013,5,48.96,AUT
2026-09-25 08:14:14,5.017,5,48.76,AUT
2026-09-25 08:14:15,4.992,5,49.77,AUT
2026-09-25 08:14:16,4.976,5,50.48,AUT
2026-09-25 08:14:17,4.976,5,50.57,AUT
2026-09-25 08:14:18,5.007,5,49.3,AUT
2026-09-25 08:14:19,4.992,5,49.94,AUT
2026-09-25 08:14:20,5.014,5,49.03,AUT
2026-09-25 08:14:21,4.973,5,50.71,AUT
2026-09-25 08:14:22,4.999,5,49.7,AUT
2026-09-25 08:14:23,4.994,5,49.91,AUT
2026-09-25 08:14:24,5.021,5,48.78,AUT
2026-09-25 08:14:25,4.986,5,50.21,AUT
2026-09-25 08:14:26,5.016,5,48.95,AUT
2026-09-25 08:14:27,4.992,5,49.92,AUT
2026-09-25 08:14:28,5.004,5,49.45,AUT
2026-09-25 08:14:29,4.98,5,50.48,AUT
2026-09-25 08:14:30,5.02,5,48.8,AUT
2026-09-25 08:14:31,4.987,5,50.17,AUT
2026-09-25 08:14:32,5.003,5,49.52,AUT
2026-09-25 08:14:33,5.012,5,49.13,AUT
2026-09-25 08:14:34,4.993,5,49.89,AUT
2026-09-25 08:14:35,4.991,5,50.02,AUT
2026-09-25 08:14:36,4.958,5,51.44,AUT
2026-09-25 08:14:37,4.993,5,50.04,AUT
2026-09-25 08:14:38,4.989,5,50.23,AUT
2026-09-25 08:14:39,5.016,5,49.13,AUT
2026-09-25 08:14:40,5.018,5,48.97,AUT
2026-09-25 08:14:41,5,5,49.71,AUT
2026-09-25 08:14:42,5.035,5,48.2,AUT
2026-09-25 08:14:43,5.03,5,48.34,AUT
2026-09-25 08:14:44,5.009,5,49.13,AUT
2026-09-25 08:14:45,5.04,5,47.82,AUT
2026-09-25 08:14:46,5.006,5,49.14,AUT
2026-09-25 08:14:47,5.017,5,48.68,AUT
2026-09-25 08:14:48,5.009,5,48.96,AUT
2026-09-25 08:14:49,4.989,5,49.78,AUT
2026-09-25 08:14:50,4.98,5,50.2,AUT
2026-09-25 08:14:51,4.98,5,50.25,AUT
2026-09-25 08:14:52,4.999,5,49.51,AUT
2026-09-25 08:14:53,5.003,5,49.32,AUT
2026-09-25 08:14:54,4.991,5,49.82,AUT
2026-09-25 08:14:55,4.998,5,49.58,AUT
2026-09-25 08:14:56,4.995,5,49.7,AUT
2026-09-25 08:14:57,4.982,5,50.25,AUT
2026-09-25 08:14:58,4.987,5,50.1,AUT
2026-09-25 08:14:59,4.997,5,49.72,AUT
2026-09-25 08:15:00,4.961,5,51.23,AUT
2026-09-25 08:15:01,4.968,5,51.04,AUT
2026-09-25 08:15:02,5.02,5,48.92,AUT
2026-09-25 08:15:03,4.978,5,50.67,AUT
2026-09-25 08:15:04,4.992,5,50.1,AUT
2026-09-25 08:15:05,5.007,5,49.49,AUT
2026-09-25 08:15:06,5.004,5,49.6,AUT
2026-09-25 08:15:07,5.023,5,48.78,AUT
2026-09-25 08:15:08,5.007,5,49.42,AUT
2026-09-25 08:15:09,5.008,5,49.34,AUT
2026-09-25 08:15:10,4.993,5,49.97,AUT
2026-09-25 08:15:11,5,5,49.69,AUT
2026-09-25 08:15:12,5.007,5,49.38,AUT
2026-09-25 08:15:13,4.998,5,49.74,AUT
2026-09-25 08:15:14,5.01,5,49.24,AUT
2026-09-25 08:15:15,5.033,5,48.22,AUT
2026-09-25 08:15:16,5.021,5,48.65,AUT
2026-09-25 08:15:17,5,5,49.51,AUT
2026-09-25 08:15:18,4.95,5,51.63,AUT
2026-09-25 08:15:19,5.018,5,48.87,AUT
2026-09-25 08:15:20,5.043,5,47.77,AUT
2026-09-25 08:15:21,4.982,5,50.23,AUT
2026-09-25 08:15:22,5.02,5,48.66,AUT
2026-09-25 08:15:23,5.009,5,49.08,AUT
2026-09-25 08:15:24,5.025,5,48.36,AUT
2026-09-25 08:15:25,4.988,5,49.86,AUT
2026-09-25 08:15:26,5.002,5,49.32,AUT
2026-09-25 08:15:27,4.975,5,50.45,AUT
2026-09-25 08:15:28,5.007,5,49.18,AUT
2026-09-25 08:15:29,4.987,5,49.99,AUT
2026-09-25 08:15:30,4.971,5,50.73,AUT
2026-09-25 08:15:31,4.991,5,49.94,AUT
2026-09-25 08:15:32,4.981,5,50.38,AUT
2026-09-25 08:15:33,4.975,5,50.69,AUT
2026-09-25 08:15:34,5.038,5,48.07,AUT
2026-09-25 08:15:35,4.967,5,51.02,AUT
2026-09-25 08:15:36,4.977,5,50.67,AUT
2026-09-25 08:15:37,4.994,5,50.02,AUT
2026-09-25 08:15:38,5.009,5,49.39,AUT
2026-09-25 08:15:39,5.005,5,49.52,AUT
2026-09-25 08:15:40,5.002,5,49.64,AUT
2026-09-25 08:15:41,5.009,5,49.33,AUT
2026-09-25 08:15:42,5.026,5,48.59,AUT
2026-09-25 08:15:43,5.095,5,45.58,AUT
2026-09-25 08:15:44,4.989,5,49.83,AUT
2026-09-25 08:15:45,5.017,5,48.69,AUT
2026-09-25 08:15:46,4.997,5,49.49,AUT
2026-09-25 08:15:47,5.008,5,49.01,AUT
2026-09-25 08:15:48,5.021,5,48.43,AUT
2026-09-25 08:15:49,4.985,5,49.95,AUT
2026-09-25 08:15:50,4.975,5,50.39,AUT
2026-09-25 08:15:51,5.001,5,49.35,AUT
2026-09-25 08:15:52,5.023,5,48.4,AUT
2026-09-25 08:15:53,4.989,5,49.79,AUT
2026-09-25 08:15:54,4.962,5,50.99,AUT
2026-09-25 08:15:55,4.998,5,49.56,AUT
2026-09-25 08:15:56,5,5,49.49,AUT
2026-09-25 08:15:57,5.022,5,48.52,AUT
2026-09-25 08:15:58,4.959,5,51.14,AUT
2026-09-25 08:15:59,4.976,5,50.56,AUT
2026-09-25 08:16:00,4.998,5,49.65,AUT
2026-09-25 08:16:01,4.992,5,49.93,AUT
2026-09-25 08:16:02,5.012,5,49.11,AUT
2026-09-25 08:16:03,4.972,5,50.79,AUT
2026-09-25 08:16:04,4.982,5,50.43,AUT
2026-09-25 08:16:05,4.978,5,50.65,AUT
2026-09-25 08:16:06,4.962,5,51.37,AUT
2026-09-25 08:16:07,5.035,5,48.39,AUT
2026-09-25 08:16:08,5.003,5,49.62,AUT
2026-09-25 08:16:09,4.995,5,49.97,AUT
2026-09-25 08:16:10,5.059,5,47.27,AUT
2026-09-25 08:16:11,5.012,5,49.12,AUT
2026-09-25 08:16:12,5.008,5,49.24,AUT
2026-09-25 08:16:13,5.029,5,48.33,AUT
2026-09-25 08:16:14,5.016,5,48.79,AUT
2026-09-25 08:16:15,4.985,5,50.1,AUT
2026-09-25 08:16:16,5.015,5,48.87,AUT
2026-09-25 08:16:17,4.968,5,50.8,AUT
2026-09-25 08:16:18,4.993,5,49.84,AUT
2026-09-25 08:16:19,5.005,5,49.33,AUT
2026-09-25 08:16:20,5.003,5,49.4,AUT
2026-09-25 08:16:21,4.99,5,49.97,AUT
2026-09-25 08:16:22,5,5,49.55,AUT
2026-09-25 08:16:23,4.989,5,50.01,AUT
2026-09-25 08:16:24,5.015,5,48.95,AUT
2026-09-25 08:16:25,5.014,5,48.97,AUT
2026-09-25 08:16:26,5.034,5,48.07,AUT
2026-09-25 08:16:27,5.017,5,48.68,AUT
2026-09-25 08:16:28,5.015,5,48.73,AUT
2026-09-25 08:16:29,4.965,5,50.81,AUT
2026-09-25 08:16:30,4.99,5,49.85,AUT
2026-09-25 08:16:31,4.996,5,49.63,AUT
2026-09-25 08:16:32,5.014,5,48.89,AUT
2026-09-25 08:16:33,4.968,5,50.8,AUT
2026-09-25 08:16:34,5.019,5,48.72,AUT
2026-09-25 08:16:35,5.024,5,48.44,AUT
2026-09-25 08:16:36,5.036,5,47.84,AUT
2026-09-25 08:16:37,5.022,5,48.35,AUT
2026-09-25 08:16:38,5.003,5,49.1,AUT
2026-09-25 08:16:39,4.962,5,50.87,AUT
2026-09-25 08:16:40,4.966,5,50.78,AUT
2026-09-25 08:16:41,4.995,5,49.64,AUT
2026-09-25 08:16:42,5.024,5,48.42,AUT
2026-09-25 08:16:43,4.963,5,50.96,AUT
2026-09-25 08:16:44,5.007,5,49.19,AUT
2026-09-25 08:16:45,4.975,5,50.54,AUT
2026-09-25 08:16:46,5.014,5,48.93,AUT
2026-09-25 08:16:47,4.984,5,50.15,AUT
2026-09-25 08:16:48,4.978,5,50.48,AUT
2026-09-25 08:16:49,4.992,5,49.95,AUT
2026-09-25 08:16:50,4.981,5,50.42,AUT
2026-09-25 08:16:51,5.011,5,49.2,AUT
2026-09-25 08:16:52,5.006,5,49.39,AUT
2026-09-25 08:16:53,4.993,5,49.92,AUT
2026-09-25 08:16:54,4.973,5,50.77,AUT
2026-09-25 08:16:55,5.023,5,48.72,AUT
2026-09-25 08:16:56,4.96,5,51.33,AUT
2026-09-25 08:16:57,5.009,5,49.37,AUT
2026-09-25 08:16:58,5.01,5,49.28,AUT
2026-09-25 08:16:59,4.974,5,50.81,AUT
2026-09-25 08:17:00,5.029,5,48.53,AUT
2026-09-25 08:17:01,5.025,5,48.63,AUT
2026-09-25 08:17:02,4.985,5,50.25,AUT
2026-09-25 08:17:03,5.039,5,48,AUT
2026-09-25 08:17:04,5.003,5,49.43,AUT
2026-09-25 08:17:05,5.022,5,48.62,AUT
2026-09-25 08:17:06,4.989,5,49.97,AUT
2026-09-25 08:17:07,5.035,5,48.03,AUT
2026-09-25 08:17:08,5.01,5,49.02,AUT
2026-09-25 08:17:09,5.005,5,49.17,AUT
2026-09-25 08:17:10,5.005,5,49.17,AUT
2026-09-25 08:17:11,5.055,5,47.01,AUT
2026-09-25 08:17:12,5.019,5,48.44,AUT
2026-09-25 08:17:13,5.003,5,49.05,AUT
2026-09-25 08:17:14,5.004,5,49.01,AUT
2026-09-25 08:17:15,4.98,5,50.03,AUT
2026-09-25 08:17:16,4.998,5,49.3,AUT
2026-09-25 08:17:17,4.967,5,50.64,AUT
2026-09-25 08:17:18,4.994,5,49.55,AUT
2026-09-25 08:17:19,4.989,5,49.81,AUT
2026-09-25 08:17:20,5.001,5,49.32,AUT
2026-09-25 08:17:21,4.977,5,50.35,AUT
2026-09-25 08:17:22,4.981,5,50.24,AUT
2026-09-25 08:17:23,4.949,5,51.66,AUT
2026-09-25 08:17:24,4.943,5,52.05,AUT
2026-09-25 08:17:25,4.99,5,50.2,AUT
2026-09-25 08:17:26,4.985,5,50.45,AUT
2026-09-25 08:17:27,4.989,5,50.29,AUT
2026-09-25 08:17:28,4.981,5,50.65,AUT
2026-09-25 08:17:29,5.03,5,48.63,AUT
2026-09-25 08:17:30,5.051,5,47.63,AUT
2026-09-25 08:17:31,5.046,5,47.71,AUT
2026-09-25 08:17:32,5.038,5,47.94,AUT
2026-09-25 08:17:33,5.003,5,49.33,AUT
2026-09-25 08:17:34,5.038,5,47.82,AUT
2026-09-25 08:17:35,5.069,5,46.4,AUT
2026-09-25 08:17:36,5.034,5,47.71,AUT
2026-09-25 08:17:37,5.021,5,48.18,AUT
2026-09-25 08:17:38,5.027,5,47.88,AUT
2026-09-25 08:17:39,4.987,5,49.5,AUT
2026-09-25 08:17:40,5.006,5,48.73,AUT
2026-09-25 08:17:41,4.968,5,50.35,AUT
2026-09-25 08:17:42,4.959,5,50.81,AUT
2026-09-25 08:17:43,4.988,5,49.69,AUT
2026-09-25 08:17:44,4.958,5,50.97,AUT
2026-09-25 08:17:45,4.971,5,50.56,AUT
2026-09-25 08:17:46,4.954,5,51.33,AUT
2026-09-25 08:17:47,4.966,5,50.96,AUT
2026-09-25 08:17:48,5.019,5,48.8,AUT
2026-09-25 08:17:49,4.992,5,49.91,AUT
2026-09-25 08:17:50,5.006,5,49.31,AUT
2026-09-25 08:17:51,4.958,5,51.33,AUT
2026-09-25 08:17:52,5.013,5,49.1,AUT
2026-09-25 08:17:53,4.993,5,49.92,AUT
2026-09-25 08:17:54,4.996,5,49.81,AUT
2026-09-25 08:17:55,5.02,5,48.79,AUT
2026-09-25 08:17:56,4.987,5,50.17,AUT
2026-09-25 08:17:57,4.991,5,50.02,AUT
2026-09-25 08:17:58,4.99,5,50.1,AUT
2026-09-25 08:17:59,4.978,5,50.65,AUT
2026-09-25 08:18:00,5.032,5,48.36,AUT
2026-09-25 08:18:01,5.019,5,48.83,AUT
2026-09-25 08:18:02,5.012,5,49.11,AUT
2026-09-25 08:18:03,4.994,5,49.85,AUT
2026-09-25 08:18:04,5.033,5,48.17,AUT
2026-09-25 08:18:05,4.997,5,49.64,AUT
2026-09-25 08:18:06,4.986,5,50.1,AUT
2026-09-25 08:18:07,4.981,5,50.36,AUT
2026-09-25 08:18:08,4.991,5,49.97,AUT
2026-09-25 08:18:09,5.032,5,48.25,AUT
2026-09-25 08:18:10,5.012,5,49.03,AUT
2026-09-25 08:18:11,4.985,5,50.15,AUT
2026-09-25 08:18:12,5.037,5,47.96,AUT
2026-09-25 08:18:13,4.981,5,50.27,AUT
2026-09-25 08:18:14,5.003,5,49.38,AUT
2026-09-25 08:18:15,5.002,5,49.42,AUT
2026-09-25 08:18:16,5.021,5,48.58,AUT
2026-09-25 08:18:17,5.014,5,48.82,AUT
2026-09-25 08:18:18,5.015,5,48.77,AUT
2026-09-25 08:18:19,5.039,5,47.71,AUT
2026-09-25 08:18:20,5.037,5,47.68,AUT
2026-09-25 08:18:21,4.999,5,49.17,AUT
2026-09-25 08:18:22,4.992,5,49.51,AUT
2026-09-25 08:18:23,5.021,5,48.28,AUT
2026-09-25 08:18:24,5.019,5,48.3,AUT
2026-09-25 08:18:25,4.996,5,49.23,AUT
2026-09-25 08:18:26,5.008,5,48.73,AUT
2026-09-25 08:18:27,4.971,5,50.29,AUT
2026-09-25 08:18:28,4.965,5,50.63,AUT
2026-09-25 08:18:29,4.979,5,50.11,AUT
2026-09-25 08:18:30,5.004,5,49.11,AUT
2026-09-25 08:18:31,4.999,5,49.31,AUT
2026-09-25 08:18:32,4.969,5,50.59,AUT
2026-09-25 08:18:33,4.968,5,50.7,AUT
2026-09-25 08:18:34,4.972,5,50.61,AUT
2026-09-25 08:18:35,4.98,5,50.36,AUT
2026-09-25 08:18:36,4.977,5,50.55,AUT
2026-09-25 08:18:37,4.983,5,50.35,AUT
2026-09-25 08:18:38,4.984,5,50.35,AUT
2026-09-25 08:18:39,5.007,5,49.41,AUT
2026-09-25 08:18:40,4.991,5,50.08,AUT
2026-09-25 08:18:41,5.031,5,48.38,AUT
2026-09-25 08:18:42,5.007,5,49.34,AUT
2026-09-25 08:18:43,5.028,5,48.41,AUT
2026-09-25 08:18:44,5.024,5,48.51,AUT
2026-09-25 08:18:45,5.039,5,47.81,AUT
2026-09-25 08:18:46,4.995,5,49.6,AUT
2026-09-25 08:18:47,5.015,5,48.76,AUT
2026-09-25 08:18:48,5.013,5,48.8,AUT
2026-09-25 08:18:49,4.997,5,49.45,AUT
2026-09-25 08:18:50,4.976,5,50.36,AUT
2026-09-25 08:18:51,5.005,5,49.16,AUT
2026-09-25 08:18:52,5.045,5,47.46,AUT
2026-09-25 08:18:53,5.002,5,49.16,AUT
2026-09-25 08:18:54,4.968,5,50.63,AUT
2026-09-25 08:18:55,5.033,5,47.91,AUT
2026-09-25 08:18:56,4.998,5,49.35,AUT
2026-09-25 08:18:57,4.981,5,50.06,AUT
2026-09-25 08:18:58,4.987,5,49.87,AUT
2026-09-25 08:18:59,4.995,5,49.55,AUT
2026-09-25 08:19:00,4.967,5,50.76,AUT
2026-09-25 08:19:01,4.975,5,50.5,AUT
2026-09-25 08:19:02,5.006,5,49.24,AUT
2026-09-25 08:19:03,4.972,5,50.69,AUT
2026-09-25 08:19:04,4.978,5,50.52,AUT
2026-09-25 08:19:05,4.956,5,51.52,AUT
2026-09-25 08:19:06,5.017,5,49.03,AUT
2026-09-25 08:19:07,4.957,5,51.53,AUT
2026-09-25 08:19:08,4.983,5,50.52,AUT
2026-09-25 08:19:09,5.019,5,49.03,AUT
2026-09-25 08:19:10,5,5,49.82,AUT
2026-09-25 08:19:11,5.034,5,48.37,AUT
2026-09-25 08:19:12,5.046,5,47.77,AUT
2026-09-25 08:19:13,5.012,5,49.08,AUT
2026-09-25 08:19:14,5.041,5,47.79,AUT
2026-09-25 08:19:15,5.056,5,47.08,AUT
2026-09-25 08:19:16,5.039,5,47.63,AUT
2026-09-25 08:19:17,5.007,5,48.9,AUT
2026-09-25 08:19:18,5.006,5,48.9,AUT
2026-09-25 08:19:19,5.016,5,48.5,AUT
2026-09-25 08:19:20,4.991,5,49.5,AUT
2026-09-25 08:19:21,4.986,5,49.74,AUT
2026-09-25 08:19:22,4.994,5,49.44,AUT
2026-09-25 08:19:23,4.973,5,50.37,AUT
2026-09-25 08:19:24,4.976,5,50.29,AUT
2026-09-25 08:19:25,4.991,5,49.73,AUT
2026-09-25 08:19:26,4.996,5,49.54,AUT
2026-09-25 08:19:27,5.004,5,49.21,AUT
2026-09-25 08:19:28,5.006,5,49.09,AUT
2026-09-25 08:19:29,4.999,5,49.37,AUT
2026-09-25 08:19:30,5.024,5,48.31,AUT
2026-09-25 08:19:31,5.012,5,48.77,AUT
2026-09-25 08:19:32,5.003,5,49.13,AUT
2026-09-25 08:19:33,5.036,5,47.69,AUT
2026-09-25 08:19:34,5.015,5,48.49,AUT
2026-09-25 08:19:35,4.993,5,49.42,AUT
2026-09-25 08:19:36,5.01,5,48.71,AUT
2026-09-25 08:19:37,4.99,5,49.51,AUT
2026-09-25 08:19:38,4.99,5,49.54,AUT
2026-09-25 08:19:39,4.982,5,49.91,AUT
2026-09-25 08:19:40,4.979,5,50.07,AUT
2026-09-25 08:19:41,4.945,5,51.61,AUT
2026-09-25 08:19:42,4.989,5,49.87,AUT
2026-09-25 08:19:43,5.008,5,49.07,AUT
2026-09-25 08:19:44,4.976,5,50.42,AUT
2026-09-25 08:19:45,4.973,5,50.62,AUT
2026-09-25 08:19:46,4.984,5,50.21,AUT
2026-09-25 08:19:47,5.009,5,49.22,AUT
2026-09-25 08:19:48,5.007,5,49.25,AUT
2026-09-25 08:19:49,4.992,5,49.89,AUT
2026-09-25 08:19:50,4.988,5,50.05,AUT
2026-09-25 08:19:51,5.003,5,49.45,AUT
2026-09-25 08:19:52,5.001,5,49.56,AUT
2026-09-25 08:19:53,5.003,5,49.45,AUT
2026-09-25 08:19:54,5.014,5,48.98,AUT
2026-09-25 08:19:55,5.019,5,48.71,AUT
2026-09-25 08:19:56,4.995,5,49.71,AUT
2026-09-25 08:19:57,5.035,5,48.03,AUT
2026-09-25 08:19:58,5.045,5,47.49,AUT
2026-09-25 08:19:59,5.042,5,47.48,AUT
2026-09-25 08:20:00,4.974,5,50.29,AUT
2026-09-25 08:20:01,4.999,5,49.31,AUT
2026-09-25 08:20:02,5.047,5,47.24,AUT
2026-09-25 08:20:03,4.976,5,50.15,AUT
2026-09-25 08:20:04,4.985,5,49.83,AUT
2026-09-25 08:20:05,4.981,5,50.03,AUT
2026-09-25 08:20:06,4.968,5,50.64,AUT
2026-09-25 08:20:07,4.998,5,49.44,AUT
2026-09-25 08:20:08,4.985,5,50.01,AUT
2026-09-25 08:20:09,5.003,5,49.29,AUT
2026-09-25 08:20:10,4.995,5,49.63,AUT
2026-09-25 08:20:11,4.981,5,50.25,AUT
2026-09-25 08:20:12,5.005,5,49.26,AUT
2026-09-25 08:20:13,4.999,5,49.48,AUT
2026-09-25 08:20:14,5.007,5,49.16,AUT
2026-09-25 08:20:15,4.981,5,50.27,AUT
2026-09-25 08:20:16,5.025,5,48.41,AUT
2026-09-25 08:20:17,4.994,5,49.68,AUT
2026-09-25 08:20:18,5.019,5,48.64,AUT
2026-09-25 08:20:19,5.007,5,49.11,AUT
2026-09-25 08:20:20,5.01,5,48.94,AUT
2026-09-25 08:20:21,5.013,5,48.77,AUT
2026-09-25 08:20:22,5.028,5,48.1,AUT
2026-09-25 08:20:23,5.002,5,49.14,AUT
2026-09-25 08:20:24,5.015,5,48.58,AUT
2026-09-25 08:20:25,4.983,5,49.93,AUT
2026-09-25 08:20:26,5.004,5,49.05,AUT
2026-09-25 08:20:27,4.997,5,49.36,AUT
2026-09-25 08:20:28,4.98,5,50.1,AUT
2026-09-25 08:20:29,5.009,5,48.91,AUT
2026-09-25 08:20:30,4.997,5,49.37,AUT
2026-09-25 08:20:31,4.987,5,49.84,AUT
2026-09-25 08:20:32,4.993,5,49.61,AUT
2026-09-25 08:20:33,4.977,5,50.32,AUT
2026-09-25 08:20:34,4.972,5,50.58,AUT
2026-09-25 08:20:35,4.986,5,50.07,AUT
2026-09-25 08:20:36,4.996,5,49.66,AUT
2026-09-25 08:20:37,4.992,5,49.85,AUT
2026-09-25 08:20:38,4.999,5,49.56,AUT
2026-09-25 08:20:39,4.983,5,50.26,AUT
2026-09-25 08:20:40,5.006,5,49.33,AUT
2026-09-25 08:20:41,5.004,5,49.37,AUT
2026-09-25 08:20:42,5.011,5,49.09,AUT
2026-09-25 08:20:43,4.993,5,49.8,AUT
2026-09-25 08:20:44,5.008,5,49.18,AUT
2026-09-25 08:20:45,4.984,5,50.2,AUT
2026-09-25 08:20:46,5.043,5,47.71,AUT
2026-09-25 08:20:47,4.969,5,50.75,AUT
2026-09-25 08:20:48,5.01,5,49.11,AUT
2026-09-25 08:20:49,5.021,5,48.62,AUT
2026-09-25 08:20:50,4.996,5,49.62,AUT
2026-09-25 08:20:51,5.004,5,49.29,AUT
2026-09-25 08:20:52,5.025,5,48.37,AUT
2026-09-25 08:20:53,5.015,5,48.72,AUT
2026-09-25 08:20:54,4.967,5,50.76,AUT
2026-09-25 08:20:55,4.997,5,49.54,AUT
2026-09-25 08:20:56,5,5,49.42,AUT
2026-09-25 08:20:57,4.991,5,49.81,AUT
2026-09-25 08:20:58,4.968,5,50.81,AUT
2026-09-25 08:20:59,4.989,5,50.02,AUT
2026-09-25 08:21:00,4.975,5,50.63,AUT
2026-09-25 08:21:01,5.002,5,49.57,AUT
2026-09-25 08:21:02,4.968,5,51,AUT
2026-09-25 08:21:03,4.983,5,50.45,AUT
2026-09-25 08:21:04,4.982,5,50.53,AUT
2026-09-25 08:21:05,5.008,5,49.46,AUT
2026-09-25 08:21:06,4.985,5,50.42,AUT
2026-09-25 08:21:07,5.008,5,49.47,AUT
2026-09-25 08:21:08,5.025,5,48.75,AUT
2026-09-25 08:21:09,5.04,5,48.01,AUT
2026-09-25 08:21:10,5.026,5,48.53,AUT
2026-09-25 08:21:11,5.024,5,48.52,AUT
2026-09-25 08:21:12,5.013,5,48.96,AUT
2026-09-25 08:21:13,5.009,5,49.09,AUT
2026-09-25 08:21:14,5.032,5,48.07,AUT
2026-09-25 08:21:15,4.995,5,49.56,AUT
2026-09-25 08:21:16,4.976,5,50.37,AUT
2026-09-25 08:21:17,4.996,5,49.59,AUT
2026-09-25 08:21:18,4.951,5,51.53,AUT
2026-09-25 08:21:19,4.98,5,50.43,AUT
2026-09-25 08:21:20,4.983,5,50.33,AUT
2026-09-25 08:21:21,4.982,5,50.45,AUT
2026-09-25 08:21:22,4.978,5,50.65,AUT
2026-09-25 08:21:23,4.991,5,50.15,AUT
2026-09-25 08:21:24,4.988,5,50.3,AUT
2026-09-25 08:21:25,5.004,5,49.68,AUT
2026-09-25 08:21:26,4.988,5,50.33,AUT
2026-09-25 08:21:27,5.035,5,48.35,AUT
2026-09-25 08:21:28,5.017,5,49.02,AUT
2026-09-25 08:21:29,5.041,5,47.97,AUT
2026-09-25 08:21:30,5.023,5,48.61,AUT
2026-09-25 08:21:31,5.017,5,48.8,AUT
2026-09-25 08:21:32,4.991,5,49.86,AUT
2026-09-25 08:21:33,5.023,5,48.52,AUT
2026-09-25 08:21:34,5.004,5,49.3,AUT
2026-09-25 08:21:35,4.984,5,50.14,AUT
2026-09-25 08:21:36,4.98,5,50.36,AUT
2026-09-25 08:21:37,4.967,5,50.94,AUT
2026-09-25 08:21:38,4.987,5,50.18,AUT
2026-09-25 08:21:39,4.985,5,50.32,AUT
2026-09-25 08:21:40,4.986,5,50.3,AUT
2026-09-25 08:21:41,4.985,5,50.4,AUT
2026-09-25 08:21:42,4.981,5,50.59,AUT
2026-09-25 08:21:43,5.034,5,48.37,AUT
2026-09-25 08:21:44,4.982,5,50.53,AUT
2026-09-25 08:21:45,4.982,5,50.57,AUT
2026-09-25 08:21:46,5.003,5,49.72,AUT
2026-09-25 08:21:47,4.995,5,50.03,AUT
2026-09-25 08:21:48,5.002,5,49.77,AUT
2026-09-25 08:21:49,4.983,5,50.58,AUT
2026-09-25 08:21:50,5.012,5,49.37,AUT
2026-09-25 08:21:51,4.995,5,50.08,AUT
2026-09-25 08:21:52,5.017,5,49.16,AUT
2026-09-25 08:21:53,4.985,5,50.48,AUT
2026-09-25 08:21:54,4.991,5,50.26,AUT
2026-09-25 08:21:55,4.997,5,50,AUT
2026-09-25 08:21:56,5.007,5,49.58,AUT
2026-09-25 08:21:57,5.048,5,47.84,AUT
2026-09-25 08:21:58,5.014,5,49.17,AUT
2026-09-25 08:21:59,5.011,5,49.26,AUT
2026-09-25 08:22:00,5.015,5,49.06,AUT
2026-09-25 08:22:01,5.047,5,47.63,AUT
2026-09-25 08:22:02,5.023,5,48.56,AUT
2026-09-25 08:22:03,5.013,5,48.9,AUT
2026-09-25 08:22:04,4.998,5,49.5,AUT
2026-09-25 08:22:05,4.996,5,49.59,AUT
2026-09-25 08:22:06,4.994,5,49.68,AUT
2026-09-25 08:22:07,4.983,5,50.17,AUT
2026-09-25 08:22:08,5.016,5,48.81,AUT
2026-09-25 08:22:09,4.974,5,50.55,AUT
2026-09-25 08:22:10,4.947,5,51.78,AUT
2026-09-25 08:22:11,4.974,5,50.76,AUT
2026-09-25 08:22:12,4.961,5,51.4,AUT
2026-09-25 08:22:13,5.011,5,49.38,AUT
2026-09-25 08:22:14,4.993,5,50.11,AUT
2026-09-25 08:22:15,4.954,5,51.77,AUT
2026-09-25 08:22:16,4.988,5,50.45,AUT
2026-09-25 08:22:17,5.016,5,49.29,AUT
2026-09-25 08:22:18,4.992,5,50.29,AUT
2026-09-25 08:22:19,4.97,5,51.26,AUT
2026-09-25 08:22:20,5.023,5,49.08,AUT
2026-09-25 08:22:21,5.06,5,47.43,AUT
2026-09-25 08:22:22,5.044,5,47.96,AUT
2026-09-25 08:22:23,5.023,5,48.74,AUT
2026-09-25 08:22:24,5.018,5,48.88,AUT
2026-09-25 08:22:25,5.047,5,47.57,AUT
2026-09-25 08:22:26,5.02,5,48.61,AUT
2026-09-25 08:22:27,5.007,5,49.12,AUT
2026-09-25 08:22:28,4.996,5,49.55,AUT
2026-09-25 08:22:29,4.986,5,50.01,AUT
2026-09-25 08:22:30,4.967,5,50.84,AUT
2026-09-25 08:22:31,4.968,5,50.88,AUT
2026-09-25 08:22:32,4.937,5,52.29,AUT
2026-09-25 08:22:33,4.953,5,51.77,AUT
2026-09-25 08:22:34,4.93,5,52.91,AUT
2026-09-25 08:22:35,4.977,5,51.09,AUT
2026-09-25 08:22:36,4.995,5,50.39,AUT
2026-09-25 08:22:37,4.98,5,51.03,AUT
2026-09-25 08:22:38,4.954,5,52.19,AUT
2026-09-25 08:22:39,5.032,5,48.99,AUT
2026-09-25 08:22:40,5.014,5,49.65,AUT
2026-09-25 08:22:41,5.023,5,49.26,AUT
2026-09-25 08:22:42,4.994,5,50.44,AUT
2026-09-25 08:22:43,5.027,5,49.03,AUT
2026-09-25 08:22:44,5.08,5,46.7,AUT
2026-09-25 08:22:45,5.028,5,48.72,AUT
2026-09-25 08:22:46,5.056,5,47.43,AUT
2026-09-25 08:22:47,5.032,5,48.31,AUT
2026-09-25 08:22:48,5.015,5,48.94,AUT
2026-09-25 08:22:49,5.035,5,48.05,AUT
2026-09-25 08:22:50,5.012,5,48.93,AUT
2026-09-25 08:22:51,5.008,5,49.06,AUT
2026-09-25 08:22:52,5.012,5,48.89,AUT
2026-09-25 08:22:53,5.006,5,49.12,AUT
2026-09-25 08:22:54,5.013,5,48.8,AUT
2026-09-25 08:22:55,4.997,5,49.44,AUT
2026-09-25 08:22:56,4.975,5,50.37,AUT
2026-09-25 08:22:57,4.953,5,51.4,AUT
2026-09-25 08:22:58,4.976,5,50.52,AUT
2026-09-25 08:22:59,4.974,5,50.7,AUT
2026-09-25 08:23:00,4.946,5,51.94,AUT
2026-09-25 08:23:01,4.999,5,49.84,AUT
2026-09-25 08:23:02,4.977,5,50.78,AUT
2026-09-25 08:23:03,4.946,5,52.18,AUT
2026-09-25 08:23:04,4.985,5,50.65,AUT
2026-09-25 08:23:05,4.992,5,50.4,AUT
2026-09-25 08:23:06,5.012,5,49.56,AUT
2026-09-25 08:23:07,4.993,5,50.34,AUT
2026-09-25 08:23:08,5.017,5,49.33,AUT
2026-09-25 08:23:09,5.067,5,47.15,AUT
2026-09-25 08:23:10,5.021,5,48.94,AUT
2026-09-25 08:23:11,5.05,5,47.65,AUT
2026-09-25 08:23:12,4.997,5,49.76,AUT
2026-09-25 08:23:13,5.025,5,48.59,AUT
2026-09-25 08:23:14,5.02,5,48.71,AUT
2026-09-25 08:23:15,5.02,5,48.68,AUT
2026-09-25 08:23:16,5.009,5,49.09,AUT
2026-09-25 08:23:17,4.981,5,50.28,AUT
2026-09-25 08:23:18,5.013,5,48.96,AUT
2026-09-25 08:23:19,4.973,5,50.63,AUT
2026-09-25 08:23:20,4.981,5,50.34,AUT
2026-09-25 08:23:21,4.984,5,50.29,AUT
2026-09-25 08:23:22,4.963,5,51.21,AUT
2026-09-25 08:23:23,4.975,5,50.81,AUT
2026-09-25 08:23:24,4.957,5,51.64,AUT
2026-09-25 08:23:25,4.973,5,51.05,AUT
2026-09-25 08:23:26,4.966,5,51.45,AUT
2026-09-25 08:23:27,4.969,5,51.39,AUT
2026-09-25 08:23:28,4.961,5,51.83,AUT
2026-09-25 08:23:29,5.001,5,50.21,AUT
2026-09-25 08:23:30,4.978,5,51.21,AUT
2026-09-25 08:23:31,4.996,5,50.48,AUT
2026-09-25 08:23:32,5.005,5,50.13,AUT
2026-09-25 08:23:33,5.017,5,49.61,AUT
2026-09-25 08:23:34,5.047,5,48.28,AUT
2026-09-25 08:23:35,5.032,5,48.77,AUT
2026-09-25 08:23:36,5.031,5,48.74,AUT
2026-09-25 08:23:37,5.049,5,47.89,AUT
2026-09-25 08:23:38,5.044,5,47.97,AUT
2026-09-25 08:23:39,5.037,5,48.15,AUT
2026-09-25 08:23:40,5.03,5,48.36,AUT
2026-09-25 08:23:41,5.015,5,48.9,AUT
2026-09-25 08:23:42,5.027,5,48.37,AUT
2026-09-25 08:23:43,4.997,5,49.57,AUT
2026-09-25 08:23:44,4.965,5,50.94,AUT
2026-09-25 08:23:45,5.007,5,49.26,AUT
2026-09-25 08:23:46,5.002,5,49.42,AUT
2026-09-25 08:23:47,5.006,5,49.24,AUT
2026-09-25 08:23:48,4.946,5,51.81,AUT
2026-09-25 08:23:49,4.966,5,51.1,AUT
2026-09-25 08:23:50,4.981,5,50.53,AUT
2026-09-25 08:23:51,4.993,5,50.08,AUT
2026-09-25 08:23:52,4.946,5,52.12,AUT
2026-09-25 08:23:53,4.985,5,50.59,AUT
2026-09-25 08:23:54,4.982,5,50.74,AUT
2026-09-25 08:23:55,5.027,5,48.89,AUT
2026-09-25 08:23:56,5.003,5,49.84,AUT
2026-09-25 08:23:57,5.004,5,49.8,AUT
2026-09-25 08:23:58,5.016,5,49.27,AUT
2026-09-25 08:23:59,4.979,5,50.82,AUT
2026-09-25 08:24:00,5.03,5,48.67,AUT
2026-09-25 08:24:01,5.002,5,49.81,AUT
2026-09-25 08:24:02,4.998,5,49.95,AUT
2026-09-25 08:24:03,5.014,5,49.27,AUT
2026-09-25 08:24:04,4.977,5,50.83,AUT
2026-09-25 08:24:05,5.025,5,48.84,AUT
2026-09-25 08:24:06,5.009,5,49.46,AUT
2026-09-25 08:24:07,5.048,5,47.75,AUT
2026-09-25 08:24:08,5.015,5,49.03,AUT
2026-09-25 08:24:09,5.011,5,49.19,AUT
2026-09-25 08:24:10,4.997,5,49.76,AUT
2026-09-25 08:24:11,4.993,5,49.93,AUT
2026-09-25 08:24:12,4.991,5,50.03,AUT
2026-09-25 08:24:13,4.991,5,50.06,AUT
2026-09-25 08:24:14,4.982,5,50.44,AUT
2026-09-25 08:24:15,4.988,5,50.26,AUT
2026-09-25 08:24:16,4.991,5,50.18,AUT
2026-09-25 08:24:17,4.975,5,50.85,AUT
2026-09-25 08:24:18,4.974,5,50.97,AUT
2026-09-25 08:24:19,4.943,5,52.36,AUT
2026-09-25 08:24:20,4.998,5,50.19,AUT
2026-09-25 08:24:21,4.987,5,50.64,AUT
2026-09-25 08:24:22,4.981,5,50.95,AUT
2026-09-25 08:24:23,4.998,5,50.25,AUT
2026-09-25 08:24:24,5.004,5,50.03,AUT
2026-09-25 08:24:25,5.033,5,48.77,AUT
2026-09-25 08:24:26,5.023,5,49.09,AUT
2026-09-25 08:24:27,4.991,5,50.41,AUT
2026-09-25 08:24:28,4.985,5,50.68,AUT
2026-09-25 08:24:29,5.046,5,48.14,AUT
2026-09-25 08:24:30,5.021,5,49.06,AUT
2026-09-25 08:24:31,5.024,5,48.87,AUT
2026-09-25 08:24:32,5.034,5,48.37,AUT
2026-09-25 08:24:33,5.026,5,48.64,AUT
2026-09-25 08:24:34,4.998,5,49.75,AUT
2026-09-25 08:24:35,5.001,5,49.66,AUT
2026-09-25 08:24:36,5.011,5,49.19,AUT
2026-09-25 08:24:37,5.025,5,48.6,AUT
2026-09-25 08:24:38,4.985,5,50.23,AUT
2026-09-25 08:24:39,4.97,5,50.91,AUT
2026-09-25 08:24:40,4.988,5,50.21,AUT
2026-09-25 08:24:41,4.984,5,50.41,AUT
2026-09-25 08:24:42,4.993,5,50.08,AUT
2026-09-25 08:24:43,4.952,5,51.86,AUT
2026-09-25 08:24:44,4.951,5,52.02,AUT
2026-09-25 08:24:45,4.984,5,50.76,AUT
2026-09-25 08:24:46,4.965,5,51.61,AUT
2026-09-25 08:24:47,5.005,5,49.99,AUT
2026-09-25 08:24:48,5,5,50.2,AUT
2026-09-25 08:24:49,5.02,5,49.34,AUT
2026-09-25 08:24:50,4.988,5,50.66,AUT
2026-09-25 08:24:51,4.97,5,51.43,AUT
2026-09-25 08:24:52,5.026,5,49.13,AUT
2026-09-25 08:24:53,5.044,5,48.3,AUT
2026-09-25 08:24:54,5.061,5,47.44,AUT
2026-09-25 08:24:55,5.015,5,49.24,AUT
2026-09-25 08:24:56,5.017,5,49.12,AUT
2026-09-25 08:24:57,5.02,5,48.96,AUT
2026-09-25 08:24:58,5.019,5,48.92,AUT
2026-09-25 08:24:59,5.032,5,48.32,AUT
2026-09-25 08:25:00,4.999,5,49.64,AUT
2026-09-25 08:25:01,5.005,5,49.38,AUT
2026-09-25 08:25:02,5.018,5,48.84,AUT
2026-09-25 08:25:03,4.979,5,50.44,AUT
2026-09-25 08:25:04,4.976,5,50.61,AUT
2026-09-25 08:25:05,4.979,5,50.56,AUT
2026-09-25 08:25:06,4.978,5,50.67,AUT
2026-09-25 08:25:07,4.979,5,50.7,AUT
2026-09-25 08:25:08,4.976,5,50.86,AUT
2026-09-25 08:25:09,4.981,5,50.73,AUT
2026-09-25 08:25:10,4.961,5,51.64,AUT
2026-09-25 08:25:11,4.99,5,50.47,AUT
2026-09-25 08:25:12,4.978,5,51.04,AUT
2026-09-25 08:25:13,5.014,5,49.53,AUT
2026-09-25 08:25:14,5.001,5,50.08,AUT
2026-09-25 08:25:15,5.022,5,49.15,AUT
2026-09-25 08:25:16,4.994,5,50.31,AUT
2026-09-25 08:25:17,5.039,5,48.38,AUT
2026-09-25 08:25:18,5.004,5,49.78,AUT
2026-09-25 08:25:19,5.03,5,48.67,AUT
2026-09-25 08:25:20,5.014,5,49.25,AUT
2026-09-25 08:25:21,4.996,5,49.99,AUT
2026-09-25 08:25:22,5.011,5,49.39,AUT
2026-09-25 08:25:23,5.033,5,48.39,AUT
2026-09-25 08:25:24,4.992,5,50.06,AUT
2026-09-25 08:25:25,5.007,5,49.45,AUT
2026-09-25 08:25:26,5.013,5,49.17,AUT
2026-09-25 08:25:27,5.003,5,49.55,AUT
2026-09-25 08:25:28,4.98,5,50.54,AUT
2026-09-25 08:25:29,4.989,5,50.21,AUT
2026-09-25 08:25:30,5.001,5,49.73,AUT
2026-09-25 08:25:31,5.032,5,48.41,AUT
2026-09-25 08:25:32,5.006,5,49.43,AUT
2026-09-25 08:25:33,5,5,49.67,AUT
2026-09-25 08:25:34,4.996,5,49.83,AUT
2026-09-25 08:25:35,4.984,5,50.37,AUT
2026-09-25 08:25:36,5.022,5,48.8,AUT
2026-09-25 08:25:37,5.012,5,49.15,AUT
2026-09-25 08:25:38,4.983,5,50.36,AUT
2026-09-25 08:25:39,4.999,5,49.7,AUT
2026-09-25 08:25:40,4.952,5,51.73,AUT
2026-09-25 08:25:41,5.003,5,49.7,AUT
2026-09-25 08:25:42,4.998,5,49.88,AUT
2026-09-25 08:25:43,4.987,5,50.37,AUT
2026-09-25 08:25:44,4.995,5,50.07,AUT
2026-09-25 08:25:45,5.004,5,49.68,AUT
2026-09-25 08:25:46,5.004,5,49.66,AUT
2026-09-25 08:25:47,4.975,5,50.9,AUT
2026-09-25 08:25:48,4.998,5,49.99,AUT
2026-09-25 08:25:49,5.002,5,49.83,AUT
2026-09-25 08:25:50,5.017,5,49.17,AUT
2026-09-25 08:25:51,5.02,5,49.01,AUT
2026-09-25 08:25:52,4.999,5,49.84,AUT
2026-09-25 08:25:53,5.026,5,48.71,AUT
2026-09-25 08:25:54,4.997,5,49.88,AUT
2026-09-25 08:25:55,5.001,5,49.7,AUT
2026-09-25 08:25:56,4.962,5,51.37,AUT
2026-09-25 08:25:57,5.011,5,49.37,AUT
2026-09-25 08:25:58,5.002,5,49.71,AUT
2026-09-25 08:25:59,4.986,5,50.42,AUT
2026-09-25 08:26:00,4.98,5,50.69,AUT
2026-09-25 08:26:01,5.025,5,48.85,AUT
2026-09-25 08:26:02,4.989,5,50.29,AUT
2026-09-25 08:26:03,4.974,5,50.98,AUT
2026-09-25 08:26:04,4.988,5,50.46,AUT
2026-09-25 08:26:05,5.01,5,49.55,AUT
2026-09-25 08:26:06,5.013,5,49.36,AUT
2026-09-25 08:26:07,5.025,5,48.85,AUT
2026-09-25 08:26:08,5.003,5,49.69,AUT
2026-09-25 08:26:09,5.002,5,49.72,AUT
2026-09-25 08:26:10,5.025,5,48.73,AUT
2026-09-25 08:26:11,4.989,5,50.22,AUT
2026-09-25 08:26:12,5.004,5,49.61,AUT
2026-09-25 08:26:13,4.991,5,50.18,AUT
2026-09-25 08:26:14,4.964,5,51.35,AUT
2026-09-25 08:26:15,5.008,5,49.57,AUT
2026-09-25 08:26:16,4.982,5,50.62,AUT
2026-09-25 08:26:17,5.016,5,49.24,AUT
2026-09-25 08:26:18,4.983,5,50.62,AUT
2026-09-25 08:26:19,5.025,5,48.84,AUT
2026-09-25 08:26:20,4.967,5,51.28,AUT
2026-09-25 08:26:21,4.996,5,50.11,AUT
2026-09-25 08:26:22,5.044,5,48.09,AUT
2026-09-25 08:26:23,5.024,5,48.8,AUT
2026-09-25 08:26:24,4.994,5,50.05,AUT
2026-09-25 08:26:25,4.989,5,50.25,AUT
2026-09-25 08:26:26,4.99,5,50.24,AUT
2026-09-25 08:26:27,5.017,5,49.11,AUT
2026-09-25 08:26:28,4.957,5,51.65,AUT
2026-09-25 08:26:29,4.999,5,49.98,AUT
2026-09-25 08:26:30,4.959,5,51.66,AUT
2026-09-25 08:26:31,4.994,5,50.27,AUT
2026-09-25 08:26:32,4.984,5,50.74,AUT
2026-09-25 08:26:33,5.005,5,49.88,AUT
2026-09-25 08:26:34,4.982,5,50.85,AUT
2026-09-25 08:26:35,4.959,5,51.86,AUT
2026-09-25 08:26:36,5.011,5,49.76,AUT
2026-09-25 08:26:37,4.96,5,51.89,AUT
2026-09-25 08:26:38,5.016,5,49.63,AUT
2026-09-25 08:26:39,4.989,5,50.75,AUT
2026-09-25 08:26:40,5.008,5,49.95,AUT
2026-09-25 08:26:41,4.985,5,50.9,AUT
2026-09-25 08:26:42,5.01,5,49.9,AUT
2026-09-25 08:26:43,4.972,5,51.48,AUT
2026-09-25 08:26:44,5.006,5,50.11,AUT
2026-09-25 08:26:45,4.979,5,51.24,AUT
2026-09-25 08:26:46,5.025,5,49.34,AUT
2026-09-25 08:26:47,5.002,5,50.26,AUT
2026-09-25 08:26:48,5.041,5,48.58,AUT
2026-09-25 08:26:49,5.022,5,49.28,AUT
2026-09-25 08:26:50,5.025,5,49.11,AUT
2026-09-25 08:26:51,5.01,5,49.67,AUT
2026-09-25 08:26:52,5.016,5,49.37,AUT
2026-09-25 08:26:53,5.024,5,48.99,AUT
2026-09-25 08:26:54,5.009,5,49.6,AUT
2026-09-25 08:26:55,5.007,5,49.63,AUT
2026-09-25 08:26:56,4.978,5,50.85,AUT
2026-09-25 08:26:57,5,5,49.98,AUT
2026-09-25 08:26:58,4.974,5,51.07,AUT
2026-09-25 08:26:59,4.969,5,51.37,AUT
2026-09-25 08:27:00,4.961,5,51.8,AUT
2026-09-25 08:27:01,4.981,5,51.04,AUT
2026-09-25 08:27:02,4.974,5,51.37,AUT
2026-09-25 08:27:03,4.974,5,51.47,AUT
2026-09-25 08:27:04,5.016,5,49.72,AUT
2026-09-25 08:27:05,4.974,5,51.47,AUT
2026-09-25 08:27:06,4.97,5,51.71,AUT
2026-09-25 08:27:07,4.981,5,51.35,AUT
2026-09-25 08:27:08,4.999,5,50.62,AUT
2026-09-25 08:27:09,5.011,5,50.12,AUT
2026-09-25 08:27:10,5,5,50.55,AUT
2026-09-25 08:27:11,4.999,5,50.6,AUT
2026-09-25 08:27:12,5.017,5,49.84,AUT
2026-09-25 08:27:13,4.985,5,51.14,AUT
2026-09-25 08:27:14,5.028,5,49.34,AUT
2026-09-25 08:27:15,5.045,5,48.54,AUT
2026-09-25 08:27:16,5.049,5,48.26,AUT
2026-09-25 08:27:17,4.999,5,50.26,AUT
2026-09-25 08:27:18,5.005,5,49.99,AUT
2026-09-25 08:27:19,5.011,5,49.74,AUT
2026-09-25 08:27:20,5.014,5,49.58,AUT
2026-09-25 08:27:21,5.018,5,49.39,AUT
2026-09-25 08:27:22,5.046,5,48.13,AUT
2026-09-25 08:27:23,4.98,5,50.81,AUT
2026-09-25 08:27:24,4.958,5,51.81,AUT
2026-09-25 08:27:25,4.974,5,51.23,AUT
2026-09-25 08:27:26,5.004,5,50.01,AUT
2026-09-25 08:27:27,5.003,5,50.07,AUT
2026-09-25 08:27:28,4.975,5,51.27,AUT
2026-09-25 08:27:29,4.966,5,51.7,AUT
2026-09-25 08:27:30,5.007,5,50.06,AUT
2026-09-25 08:27:31,4.991,5,50.69,AUT
2026-09-25 08:27:32,4.995,5,50.56,AUT
2026-09-25 08:27:33,4.953,5,52.35,AUT
2026-09-25 08:27:34,4.981,5,51.3,AUT
2026-09-25 08:27:35,5.017,5,49.82,AUT
2026-09-25 08:27:36,4.973,5,51.65,AUT
2026-09-25 08:27:37,5.002,5,50.5,AUT
2026-09-25 08:27:38,5.022,5,49.61,AUT
2026-09-25 08:27:39,5.014,5,49.92,AUT
2026-09-25 08:27:40,5.042,5,48.68,AUT
2026-09-25 08:27:41,5.036,5,48.8,AUT
2026-09-25 08:27:42,5.028,5,49.05,AUT
2026-09-25 08:27:43,5.047,5,48.17,AUT
2026-09-25 08:27:44,5.039,5,48.38,AUT
2026-09-25 08:27:45,4.982,5,50.74,AUT
2026-09-25 08:27:46,5.054,5,47.71,AUT
2026-09-25 08:27:47,5.031,5,48.54,AUT
2026-09-25 08:27:48,4.991,5,50.16,AUT
2026-09-25 08:27:49,5.005,5,49.57,AUT
2026-09-25 08:27:50,4.968,5,51.14,AUT
2026-09-25 08:27:51,5.024,5,48.84,AUT
2026-09-25 08:27:52,4.968,5,51.18,AUT
2026-09-25 08:27:53,5.001,5,49.85,AUT
2026-09-25 08:27:54,4.983,5,50.61,AUT
2026-09-25 08:27:55,4.998,5,50.02,AUT
2026-09-25 08:27:56,4.984,5,50.62,AUT
2026-09-25 08:27:57,4.952,5,52.01,AUT
2026-09-25 08:27:58,4.961,5,51.77,AUT
2026-09-25 08:27:59,4.987,5,50.75,AUT
2026-09-25 08:28:00,4.966,5,51.7,AUT
2026-09-25 08:28:01,4.956,5,52.22,AUT
2026-09-25 08:28:02,4.982,5,51.24,AUT
2026-09-25 08:28:03,5.007,5,50.19,AUT
2026-09-25 08:28:04,4.989,5,50.95,AUT
2026-09-25 08:28:05,5.039,5,48.85,AUT
2026-09-25 08:28:06,5.034,5,48.94,AUT
2026-09-25 08:28:07,5.031,5,49.01,AUT
2026-09-25 08:28:08,5.026,5,49.11,AUT
2026-09-25 08:28:09,5.014,5,49.56,AUT
2026-09-25 08:28:10,5.02,5,49.28,AUT
2026-09-25 08:28:11,4.987,5,50.61,AUT
2026-09-25 08:28:12,5.015,5,49.46,AUT
2026-09-25 08:28:13,5.02,5,49.2,AUT
2026-09-25 08:28:14,5.023,5,49.03,AUT
2026-09-25 08:28:15,5.004,5,49.77,AUT
2026-09-25 08:28:16,4.998,5,50.02,AUT
2026-09-25 08:28:17,5.016,5,49.26,AUT
2026-09-25 08:28:18,5.018,5,49.14,AUT
2026-09-25 08:28:19,4.986,5,50.45,AUT
2026-09-25 08:28:20,4.976,5,50.94,AUT
2026-09-25 08:28:21,4.978,5,50.89,AUT
2026-09-25 08:28:22,4.968,5,51.39,AUT
2026-09-25 08:28:23,4.986,5,50.69,AUT
2026-09-25 08:28:24,5.005,5,49.91,AUT
2026-09-25 08:28:25,4.971,5,51.34,AUT
2026-09-25 08:28:26,4.996,5,50.37,AUT
2026-09-25 08:28:27,5.009,5,49.82,AUT
2026-09-25 08:28:28,5,5,50.19,AUT
2026-09-25 08:28:29,5.015,5,49.56,AUT
2026-09-25 08:28:30,5.011,5,49.7,AUT
2026-09-25 08:28:31,5.02,5,49.27,AUT
2026-09-25 08:28:32,5.024,5,49.05,AUT
2026-09-25 08:28:33,5.013,5,49.44,AUT
2026-09-25 08:28:34,5.01,5,49.56,AUT
2026-09-25 08:28:35,5.008,5,49.61,AUT
2026-09-25 08:28:36,4.972,5,51.13,AUT
2026-09-25 08:28:37,4.991,5,50.4,AUT
2026-09-25 08:28:38,5,5,50.03,AUT
2026-09-25 08:28:39,4.993,5,50.32,AUT
2026-09-25 08:28:40,4.987,5,50.61,AUT
2026-09-25 08:28:41,4.975,5,51.15,AUT
2026-09-25 08:28:42,4.99,5,50.59,AUT
2026-09-25 08:28:43,4.968,5,51.55,AUT
2026-09-25 08:28:44,4.987,5,50.8,AUT
2026-09-25 08:28:45,4.983,5,51.02,AUT
2026-09-25 08:28:46,5.019,5,49.54,AUT
2026-09-25 08:28:47,5.004,5,50.1,AUT
2026-09-25 08:28:48,4.97,5,51.54,AUT
2026-09-25 08:28:49,5.001,5,50.33,AUT
2026-09-25 08:28:50,5.045,5,48.45,AUT
2026-09-25 08:28:51,5.058,5,47.78,AUT
2026-09-25 08:28:52,4.993,5,50.37,AUT
2026-09-25 08:28:53,5.006,5,49.84,AUT
2026-09-25 08:28:54,5.039,5,48.4,AUT
2026-09-25 08:28:55,5.004,5,49.83,AUT
2026-09-25 08:28:56,5.001,5,49.93,AUT
2026-09-25 08:28:57,5.029,5,48.71,AUT
2026-09-25 08:28:58,5.021,5,48.99,AUT
2026-09-25 08:28:59,4.989,5,50.31,AUT
2026-09-25 08:29:00,4.984,5,50.53,AUT
2026-09-25 08:29:01,4.937,5,52.61,AUT
2026-09-25 08:29:02,4.988,5,50.58,AUT
2026-09-25 08:29:03,4.966,5,51.56,AUT
2026-09-25 08:29:04,4.968,5,51.55,AUT
2026-09-25 08:29:05,4.966,5,51.72,AUT
2026-09-25 08:29:06,4.953,5,52.36,AUT
2026-09-25 08:29:07,4.986,5,51.1,AUT
2026-09-25 08:29:08,4.986,5,51.12,AUT
2026-09-25 08:29:09,5.014,5,49.98,AUT
2026-09-25 08:29:10,5.009,5,50.15,AUT
2026-09-25 08:29:11,5.007,5,50.23,AUT
2026-09-25 08:29:12,5.012,5,49.97,AUT
2026-09-25 08:29:13,5.019,5,49.66,AUT
2026-09-25 08:29:14,5.035,5,48.9,AUT
2026-09-25 08:29:15,5.056,5,47.93,AUT
2026-09-25 08:29:16,4.966,5,51.62,AUT
2026-09-25 08:29:17,5.016,5,49.59,AUT
2026-09-25 08:29:18,5.028,5,49.03,AUT
2026-09-25 08:29:19,5.019,5,49.33,AUT
2026-09-25 08:29:20,5.021,5,49.19,AUT
2026-09-25 08:29:21,4.984,5,50.7,AUT
2026-09-25 08:29:22,4.987,5,50.61,AUT
2026-09-25 08:29:23,5.014,5,49.52,AUT
2026-09-25 08:29:24,5.009,5,49.69,AUT
2026-09-25 08:29:25,5.003,5,49.91,AUT
2026-09-25 08:29:26,4.967,5,51.43,AUT
2026-09-25 08:29:27,4.977,5,51.12,AUT
2026-09-25 08:29:28,5.001,5,50.16,AUT
2026-09-25 08:29:29,4.982,5,50.94,AUT
2026-09-25 08:29:30,4.996,5,50.38,AUT
2026-09-25 08:29:31,5.002,5,50.17,AUT
2026-09-25 08:29:32,4.986,5,50.83,AUT
2026-09-25 08:29:33,4.989,5,50.73,AUT
2026-09-25 08:29:34,5.007,5,50.02,AUT
2026-09-25 08:29:35,4.961,5,51.93,AUT
2026-09-25 08:29:36,4.998,5,50.48,AUT
2026-09-25 08:29:37,5.001,5,50.34,AUT
2026-09-25 08:29:38,5.017,5,49.65,AUT
2026-09-25 08:29:39,4.995,5,50.58,AUT
2026-09-25 08:29:40,5.013,5,49.79,AUT
2026-09-25 08:29:41,5.014,5,49.71,AUT
2026-09-25 08:29:42,5.035,5,48.81,AUT
2026-09-25 08:29:43,5.051,5,48.02,AUT
2026-09-25 08:29:44,5.031,5,48.75,AUT
2026-09-25 08:29:45,5.009,5,49.59,AUT
2026-09-25 08:29:46,5.005,5,49.72,AUT
2026-09-25 08:29:47,5.03,5,48.67,AUT
2026-09-25 08:29:48,5.023,5,48.86,AUT
2026-09-25 08:29:49,4.974,5,50.92,AUT
2026-09-25 08:29:50,4.983,5,50.57,AUT
2026-09-25 08:29:51,4.987,5,50.46,AUT
2026-09-25 08:29:52,4.999,5,49.97,AUT
2026-09-25 08:29:53,4.954,5,51.89,AUT
2026-09-25 08:29:54,4.948,5,52.28,AUT
2026-09-25 08:29:55,5.003,5,50.09,AUT
2026-09-25 08:29:56,4.95,5,52.33,AUT
2026-09-25 08:29:57,4.952,5,52.38,AUT
2026-09-25 08:29:58,5.005,5,50.27,AUT
2026-09-25 08:29:59,5.009,5,50.07,AUT
2026-09-25 08:30:00,5.01,5,50.01,AUT
2026-09-25 08:30:01,5.012,5,49.9,AUT
2026-09-25 08:30:02,5.032,5,49.02,AUT
2026-09-25 08:30:03,5.032,5,48.91,AUT
2026-09-25 08:30:04,5.037,5,48.63,AUT
2026-09-25 08:30:05,5.053,5,47.85,AUT
2026-09-25 08:30:06,5.017,5,49.24,AUT
2026-09-25 08:30:07,5.01,5,49.47,AUT
2026-09-25 08:30:08,5.025,5,48.8,AUT
2026-09-25 08:30:09,5.029,5,48.57,AUT
2026-09-25 08:30:10,4.978,5,50.68,AUT
2026-09-25 08:30:11,4.973,5,50.96,AUT
2026-09-25 08:30:12,4.977,5,50.86,AUT
2026-09-25 08:30:13,5.024,5,48.91,AUT
2026-09-25 08:30:14,4.98,5,50.73,AUT
2026-09-25 08:30:15,4.997,5,50.06,AUT
2026-09-25 08:30:16,4.982,5,50.69,AUT
2026-09-25 08:30:17,4.989,5,50.45,AUT
2026-09-25 08:30:18,5.003,5,49.89,AUT
2026-09-25 08:30:19,4.977,5,50.97,AUT
2026-09-25 08:30:20,4.997,5,50.2,AUT
2026-09-25 08:30:21,4.992,5,50.39,AUT
2026-09-25 08:30:22,4.999,5,50.14,AUT
2026-09-25 08:30:23,5.012,5,49.6,AUT
2026-09-25 08:30:24,5.017,5,49.33,AUT
2026-09-25 08:30:25,5.007,5,49.71,AUT
2026-09-25 08:30:26,5.011,5,49.53,AUT
2026-09-25 08:30:27,5.026,5,48.88,AUT
2026-09-25 08:30:28,5.026,5,48.78,AUT
2026-09-25 08:30:29,4.995,5,50.03,AUT
2026-09-25 08:30:30,5.014,5,49.23,AUT
2026-09-25 08:30:31,5.036,5,48.27,AUT
2026-09-25 08:30:32,5.008,5,49.38,AUT
2026-09-25 08:30:33,5.026,5,48.59,AUT
2026-09-25 08:30:34,5.006,5,49.37,AUT
2026-09-25 08:30:35,4.99,5,50.02,AUT
2026-09-25 08:30:36,4.957,5,51.47,AUT
2026-09-25 08:30:37,4.968,5,51.1,AUT
2026-09-25 08:30:38,4.922,5,53.15,AUT
2026-09-25 08:30:39,4.963,5,51.61,AUT
2026-09-25 08:30:40,4.976,5,51.15,AUT
2026-09-25 08:30:41,4.931,5,53.14,AUT
2026-09-25 08:30:42,5.027,5,49.22,AUT
2026-09-25 08:30:43,5.015,5,49.65,AUT
2026-09-25 08:30:44,4.973,5,51.42,AUT
2026-09-25 08:30:45,4.999,5,50.37,AUT
2026-09-25 08:30:46,5.018,5,49.56,AUT
2026-09-25 08:30:47,5.074,5,47.14,AUT
2026-09-25 08:30:48,5.002,5,50.01,AUT
2026-09-25 08:30:49,4.977,5,51.07,AUT
2026-09-25 08:30:50,5.029,5,48.9,AUT
2026-09-25 08:30:51,5.059,5,47.54,AUT
2026-09-25 08:30:52,5.028,5,48.72,AUT
2026-09-25 08:30:53,5.022,5,48.88,AUT
2026-09-25 08:30:54,4.996,5,49.94,AUT
2026-09-25 08:30:55,5.027,5,48.63,AUT
2026-09-25 08:30:56,5.026,5,48.6,AUT
2026-09-25 08:30:57,5.023,5,48.68,AUT
2026-09-25 08:30:58,5.01,5,49.17,AUT
2026-09-25 08:30:59,4.992,5,49.9,AUT
2026-09-25 08:31:00,4.977,5,50.57,AUT
2026-09-25 08:31:01,4.973,5,50.78,AUT
2026-09-25 08:31:02,4.967,5,51.11,AUT
2026-09-25 08:31:03,5.003,5,49.66,AUT
2026-09-25 08:31:04,4.94,5,52.37,AUT
2026-09-25 08:31:05,4.999,5,50,AUT
2026-09-25 08:31:06,5.001,5,49.92,AUT
2026-09-25 08:31:07,4.979,5,50.83,AUT
2026-09-25 08:31:08,4.984,5,50.71,AUT
2026-09-25 08:31:09,4.956,5,51.92,AUT
2026-09-25 08:31:10,4.982,5,50.95,AUT
2026-09-25 08:31:11,5.023,5,49.24,AUT
2026-09-25 08:31:12,5.011,5,49.68,AUT
2026-09-25 08:31:13,5.009,5,49.73,AUT
2026-09-25 08:31:14,4.995,5,50.33,AUT
2026-09-25 08:31:15,5.033,5,48.71,AUT
2026-09-25 08:31:16,5.01,5,49.62,AUT
2026-09-25 08:31:17,5.018,5,49.24,AUT
2026-09-25 08:31:18,5.043,5,48.1,AUT
2026-09-25 08:31:19,5.029,5,48.61,AUT
2026-09-25 08:31:20,4.991,5,50.13,AUT
2026-09-25 08:31:21,4.965,5,51.3,AUT
2026-09-25 08:31:22,4.996,5,50.07,AUT
2026-09-25 08:31:23,5.009,5,49.52,AUT
2026-09-25 08:31:24,4.989,5,50.33,AUT
2026-09-25 08:31:25,4.97,5,51.17,AUT
2026-09-25 08:31:26,5.028,5,48.78,AUT
2026-09-25 08:31:27,4.979,5,50.79,AUT
2026-09-25 08:31:28,5.022,5,49.01,AUT
2026-09-25 08:31:29,5.012,5,49.37,AUT
2026-09-25 08:31:30,5.045,5,47.94,AUT
2026-09-25 08:31:31,4.991,5,50.14,AUT
2026-09-25 08:31:32,5.039,5,48.09,AUT
2026-09-25 08:31:33,5.033,5,48.27,AUT
2026-09-25 08:31:34,5.04,5,47.86,AUT
2026-09-25 08:31:35,4.996,5,49.63,AUT
2026-09-25 08:31:36,5.026,5,48.38,AUT
2026-09-25 08:31:37,4.997,5,49.52,AUT
2026-09-25 08:31:38,4.978,5,50.36,AUT
2026-09-25 08:31:39,5.007,5,49.2,AUT
2026-09-25 08:31:40,5,5,49.47,AUT
2026-09-25 08:31:41,4.969,5,50.8,AUT
2026-09-25 08:31:42,4.967,5,50.97,AUT
2026-09-25 08:31:43,5.008,5,49.29,AUT
2026-09-25 08:31:44,4.95,5,51.74,AUT
2026-09-25 08:31:45,4.975,5,50.81,AUT
2026-09-25 08:31:46,4.962,5,51.42,AUT
2026-09-25 08:31:47,4.994,5,50.15,AUT
2026-09-25 08:31:48,4.966,5,51.39,AUT
2026-09-25 08:31:49,5.043,5,48.17,AUT
2026-09-25 08:31:50,5,5,49.9,AUT
2026-09-25 08:31:51,4.994,5,50.14,AUT
2026-09-25 08:31:52,5.054,5,47.6,AUT
2026-09-25 08:31:53,5.043,5,47.96,AUT
2026-09-25 08:31:54,5.006,5,49.42,AUT
2026-09-25 08:31:55,5.002,5,49.57,AUT
2026-09-25 08:31:56,5.039,5,47.98,AUT
2026-09-25 08:31:57,5.036,5,48,AUT
2026-09-25 08:31:58,4.97,5,50.7,AUT
2026-09-25 08:31:59,4.979,5,50.42,AUT
2026-09-25 08:32:00,4.973,5,50.73,AUT
2026-09-25 08:32:01,4.976,5,50.67,AUT
2026-09-25 08:32:02,4.983,5,50.44,AUT
2026-09-25 08:32:03,4.961,5,51.43,AUT
2026-09-25 08:32:04,4.996,5,50.04,AUT
2026-09-25 08:32:05,4.98,5,50.74,AUT
2026-09-25 08:32:06,4.989,5,50.38,AUT
2026-09-25 08:32:07,5.008,5,49.6,AUT
2026-09-25 08:32:08,4.974,5,51.05,AUT
2026-09-25 08:32:09,4.999,5,50.04,AUT
2026-09-25 08:32:10,5.011,5,49.53,AUT
2026-09-25 08:32:11,5.025,5,48.89,AUT
2026-09-25 08:32:12,5.045,5,47.98,AUT
2026-09-25 08:32:13,5.021,5,48.88,AUT
2026-09-25 08:32:14,4.984,5,50.43,AUT
2026-09-25 08:32:15,5.02,5,48.92,AUT
2026-09-25 08:32:16,5.012,5,49.2,AUT
2026-09-25 08:32:17,5.042,5,47.88,AUT
2026-09-25 08:32:18,5.063,5,46.87,AUT
2026-09-25 08:32:19,5,5,49.39,AUT
2026-09-25 08:32:20,5.007,5,49.1,AUT
2026-09-25 08:32:21,5.034,5,47.95,AUT
2026-09-25 08:32:22,5.041,5,47.55,AUT
2026-09-25 08:32:23,4.977,5,50.17,AUT
2026-09-25 08:32:24,4.977,5,50.23,AUT
2026-09-25 08:32:25,5.003,5,49.18,AUT
2026-09-25 08:32:26,5.006,5,49.02,AUT
2026-09-25 08:32:27,4.985,5,49.94,AUT
2026-09-25 08:32:28,4.959,5,51.07,AUT
2026-09-25 08:32:29,4.97,5,50.71,AUT
2026-09-25 08:32:30,4.99,5,49.96,AUT
2026-09-25 08:32:31,4.967,5,50.94,AUT
2026-09-25 08:32:32,4.97,5,50.9,AUT
2026-09-25 08:32:33,4.966,5,51.14,AUT
2026-09-25 08:32:34,5.009,5,49.41,AUT
2026-09-25 08:32:35,4.991,5,50.15,AUT
2026-09-25 08:32:36,5.003,5,49.65,AUT
2026-09-25 08:32:37,5.005,5,49.57,AUT
2026-09-25 08:32:38,5.007,5,49.48,AUT
2026-09-25 08:32:39,5.018,5,49,AUT
2026-09-25 08:32:40,4.99,5,50.15,AUT
2026-09-25 08:32:41,5.027,5,48.58,AUT
2026-09-25 08:32:42,4.982,5,50.42,AUT
2026-09-25 08:32:43,5.019,5,48.89,AUT
2026-09-25 08:32:44,4.984,5,50.33,AUT
2026-09-25 08:32:45,5.004,5,49.52,AUT
2026-09-25 08:32:46,4.975,5,50.75,AUT
2026-09-25 08:32:47,4.997,5,49.88,AUT
2026-09-25 08:32:48,4.949,5,51.95,AUT
2026-09-25 08:32:49,5.016,5,49.24,AUT
2026-09-25 08:32:50,5.002,5,49.76,AUT
2026-09-25 08:32:51,5.022,5,48.93,AUT
2026-09-25 08:32:52,5.029,5,48.54,AUT
2026-09-25 08:32:53,5.006,5,49.47,AUT
2026-09-25 08:32:54,5.008,5,49.35,AUT
2026-09-25 08:32:55,5.027,5,48.54,AUT
2026-09-25 08:32:56,4.987,5,50.17,AUT
2026-09-25 08:32:57,5.01,5,49.24,AUT
2026-09-25 08:32:58,4.964,5,51.14,AUT
2026-09-25 08:32:59,4.983,5,50.44,AUT
2026-09-25 08:33:00,4.99,5,50.18,AUT
2026-09-25 08:33:01,5.013,5,49.22,AUT
2026-09-25 08:33:02,5.011,5,49.26,AUT
2026-09-25 08:33:03,5.021,5,48.82,AUT
2026-09-25 08:33:04,5.015,5,49.03,AUT
2026-09-25 08:33:05,5.003,5,49.49,AUT
2026-09-25 08:33:06,4.988,5,50.13,AUT
2026-09-25 08:33:07,5.019,5,48.83,AUT
2026-09-25 08:33:08,4.976,5,50.6,AUT
2026-09-25 08:33:09,4.963,5,51.25,AUT
2026-09-25 08:33:10,4.974,5,50.85,AUT
2026-09-25 08:33:11,4.992,5,50.15,AUT
2026-09-25 08:33:12,4.986,5,50.43,AUT
2026-09-25 08:33:13,4.969,5,51.22,AUT
2026-09-25 08:33:14,4.985,5,50.6,AUT
2026-09-25 08:33:15,5.016,5,49.31,AUT
2026-09-25 08:33:16,4.986,5,50.57,AUT
2026-09-25 08:33:17,5.02,5,49.17,AUT
2026-09-25 08:33:18,5.026,5,48.83,AUT
2026-09-25 08:33:19,5.007,5,49.57,AUT
2026-09-25 08:33:20,5.028,5,48.67,AUT
2026-09-25 08:33:21,5.009,5,49.42,AUT
2026-09-25 08:33:22,5.037,5,48.19,AUT
2026-09-25 08:33:23,5.004,5,49.49,AUT
2026-09-25 08:33:24,5.009,5,49.25,AUT
2026-09-25 08:33:25,5.031,5,48.31,AUT
2026-09-25 08:33:26,4.975,5,50.59,AUT
2026-09-25 08:33:27,4.999,5,49.64,AUT
2026-09-25 08:33:28,4.981,5,50.42,AUT
2026-09-25 08:33:29,4.977,5,50.64,AUT
2026-09-25 08:33:30,4.998,5,49.82,AUT
2026-09-25 08:33:31,4.984,5,50.39,AUT
2026-09-25 08:33:32,4.988,5,50.27,AUT
2026-09-25 08:33:33,4.961,5,51.45,AUT
2026-09-25 08:33:34,5.002,5,49.82,AUT
2026-09-25 08:33:35,5.017,5,49.16,AUT
2026-09-25 08:33:36,4.994,5,50.12,AUT
2026-09-25 08:33:37,4.992,5,50.21,AUT
2026-09-25 08:33:38,5,5,49.88,AUT
2026-09-25 08:33:39,4.991,5,50.28,AUT
2026-09-25 08:33:40,5.02,5,49.07,AUT
2026-09-25 08:33:41,4.989,5,50.32,AUT
2026-09-25 08:33:42,4.996,5,50.05,AUT
2026-09-25 08:33:43,5.003,5,49.78,AUT
2026-09-25 08:33:44,4.994,5,50.16,AUT
2026-09-25 08:33:45,4.976,5,50.92,AUT
2026-09-25 08:33:46,4.984,5,50.65,AUT
2026-09-25 08:33:47,4.999,5,50.04,AUT
2026-09-25 08:33:48,4.997,5,50.14,AUT
2026-09-25 08:33:49,4.999,5,50.08,AUT
2026-09-25 08:33:50,5.007,5,49.71,AUT
2026-09-25 08:33:51,5.003,5,49.86,AUT
2026-09-25 08:33:52,5.008,5,49.67,AUT
2026-09-25 08:33:53,5.013,5,49.41,AUT
2026-09-25 08:33:54,4.999,5,49.97,AUT
2026-09-25 08:33:55,5.031,5,48.63,AUT
2026-09-25 08:33:56,4.984,5,50.56,AUT
2026-09-25 08:33:57,4.991,5,50.27,AUT
2026-09-25 08:33:58,4.993,5,50.23,AUT
2026-09-25 08:33:59,4.998,5,50.05,AUT
2026-09-25 08:34:00,5.028,5,48.75,AUT
2026-09-25 08:34:01,4.983,5,50.59,AUT
2026-09-25 08:34:02,4.981,5,50.72,AUT
2026-09-25 08:34:03,4.995,5,50.19,AUT
2026-09-25 08:34:04,4.98,5,50.84,AUT
2026-09-25 08:34:05,5.017,5,49.31,AUT
2026-09-25 08:34:06,5.01,5,49.56,AUT
2026-09-25 08:34:07,4.989,5,50.44,AUT
2026-09-25 08:34:08,5.004,5,49.81,AUT
2026-09-25 08:34:09,5.026,5,48.87,AUT
2026-09-25 08:34:10,5.005,5,49.72,AUT
2026-09-25 08:34:11,5.041,5,48.16,AUT
2026-09-25 08:34:12,5.004,5,49.63,AUT
2026-09-25 08:34:13,5.01,5,49.37,AUT
2026-09-25 08:34:14,5.001,5,49.71,AUT
2026-09-25 08:34:15,4.999,5,49.81,AUT
2026-09-25 08:34:16,5.017,5,49.05,AUT
2026-09-25 08:34:17,4.996,5,49.89,AUT
2026-09-25 08:34:18,5.004,5,49.54,AUT
2026-09-25 08:34:19,4.972,5,50.92,AUT
2026-09-25 08:34:20,4.982,5,50.54,AUT
2026-09-25 08:34:21,4.978,5,50.76,AUT
2026-09-25 08:34:22,5.001,5,49.84,AUT
2026-09-25 08:34:23,4.962,5,51.49,AUT
2026-09-25 08:34:24,4.985,5,50.65,AUT
2026-09-25 08:34:25,5.027,5,48.89,AUT
2026-09-25 08:34:26,5.024,5,48.95,AUT
2026-09-25 08:34:27,4.985,5,50.56,AUT
2026-09-25 08:34:28,5.023,5,48.95,AUT
2026-09-25 08:34:29,5.031,5,48.56,AUT
2026-09-25 08:34:30,5.026,5,48.68,AUT
2026-09-25 08:34:31,5.042,5,47.94,AUT
2026-09-25 08:34:32,5.002,5,49.52,AUT
2026-09-25 08:34:33,5.031,5,48.29,AUT
2026-09-25 08:34:34,5.011,5,49.07,AUT
2026-09-25 08:34:35,5.037,5,47.94,AUT
2026-09-25 08:34:36,4.985,5,50.04,AUT
2026-09-25 08:34:37,4.952,5,51.47,AUT
2026-09-25 08:34:38,4.979,5,50.45,AUT
2026-09-25 08:34:39,4.968,5,51.01,AUT
2026-09-25 08:34:40,4.95,5,51.83,AUT
2026-09-25 08:34:41,4.956,5,51.71,AUT
2026-09-25 08:34:42,4.98,5,50.81,AUT
2026-09-25 08:34:43,5.008,5,49.66,AUT
2026-09-25 08:34:44,4.999,5,50.03,AUT
2026-09-25 08:34:45,4.957,5,51.84,AUT
2026-09-25 08:34:46,5,5,50.12,AUT
2026-09-25 08:34:47,4.998,5,50.18,AUT
2026-09-25 08:34:48,5.011,5,49.62,AUT
2026-09-25 08:34:49,5.007,5,49.79,AUT
2026-09-25 08:34:50,5.03,5,48.77,AUT
2026-09-25 08:34:51,4.999,5,50.03,AUT
2026-09-25 08:34:52,5.005,5,49.77,AUT
2026-09-25 08:34:53,4.988,5,50.47,AUT
2026-09-25 08:34:54,5.056,5,47.6,AUT
2026-09-25 08:34:55,4.972,5,51.04,AUT
2026-09-25 08:34:56,5.015,5,49.3,AUT
2026-09-25 08:34:57,5.013,5,49.33,AUT
2026-09-25 08:34:58,5.025,5,48.78,AUT
2026-09-25 08:34:59,5.03,5,48.52,AUT
2026-09-25 08:35:00,4.983,5,50.44,AUT
2026-09-25 08:35:01,5.032,5,48.39,AUT
2026-09-25 08:35:02,5.047,5,47.65,AUT
2026-09-25 08:35:03,5.003,5,49.43,AUT
2026-09-25 08:35:04,4.999,5,49.59,AUT
2026-09-25 08:35:05,4.97,5,50.8,AUT
2026-09-25 08:35:06,4.973,5,50.75,AUT
2026-09-25 08:35:07,4.977,5,50.65,AUT
2026-09-25 08:35:08,4.974,5,50.86,AUT
2026-09-25 08:35:09,4.972,5,51,AUT
2026-09-25 08:35:10,4.95,5,52.04,AUT
2026-09-25 08:35:11,4.971,5,51.26,AUT
2026-09-25 08:35:12,4.992,5,50.44,AUT
2026-09-25 08:35:13,4.972,5,51.3,AUT
2026-09-25 08:35:14,5.035,5,48.7,AUT
2026-09-25 08:35:15,4.955,5,52.02,AUT
2026-09-25 08:35:16,4.997,5,50.34,AUT
2026-09-25 08:35:17,4.997,5,50.35,AUT
2026-09-25 08:35:18,4.973,5,51.4,AUT
2026-09-25 08:35:19,5.031,5,49,AUT
2026-09-25 08:35:20,4.998,5,50.32,AUT
2026-09-25 08:35:21,5.04,5,48.51,AUT
2026-09-25 08:35:22,5.011,5,49.66,AUT
2026-09-25 08:35:23,5.015,5,49.45,AUT
2026-09-25 08:35:24,5.009,5,49.66,AUT
2026-09-25 08:35:25,5.029,5,48.8,AUT
2026-09-25 08:35:26,4.984,5,50.65,AUT
2026-09-25 08:35:27,5.004,5,49.83,AUT
2026-09-25 08:35:28,4.974,5,51.11,AUT
2026-09-25 08:35:29,4.961,5,51.72,AUT
2026-09-25 08:35:30,5.022,5,49.22,AUT
2026-09-25 08:35:31,4.982,5,50.86,AUT
2026-09-25 08:35:32,5.006,5,49.89,AUT
2026-09-25 08:35:33,4.958,5,51.93,AUT
2026-09-25 08:35:34,5.001,5,50.21,AUT
2026-09-25 08:35:35,5.02,5,49.41,AUT
2026-09-25 08:35:36,5.028,5,49.01,AUT
2026-09-25 08:35:37,4.954,5,52.08,AUT
2026-09-25 08:35:38,4.979,5,51.12,AUT
2026-09-25 08:35:39,4.982,5,51.06,AUT
2026-09-25 08:35:40,5.018,5,49.6,AUT
2026-09-25 08:35:41,4.97,5,51.56,AUT
2026-09-25 08:35:42,4.979,5,51.26,AUT
2026-09-25 08:35:43,4.986,5,51.04,AUT
2026-09-25 08:35:44,4.97,5,51.74,AUT
2026-09-25 08:35:45,5.022,5,49.62,AUT
2026-09-25 08:35:46,5.045,5,48.59,AUT
2026-09-25 08:35:47,5.044,5,48.48,AUT
2026-09-25 08:35:48,4.983,5,50.98,AUT
2026-09-25 08:35:49,5.033,5,48.9,AUT
2026-09-25 08:35:50,5.005,5,49.99,AUT
2026-09-25 08:35:51,5.01,5,49.76,AUT
2026-09-25 08:35:52,5.007,5,49.86,AUT
2026-09-25 08:35:53,4.981,5,50.97,AUT
2026-09-25 08:35:54,4.995,5,50.41,AUT
2026-09-25 08:35:55,5.027,5,49.06,AUT
2026-09-25 08:35:56,4.98,5,50.98,AUT
2026-09-25 08:35:57,5.005,5,50,AUT
2026-09-25 08:35:58,4.991,5,50.58,AUT
2026-09-25 08:35:59,4.999,5,50.24,AUT
2026-09-25 08:36:00,4.995,5,50.42,AUT
2026-09-25 08:36:01,4.981,5,51.05,AUT
2026-09-25 08:36:02,5.035,5,48.8,AUT
2026-09-25 08:36:03,4.946,5,52.48,AUT
2026-09-25 08:36:04,4.978,5,51.28,AUT
2026-09-25 08:36:05,5.022,5,49.45,AUT
2026-09-25 08:36:06,4.984,5,51.01,AUT
2026-09-25 08:36:07,5.007,5,50.06,AUT
2026-09-25 08:36:08,5.001,5,50.33,AUT
2026-09-25 08:36:09,5,5,50.33,AUT
2026-09-25 08:36:10,5.028,5,49.14,AUT
2026-09-25 08:36:11,5.004,5,50.09,AUT
2026-09-25 08:36:12,5.011,5,49.79,AUT
2026-09-25 08:36:13,5.012,5,49.72,AUT
2026-09-25 08:36:14,5.034,5,48.75,AUT
2026-09-25 08:36:15,5.048,5,48.05,AUT
2026-09-25 08:36:16,5.027,5,48.83,AUT
2026-09-25 08:36:17,5.023,5,48.92,AUT
2026-09-25 08:36:18,5,5,49.85,AUT
2026-09-25 08:36:19,5.008,5,49.51,AUT
2026-09-25 08:36:20,5.032,5,48.46,AUT
2026-09-25 08:36:21,4.979,5,50.62,AUT
2026-09-25 08:36:22,5.005,5,49.58,AUT
2026-09-25 08:36:23,4.954,5,51.75,AUT
2026-09-25 08:36:24,5.004,5,49.72,AUT
2026-09-25 08:36:25,4.974,5,51.01,AUT
2026-09-25 08:36:26,4.99,5,50.38,AUT
2026-09-25 08:36:27,4.974,5,51.09,AUT
2026-09-25 08:36:28,4.968,5,51.41,AUT
2026-09-25 08:36:29,4.962,5,51.76,AUT
2026-09-25 08:36:30,4.992,5,50.58,AUT
2026-09-25 08:36:31,4.951,5,52.34,AUT
2026-09-25 08:36:32,4.972,5,51.61,AUT
2026-09-25 08:36:33,5.02,5,49.61,AUT
2026-09-25 08:36:34,5.011,5,49.94,AUT
2026-09-25 08:36:35,5.015,5,49.74,AUT
2026-09-25 08:36:36,5.025,5,49.26,AUT
2026-09-25 08:36:37,5.008,5,49.95,AUT
2026-09-25 08:36:38,5.061,5,47.65,AUT
2026-09-25 08:36:39,5.036,5,48.58,AUT
2026-09-25 08:36:40,5.023,5,49.03,AUT
2026-09-25 08:36:41,5.044,5,48.08,AUT
2026-09-25 08:36:42,4.978,5,50.78,AUT
2026-09-25 08:36:43,5.042,5,48.1,AUT
2026-09-25 08:36:44,4.949,5,51.97,AUT
2026-09-25 08:36:45,4.973,5,51.06,AUT
2026-09-25 08:36:46,4.977,5,50.98,AUT
2026-09-25 08:36:47,4.98,5,50.92,AUT
2026-09-25 08:36:48,4.971,5,51.33,AUT
2026-09-25 08:36:49,4.968,5,51.55,AUT
2026-09-25 08:36:50,4.972,5,51.46,AUT
2026-09-25 08:36:51,4.999,5,50.38,AUT
2026-09-25 08:36:52,5.002,5,50.26,AUT
2026-09-25 08:36:53,4.985,5,50.96,AUT
2026-09-25 08:36:54,4.977,5,51.36,AUT
2026-09-25 08:36:55,5.01,5,50,AUT
2026-09-25 08:36:56,4.965,5,51.88,AUT
2026-09-25 08:36:57,5.009,5,50.11,AUT
2026-09-25 08:36:58,5.006,5,50.24,AUT
2026-09-25 08:36:59,4.995,5,50.68,AUT
2026-09-25 08:37:00,5.048,5,48.43,AUT
2026-09-25 08:37:01,5.036,5,48.8,AUT
2026-09-25 08:37:02,5.012,5,49.73,AUT
2026-09-25 08:37:03,4.999,5,50.25,AUT
2026-09-25 08:37:04,5.011,5,49.77,AUT
2026-09-25 08:37:05,5.034,5,48.74,AUT
2026-09-25 08:37:06,5.019,5,49.29,AUT
2026-09-25 08:37:07,5.026,5,48.96,AUT
2026-09-25 08:37:08,5.038,5,48.35,AUT
2026-09-25 08:37:09,4.972,5,51.08,AUT
2026-09-25 08:37:10,5.005,5,49.74,AUT
2026-09-25 08:37:11,4.984,5,50.63,AUT
2026-09-25 08:37:12,4.969,5,51.32,AUT
2026-09-25 08:37:13,4.99,5,50.48,AUT
2026-09-25 08:37:14,4.947,5,52.35,AUT
2026-09-25 08:37:15,4.983,5,50.96,AUT
2026-09-25 08:37:16,4.959,5,52.03,AUT
2026-09-25 08:37:17,4.977,5,51.38,AUT
2026-09-25 08:37:18,5.006,5,50.19,AUT
2026-09-25 08:37:19,4.988,5,50.93,AUT
2026-09-25 08:37:20,4.978,5,51.42,AUT
2026-09-25 08:37:21,5.019,5,49.72,AUT
2026-09-25 08:37:22,4.998,5,50.57,AUT
2026-09-25 08:37:23,4.998,5,50.57,AUT
2026-09-25 08:37:24,5.032,5,49.1,AUT
2026-09-25 08:37:25,5.047,5,48.4,AUT
2026-09-25 08:37:26,4.996,5,50.43,AUT
2026-09-25 08:37:27,5.014,5,49.71,AUT
2026-09-25 08:37:28,5.021,5,49.33,AUT
2026-09-25 08:37:29,5.008,5,49.85,AUT
2026-09-25 08:37:30,4.978,5,51.1,AUT
2026-09-25 08:37:31,5.021,5,49.34,AUT
2026-09-25 08:37:32,4.988,5,50.68,AUT
2026-09-25 08:37:33,4.986,5,50.81,AUT
2026-09-25 08:37:34,4.948,5,52.45,AUT
2026-09-25 08:37:35,4.97,5,51.65,AUT
2026-09-25 08:37:36,4.993,5,50.77,AUT
2026-09-25 08:37:37,5.01,5,50.05,AUT
2026-09-25 08:37:38,4.972,5,51.65,AUT
2026-09-25 08:37:39,5.005,5,50.3,AUT
2026-09-25 08:37:40,4.967,5,51.9,AUT
2026-09-25 08:37:41,5.035,5,49.09,AUT
2026-09-25 08:37:42,4.97,5,51.8,AUT
2026-09-25 08:37:43,4.991,5,50.95,AUT
2026-09-25 08:37:44,5.049,5,48.5,AUT
2026-09-25 08:37:45,5.011,5,50.01,AUT
2026-09-25 08:37:46,4.983,5,51.17,AUT
2026-09-25 08:37:47,5.029,5,49.23,AUT
2026-09-25 08:37:48,4.99,5,50.85,AUT
2026-09-25 08:37:49,5.037,5,48.85,AUT
2026-09-25 08:37:50,5.015,5,49.69,AUT
2026-09-25 08:37:51,5.027,5,49.15,AUT
2026-09-25 08:37:52,5.006,5,49.99,AUT
2026-09-25 08:37:53,5.02,5,49.36,AUT
2026-09-25 08:37:54,4.971,5,51.41,AUT
2026-09-25 08:37:55,5,5,50.25,AUT
2026-09-25 08:37:56,5.033,5,48.82,AUT
2026-09-25 08:37:57,5.003,5,50,AUT
2026-09-25 08:37:58,4.978,5,51.06,AUT
2026-09-25 08:37:59,4.941,5,52.72,AUT
2026-09-25 08:38:00,4.975,5,51.43,AUT
2026-09-25 08:38:01,4.955,5,52.34,AUT
2026-09-25 08:38:02,4.982,5,51.31,AUT
2026-09-25 08:38:03,4.966,5,52.03,AUT
2026-09-25 08:38:04,5.012,5,50.17,AUT
2026-09-25 08:38:05,4.985,5,51.3,AUT
2026-09-25 08:38:06,4.99,5,51.1,AUT
2026-09-25 08:38:07,5.024,5,49.71,AUT
2026-09-25 08:38:08,5.025,5,49.6,AUT
2026-09-25 08:38:09,5.001,5,50.54,AUT
2026-09-25 08:38:10,5.039,5,48.92,AUT
2026-09-25 08:38:11,5.042,5,48.69,AUT
2026-09-25 08:38:12,5.027,5,49.21,AUT
2026-09-25 08:38:13,5.047,5,48.28,AUT
2026-09-25 08:38:14,5.01,5,49.73,AUT
2026-09-25 08:38:15,5.012,5,49.63,AUT
2026-09-25 08:38:16,5,5,50.11,AUT
2026-09-25 08:38:17,5.017,5,49.37,AUT
2026-09-25 08:38:18,5.003,5,49.93,AUT
2026-09-25 08:38:19,5.002,5,49.96,AUT
2026-09-25 08:38:20,4.968,5,51.43,AUT
2026-09-25 08:38:21,4.972,5,51.31,AUT
2026-09-25 08:38:22,4.968,5,51.58,AUT
2026-09-25 08:38:23,4.973,5,51.43,AUT
2026-09-25 08:38:24,4.98,5,51.22,AUT
2026-09-25 08:38:25,4.991,5,50.79,AUT
2026-09-25 08:38:26,4.984,5,51.11,AUT
2026-09-25 08:38:27,5.027,5,49.34,AUT
2026-09-25 08:38:28,4.973,5,51.55,AUT
2026-09-25 08:38:29,5.033,5,49.07,AUT
2026-09-25 08:38:30,5.016,5,49.69,AUT
2026-09-25 08:38:31,5.036,5,48.81,AUT
2026-09-25 08:38:32,4.989,5,50.71,AUT
2026-09-25 08:38:33,5.007,5,50.01,AUT
2026-09-25 08:38:34,5.021,5,49.38,AUT
2026-09-25 08:38:35,5.007,5,49.89,AUT
2026-09-25 08:38:36,5.02,5,49.33,AUT
2026-09-25 08:38:37,4.982,5,50.91,AUT
2026-09-25 08:38:38,4.995,5,50.41,AUT
2026-09-25 08:38:39,5.024,5,49.19,AUT
2026-09-25 08:38:40,4.991,5,50.51,AUT
2026-09-25 08:38:41,4.983,5,50.87,AUT
2026-09-25 08:38:42,5.001,5,50.15,AUT
2026-09-25 08:38:43,5.033,5,48.79,AUT
2026-09-25 08:38:44,5.001,5,50.07,AUT
2026-09-25 08:38:45,4.987,5,50.66,AUT
2026-09-25 08:38:46,4.963,5,51.72,AUT
2026-09-25 08:38:47,5.004,5,50.07,AUT
2026-09-25 08:38:48,5.017,5,49.49,AUT
2026-09-25 08:38:49,5.004,5,50,AUT
2026-09-25 08:38:50,5.027,5,49.01,AUT
2026-09-25 08:38:51,5.019,5,49.3,AUT
2026-09-25 08:38:52,5.04,5,48.33,AUT
2026-09-25 08:38:53,4.99,5,50.35,AUT
2026-09-25 08:38:54,5.005,5,49.74,AUT
2026-09-25 08:38:55,5.022,5,49,AUT
2026-09-25 08:38:56,4.971,5,51.14,AUT
2026-09-25 08:38:57,5.003,5,49.85,AUT
2026-09-25 08:38:58,4.995,5,50.19,AUT
2026-09-25 08:38:59,4.995,5,50.19,AUT
2026-09-25 08:39:00,4.987,5,50.55,AUT
2026-09-25 08:39:01,4.989,5,50.51,AUT
2026-09-25 08:39:02,4.986,5,50.65,AUT
2026-09-25 08:39:03,4.973,5,51.23,AUT
2026-09-25 08:39:04,5.009,5,49.77,AUT
2026-09-25 08:39:05,4.991,5,50.53,AUT
2026-09-25 08:39:06,4.996,5,50.34,AUT
2026-09-25 08:39:07,5.009,5,49.8,AUT
2026-09-25 08:39:08,5.015,5,49.5,AUT
2026-09-25 08:39:09,5.017,5,49.39,AUT
2026-09-25 08:39:10,4.996,5,50.23,AUT
2026-09-25 08:39:11,5,5,50.1,AUT
2026-09-25 08:39:12,5.023,5,49.09,AUT
2026-09-25 08:39:13,5.004,5,49.86,AUT
2026-09-25 08:39:14,4.996,5,50.19,AUT
2026-09-25 08:39:15,4.983,5,50.75,AUT
2026-09-25 08:39:16,4.988,5,50.56,AUT
2026-09-25 08:39:17,4.951,5,52.17,AUT
2026-09-25 08:39:18,4.951,5,52.33,AUT
2026-09-25 08:39:19,4.976,5,51.39,AUT
2026-09-25 08:39:20,4.989,5,50.87,AUT
2026-09-25 08:39:21,4.963,5,52.03,AUT
2026-09-25 08:39:22,4.973,5,51.7,AUT
2026-09-25 08:39:23,5.01,5,50.21,AUT
2026-09-25 08:39:24,4.994,5,50.85,AUT
2026-09-25 08:39:25,5.012,5,50.11,AUT
2026-09-25 08:39:26,5.002,5,50.49,AUT
2026-09-25 08:39:27,5.036,5,49.06,AUT
2026-09-25 08:39:28,5.029,5,49.25,AUT
2026-09-25 08:39:29,5.035,5,48.9,AUT
2026-09-25 08:39:30,5.002,5,50.21,AUT
2026-09-25 08:39:31,5.005,5,50.1,AUT
2026-09-25 08:39:32,4.986,5,50.89,AUT
2026-09-25 08:39:33,5.008,5,49.99,AUT
2026-09-25 08:39:34,5.045,5,48.4,AUT
2026-09-25 08:39:35,4.987,5,50.73,AUT
2026-09-25 08:39:36,5.034,5,48.76,AUT
2026-09-25 08:39:37,5.023,5,49.15,AUT
2026-09-25 08:39:38,5.01,5,49.64,AUT
2026-09-25 08:39:39,4.989,5,50.5,AUT
2026-09-25 08:39:40,5.024,5,49.03,AUT
2026-09-25 08:39:41,5.012,5,49.51,AUT
2026-09-25 08:39:42,5,5,49.97,AUT
2026-09-25 08:39:43,5.019,5,49.18,AUT
2026-09-25 08:39:44,4.983,5,50.64,AUT
2026-09-25 08:39:45,4.955,5,51.88,AUT
2026-09-25 08:39:46,4.968,5,51.44,AUT
2026-09-25 08:39:47,4.993,5,50.48,AUT
2026-09-25 08:39:48,4.941,5,52.7,AUT
2026-09-25 08:39:49,4.945,5,52.69,AUT
2026-09-25 08:39:50,4.953,5,52.48,AUT
2026-09-25 08:39:51,4.966,5,52.07,AUT
2026-09-25 08:39:52,5.01,5,50.29,AUT
2026-09-25 08:39:53,4.999,5,50.72,AUT
2026-09-25 08:39:54,5.03,5,49.41,AUT
2026-09-25 08:39:55,5.01,5,50.18,AUT
2026-09-25 08:39:56,5.007,5,50.26,AUT
2026-09-25 08:39:57,5.029,5,49.3,AUT
2026-09-25 08:39:58,5.053,5,48.23,AUT
2026-09-25 08:39:59,5.055,5,48.01,AUT
2026-09-25 08:40:00,5.042,5,48.42,AUT
2026-09-25 08:40:01,5.023,5,49.09,AUT
2026-09-25 08:40:02,5.076,5,46.76,AUT
2026-09-25 08:40:03,5.007,5,49.51,AUT
2026-09-25 08:40:04,5.018,5,49.04,AUT
2026-09-25 08:40:05,4.969,5,51.08,AUT
2026-09-25 08:40:06,4.986,5,50.43,AUT
2026-09-25 08:40:07,5.015,5,49.25,AUT
2026-09-25 08:40:08,4.963,5,51.42,AUT
2026-09-25 08:40:09,4.959,5,51.66,AUT
2026-09-25 08:40:10,4.975,5,51.1,AUT
2026-09-25 08:40:11,4.992,5,50.44,AUT
2026-09-25 08:40:12,4.981,5,50.94,AUT
2026-09-25 08:40:13,4.987,5,50.73,AUT
2026-09-25 08:40:14,4.986,5,50.8,AUT
2026-09-25 08:40:15,5.01,5,49.82,AUT
2026-09-25 08:40:16,4.99,5,50.67,AUT
2026-09-25 08:40:17,5.002,5,50.15,AUT
2026-09-25 08:40:18,5.058,5,47.76,AUT
2026-09-25 08:40:19,4.995,5,50.3,AUT
2026-09-25 08:40:20,5.02,5,49.25,AUT
2026-09-25 08:40:21,5.025,5,48.97,AUT
2026-09-25 08:40:22,5.001,5,49.93,AUT
2026-09-25 08:40:23,5.001,5,49.92,AUT
2026-09-25 08:40:24,4.976,5,51,AUT
2026-09-25 08:40:25,5,5,50.05,AUT
2026-09-25 08:40:26,4.991,5,50.42,AUT
2026-09-25 08:40:27,5.011,5,49.6,AUT
2026-09-25 08:40:28,4.999,5,50.09,AUT
2026-09-25 08:40:29,5.014,5,49.46,AUT
2026-09-25 08:40:30,4.98,5,50.87,AUT
2026-09-25 08:40:31,4.998,5,50.16,AUT
2026-09-25 08:40:32,5.007,5,49.78,AUT
2026-09-25 08:40:33,5.024,5,49.01,AUT
2026-09-25 08:40:34,4.977,5,50.97,AUT
2026-09-25 08:40:35,5.005,5,49.81,AUT
2026-09-25 08:40:36,4.98,5,50.88,AUT
2026-09-25 08:40:37,5.005,5,49.86,AUT
2026-09-25 08:40:38,5.001,5,50.01,AUT
2026-09-25 08:40:39,5.018,5,49.29,AUT
2026-09-25 08:40:40,5.042,5,48.23,AUT
2026-09-25 08:40:41,4.961,5,51.59,AUT
2026-09-25 08:40:42,5.01,5,49.59,AUT
2026-09-25 08:40:43,4.997,5,50.12,AUT
2026-09-25 08:40:44,4.977,5,50.96,AUT
2026-09-25 08:40:45,5.012,5,49.53,AUT
2026-09-25 08:40:46,5.019,5,49.2,AUT
2026-09-25 08:40:47,4.984,5,50.66,AUT
2026-09-25 08:40:48,4.987,5,50.56,AUT
2026-09-25 08:40:49,4.998,5,50.14,AUT
2026-09-25 08:40:50,4.984,5,50.74,AUT
2026-09-25 08:40:51,4.982,5,50.87,AUT
2026-09-25 08:40:52,5.004,5,49.95,AUT
2026-09-25 08:40:53,4.983,5,50.87,AUT
2026-09-25 08:40:54,4.993,5,50.49,AUT
2026-09-25 08:40:55,4.971,5,51.44,AUT
2026-09-25 08:40:56,5.011,5,49.79,AUT
2026-09-25 08:40:57,4.99,5,50.67,AUT
2026-09-25 08:40:58,4.995,5,50.47,AUT
2026-09-25 08:40:59,5.012,5,49.77,AUT
2026-09-25 08:41:00,5.005,5,50.03,AUT
2026-09-25 08:41:01,4.995,5,50.46,AUT
2026-09-25 08:41:02,5.022,5,49.31,AUT
2026-09-25 08:41:03,5.035,5,48.72,AUT
2026-09-25 08:41:04,5.06,5,47.53,AUT
2026-09-25 08:41:05,4.995,5,50.13,AUT
2026-09-25 08:41:06,4.974,5,51.06,AUT
2026-09-25 08:41:07,5.036,5,48.49,AUT
2026-09-25 08:41:08,4.995,5,50.14,AUT
2026-09-25 08:41:09,5.002,5,49.85,AUT
2026-09-25 08:41:10,5.005,5,49.73,AUT
2026-09-25 08:41:11,4.98,5,50.79,AUT
2026-09-25 08:41:12,4.995,5,50.17,AUT
2026-09-25 08:41:13,5.014,5,49.41,AUT
2026-09-25 08:41:14,4.996,5,50.13,AUT
2026-09-25 08:41:15,5.024,5,48.95,AUT
2026-09-25 08:41:16,4.981,5,50.69,AUT
2026-09-25 08:41:17,5.013,5,49.39,AUT
2026-09-25 08:41:18,5.002,5,49.83,AUT
2026-09-25 08:41:19,4.975,5,50.99,AUT
2026-09-25 08:41:20,4.999,5,50.02,AUT
2026-09-25 08:41:21,4.982,5,50.75,AUT
2026-09-25 08:41:22,4.963,5,51.59,AUT
2026-09-25 08:41:23,4.968,5,51.48,AUT
2026-09-25 08:41:24,5.016,5,49.51,AUT
2026-09-25 08:41:25,5.009,5,49.77,AUT
2026-09-25 08:41:26,4.958,5,51.93,AUT
2026-09-25 08:41:27,4.957,5,52.1,AUT
2026-09-25 08:41:28,5.008,5,50.03,AUT
2026-09-25 08:41:29,5.023,5,49.35,AUT
2026-09-25 08:41:30,4.998,5,50.37,AUT
2026-09-25 08:41:31,5.002,5,50.21,AUT
2026-09-25 08:41:32,5.012,5,49.79,AUT
2026-09-25 08:41:33,5.043,5,48.4,AUT
2026-09-25 08:41:34,5.015,5,49.49,AUT
2026-09-25 08:41:35,5.013,5,49.55,AUT
2026-09-25 08:41:36,5.041,5,48.29,AUT
2026-09-25 08:41:37,5.009,5,49.57,AUT
2026-09-25 08:41:38,5.01,5,49.49,AUT
2026-09-25 08:41:39,4.998,5,49.98,AUT
2026-09-25 08:41:40,5,5,49.91,AUT
2026-09-25 08:41:41,4.978,5,50.83,AUT
2026-09-25 08:41:42,5.02,5,49.11,AUT
2026-09-25 08:41:43,5.011,5,49.43,AUT
2026-09-25 08:41:44,4.98,5,50.72,AUT
2026-09-25 08:41:45,4.963,5,51.49,AUT
2026-09-25 08:41:46,5.012,5,49.54,AUT
2026-09-25 08:41:47,5.023,5,49.03,AUT
2026-09-25 08:41:48,4.986,5,50.53,AUT
2026-09-25 08:41:49,4.994,5,50.24,AUT
2026-09-25 08:41:50,4.952,5,52.03,AUT
2026-09-25 08:41:51,5.052,5,47.92,AUT
2026-09-25 08:41:52,5.011,5,49.53,AUT
2026-09-25 08:41:53,4.991,5,50.32,AUT
2026-09-25 08:41:54,5.003,5,49.86,AUT
2026-09-25 08:41:55,4.978,5,50.89,AUT
2026-09-25 08:41:56,5.022,5,49.08,AUT
2026-09-25 08:41:57,5.003,5,49.83,AUT
2026-09-25 08:41:58,5.004,5,49.79,AUT
2026-09-25 08:41:59,5.047,5,47.92,AUT
2026-09-25 08:42:00,5.008,5,49.46,AUT
2026-09-25 08:42:01,5.025,5,48.72,AUT
2026-09-25 08:42:02,5.017,5,48.99,AUT
2026-09-25 08:42:03,5.024,5,48.66,AUT
2026-09-25 08:42:04,5.001,5,49.58,AUT
2026-09-25 08:42:05,5.019,5,48.83,AUT
2026-09-25 08:42:06,5.011,5,49.11,AUT
2026-09-25 08:42:07,4.966,5,51.01,AUT
2026-09-25 08:42:08,4.949,5,51.79,AUT
2026-09-25 08:42:09,4.99,5,50.21,AUT
2026-09-25 08:42:10,5.001,5,49.75,AUT
2026-09-25 08:42:11,4.964,5,51.33,AUT
2026-09-25 08:42:12,5.004,5,49.71,AUT
2026-09-25 08:42:13,5.003,5,49.77,AUT
2026-09-25 08:42:14,5,5,49.88,AUT
2026-09-25 08:42:15,4.981,5,50.66,AUT
2026-09-25 08:42:16,4.972,5,51.12,AUT
2026-09-25 08:42:17,5.02,5,49.16,AUT
2026-09-25 08:42:18,5.038,5,48.34,AUT
2026-09-25 08:42:19,5.036,5,48.29,AUT
2026-09-25 08:42:20,4.964,5,51.3,AUT
2026-09-25 08:42:21,5.01,5,49.43,AUT
2026-09-25 08:42:22,5.006,5,49.55,AUT
2026-09-25 08:42:23,5.03,5,48.5,AUT
2026-09-25 08:42:24,4.991,5,50.11,AUT
2026-09-25 08:42:25,5.002,5,49.68,AUT
2026-09-25 08:42:26,4.992,5,50.08,AUT
2026-09-25 08:42:27,4.971,5,50.99,AUT
2026-09-25 08:42:28,4.994,5,50.08,AUT
2026-09-25 08:42:29,4.988,5,50.35,AUT
2026-09-25 08:42:30,5.006,5,49.61,AUT
2026-09-25 08:42:31,4.986,5,50.48,AUT
2026-09-25 08:42:32,5.022,5,48.97,AUT
2026-09-25 08:42:33,5.006,5,49.57,AUT
2026-09-25 08:42:34,5.006,5,49.55,AUT
2026-09-25 08:42:35,5.031,5,48.47,AUT
2026-09-25 08:42:36,4.994,5,50,AUT
2026-09-25 08:42:37,4.981,5,50.54,AUT
2026-09-25 08:42:38,5.013,5,49.24,AUT
2026-09-25 08:42:39,4.987,5,50.3,AUT
2026-09-25 08:42:40,5,5,49.78,AUT
2026-09-25 08:42:41,4.987,5,50.33,AUT
2026-09-25 08:42:42,5.011,5,49.37,AUT
2026-09-25 08:42:43,4.945,5,52.15,AUT
2026-09-25 08:42:44,4.991,5,50.32,AUT
2026-09-25 08:42:45,5.003,5,49.83,AUT
2026-09-25 08:42:46,5.015,5,49.33,AUT
2026-09-25 08:42:47,4.965,5,51.41,AUT
2026-09-25 08:42:48,4.984,5,50.7,AUT
2026-09-25 08:42:49,4.978,5,51.01,AUT
2026-09-25 08:42:50,4.973,5,51.29,AUT
2026-09-25 08:42:51,5.005,5,49.96,AUT
2026-09-25 08:42:52,4.992,5,50.51,AUT
2026-09-25 08:42:53,5.027,5,49.03,AUT
2026-09-25 08:42:54,5.029,5,48.91,AUT
2026-09-25 08:42:55,5.008,5,49.69,AUT
2026-09-25 08:42:56,5.01,5,49.58,AUT
2026-09-25 08:42:57,5.024,5,48.96,AUT
2026-09-25 08:42:58,5.022,5,49.01,AUT
2026-09-25 08:42:59,5.032,5,48.53,AUT
2026-09-25 08:43:00,5.014,5,49.21,AUT
2026-09-25 08:43:01,4.99,5,50.18,AUT
2026-09-25 08:43:02,4.98,5,50.64,AUT
2026-09-25 08:43:03,5.013,5,49.3,AUT
2026-09-25 08:43:04,5.001,5,49.77,AUT
2026-09-25 08:43:05,4.965,5,51.29,AUT
2026-09-25 08:43:06,4.984,5,50.59,AUT
2026-09-25 08:43:07,4.989,5,50.42,AUT
2026-09-25 08:43:08,4.983,5,50.68,AUT
2026-09-25 08:43:09,4.983,5,50.75,AUT
2026-09-25 08:43:10,4.978,5,50.99,AUT
2026-09-25 08:43:11,5.009,5,49.74,AUT
2026-09-25 08:43:12,5.019,5,49.3,AUT
2026-09-25 08:43:13,5.043,5,48.21,AUT
2026-09-25 08:43:14,5.041,5,48.16,AUT
2026-09-25 08:43:15,4.965,5,51.32,AUT
2026-09-25 08:43:16,5.011,5,49.46,AUT
2026-09-25 08:43:17,5.021,5,48.99,AUT
2026-09-25 08:43:18,5.051,5,47.65,AUT
2026-09-25 08:43:19,5.006,5,49.42,AUT
2026-09-25 08:43:20,4.97,5,50.97,AUT
2026-09-25 08:43:21,5.014,5,49.15,AUT
2026-09-25 08:43:22,5.004,5,49.53,AUT
2026-09-25 08:43:23,5.027,5,48.55,AUT
2026-09-25 08:43:24,4.979,5,50.52,AUT
2026-09-25 08:43:25,5.032,5,48.34,AUT
2026-09-25 08:43:26,5.031,5,48.3,AUT
2026-09-25 08:43:27,4.98,5,50.36,AUT
2026-09-25 08:43:28,4.986,5,50.16,AUT
2026-09-25 08:43:29,5.015,5,48.98,AUT
2026-09-25 08:43:30,4.972,5,50.77,AUT
2026-09-25 08:43:31,5.008,5,49.32,AUT
2026-09-25 08:43:32,4.971,5,50.88,AUT
2026-09-25 08:43:33,4.997,5,49.82,AUT
2026-09-25 08:43:34,5.015,5,49.06,AUT
2026-09-25 08:43:35,4.963,5,51.27,AUT
2026-09-25 08:43:36,4.999,5,49.83,AUT
2026-09-25 08:43:37,4.992,5,50.12,AUT
2026-09-25 08:43:38,4.982,5,50.56,AUT
2026-09-25 08:43:39,5.038,5,48.22,AUT
2026-09-25 08:43:40,4.999,5,49.78,AUT
2026-09-25 08:43:41,5.036,5,48.21,AUT
2026-09-25 08:43:42,4.968,5,51.01,AUT
2026-09-25 08:43:43,4.999,5,49.79,AUT
2026-09-25 08:43:44,5.014,5,49.15,AUT
2026-09-25 08:43:45,5.031,5,48.39,AUT
2026-09-25 08:43:46,5.042,5,47.85,AUT
2026-09-25 08:43:47,5.031,5,48.17,AUT
2026-09-25 08:43:48,5.026,5,48.33,AUT
2026-09-25 08:43:49,5.011,5,48.89,AUT
2026-09-25 08:43:50,5.014,5,48.74,AUT
2026-09-25 08:43:51,5.024,5,48.26,AUT
2026-09-25 08:43:52,4.995,5,49.43,AUT
2026-09-25 08:43:53,4.988,5,49.75,AUT
2026-09-25 08:43:54,4.987,5,49.82,AUT
2026-09-25 08:43:55,4.99,5,49.73,AUT
2026-09-25 08:43:56,4.957,5,51.17,AUT
2026-09-25 08:43:57,4.947,5,51.69,AUT
2026-09-25 08:43:58,4.974,5,50.72,AUT
2026-09-25 08:43:59,4.992,5,49.98,AUT
2026-09-25 08:44:00,4.959,5,51.44,AUT
2026-09-25 08:44:01,4.987,5,50.33,AUT
2026-09-25 08:44:02,4.98,5,50.67,AUT
2026-09-25 08:44:03,5.021,5,48.96,AUT
2026-09-25 08:44:04,5.007,5,49.51,AUT
2026-09-25 08:44:05,4.98,5,50.66,AUT
2026-09-25 08:44:06,5.044,5,47.98,AUT
2026-09-25 08:44:07,5.022,5,48.8,AUT
2026-09-25 08:44:08,5.046,5,47.72,AUT
2026-09-25 08:44:09,5.043,5,47.71,AUT
2026-09-25 08:44:10,5.005,5,49.22,AUT
2026-09-25 08:44:11,5.059,5,46.9,AUT
2026-09-25 08:44:12,5.02,5,48.43,AUT
2026-09-25 08:44:13,4.999,5,49.25,AUT
2026-09-25 08:44:14,5.039,5,47.56,AUT
2026-09-25 08:44:15,4.989,5,49.57,AUT
2026-09-25 08:44:16,5.001,5,49.11,AUT
2026-09-25 08:44:17,5.012,5,48.64,AUT
2026-09-25 08:44:18,4.96,5,50.8,AUT
2026-09-25 08:44:19,4.967,5,50.62,AUT
2026-09-25 08:44:20,4.969,5,50.63,AUT
2026-09-25 08:44:21,5.009,5,48.99,AUT
2026-09-25 08:44:22,4.95,5,51.51,AUT
2026-09-25 08:44:23,4.996,5,49.67,AUT
2026-09-25 08:44:24,4.965,5,51.01,AUT
2026-09-25 08:44:25,4.987,5,50.13,AUT
2026-09-25 08:44:26,5,5,49.62,AUT
2026-09-25 08:44:27,4.978,5,50.59,AUT
2026-09-25 08:44:28,4.96,5,51.41,AUT
2026-09-25 08:44:29,5.007,5,49.5,AUT
2026-09-25 08:44:30,4.98,5,50.62,AUT
2026-09-25 08:44:31,4.996,5,50.01,AUT
2026-09-25 08:44:32,5.044,5,47.97,AUT
2026-09-25 08:44:33,5.021,5,48.83,AUT
2026-09-25 08:44:34,5.008,5,49.35,AUT
2026-09-25 08:44:35,5.045,5,47.71,AUT
2026-09-25 08:44:36,5.037,5,47.97,AUT
2026-09-25 08:44:37,5.033,5,48.02,AUT
2026-09-25 08:44:38,5.009,5,48.96,AUT
2026-09-25 08:44:39,5.022,5,48.38,AUT
2026-09-25 08:44:40,5.015,5,48.61,AUT
2026-09-25 08:44:41,5.049,5,47.15,AUT
2026-09-25 08:44:42,4.995,5,49.29,AUT
2026-09-25 08:44:43,4.999,5,49.15,AUT
2026-09-25 08:44:44,5.023,5,48.12,AUT
2026-09-25 08:44:45,4.986,5,49.64,AUT
2026-09-25 08:44:46,4.996,5,49.25,AUT
2026-09-25 08:44:47,4.999,5,49.15,AUT
2026-09-25 08:44:48,5.009,5,48.73,AUT
2026-09-25 08:44:49,4.995,5,49.29,AUT
2026-09-25 08:44:50,4.986,5,49.67,AUT
2026-09-25 08:44:51,4.957,5,50.95,AUT
2026-09-25 08:44:52,4.987,5,49.78,AUT
2026-09-25 08:44:53,4.99,5,49.7,AUT
2026-09-25 08:44:54,5.036,5,47.77,AUT
2026-09-25 08:44:55,4.965,5,50.7,AUT
2026-09-25 08:44:56,5,5,49.31,AUT
2026-09-25 08:44:57,5.008,5,48.95,AUT
2026-09-25 08:44:58,5.058,5,46.82,AUT
2026-09-25 08:44:59,4.971,5,50.37,AUT
2026-09-25 08:45:00,5.012,5,48.7,AUT
2026-09-25 08:45:01,5.001,5,49.13,AUT
2026-09-25 08:45:02,5.009,5,48.77,AUT
2026-09-25 08:45:03,5.005,5,48.94,AUT
2026-09-25 08:45:04,4.99,5,49.56,AUT
2026-09-25 08:45:05,4.996,5,49.34,AUT
2026-09-25 08:45:06,4.988,5,49.66,AUT
2026-09-25 08:45:07,4.994,5,49.44,AUT
2026-09-25 08:45:08,5.018,5,48.44,AUT
2026-09-25 08:45:09,5.029,5,47.95,AUT
2026-09-25 08:45:10,5.035,5,47.61,AUT
2026-09-25 08:45:11,5.006,5,48.75,AUT
2026-09-25 08:45:12,5.02,5,48.15,AUT
2026-09-25 08:45:13,5.022,5,48,AUT
2026-09-25 08:45:14,4.953,5,50.86,AUT
2026-09-25 08:45:15,5.031,5,47.66,AUT
2026-09-25 08:45:16,4.965,5,50.38,AUT
2026-09-25 08:45:17,4.989,5,49.47,AUT
2026-09-25 08:45:18,5.005,5,48.81,AUT
2026-09-25 08:45:19,4.975,5,50.1,AUT
2026-09-25 08:45:20,5.019,5,48.29,AUT
2026-09-25 08:45:21,5.017,5,48.3,AUT
2026-09-25 08:45:22,4.995,5,49.2,AUT
2026-09-25 08:45:23,4.996,5,49.17,AUT
2026-09-25 08:45:24,5.028,5,47.84,AUT
2026-09-25 08:45:25,4.981,5,49.74,AUT
2026-09-25 08:45:26,5.022,5,48.07,AUT
2026-09-25 08:45:27,4.972,5,50.12,AUT
2026-09-25 08:45:28,4.994,5,49.27,AUT
2026-09-25 08:45:29,4.98,5,49.88,AUT
2026-09-25 08:45:30,4.988,5,49.57,AUT
2026-09-25 08:45:31,4.976,5,50.11,AUT
2026-09-25 08:45:32,4.993,5,49.46,AUT
2026-09-25 08:45:33,5.003,5,49.06,AUT
2026-09-25 08:45:34,4.998,5,49.28,AUT
2026-09-25 08:45:35,4.99,5,49.61,AUT
2026-09-25 08:45:36,4.989,5,49.7,AUT
2026-09-25 08:45:37,5.016,5,48.54,AUT
2026-09-25 08:45:38,4.991,5,49.57,AUT
2026-09-25 08:45:39,5.008,5,48.86,AUT
2026-09-25 08:45:40,5.006,5,48.96,AUT
2026-09-25 08:45:41,5.048,5,47.14,AUT
2026-09-25 08:45:42,5.015,5,48.42,AUT
2026-09-25 08:45:43,5.007,5,48.71,AUT
2026-09-25 08:45:44,5.024,5,47.97,AUT
2026-09-25 08:45:45,4.976,5,49.97,AUT
2026-09-25 08:45:46,4.975,5,50.08,AUT
2026-09-25 08:45:47,4.977,5,50.07,AUT
2026-09-25 08:45:48,4.99,5,49.54,AUT
2026-09-25 08:45:49,5.012,5,48.65,AUT
2026-09-25 08:45:50,4.992,5,49.48,AUT
2026-09-25 08:45:51,4.978,5,50.11,AUT
2026-09-25 08:45:52,5.001,5,49.17,AUT
2026-09-25 08:45:53,4.953,5,51.2,AUT
2026-09-25 08:45:54,4.989,5,49.79,AUT
2026-09-25 08:45:55,5.042,5,47.57,AUT
2026-09-25 08:45:56,5.008,5,48.9,AUT
2026-09-25 08:45:57,4.986,5,49.82,AUT
2026-09-25 08:45:58,4.984,5,49.92,AUT
2026-09-25 08:45:59,5.032,5,47.93,AUT
2026-09-25 08:46:00,5.062,5,46.59,AUT
2026-09-25 08:46:01,5.019,5,48.24,AUT
2026-09-25 08:46:02,5.021,5,48.12,AUT
2026-09-25 08:46:03,5.004,5,48.77,AUT
2026-09-25 08:46:04,5.015,5,48.29,AUT
2026-09-25 08:46:05,5.011,5,48.44,AUT
2026-09-25 08:46:06,4.98,5,49.71,AUT
2026-09-25 08:46:07,4.994,5,49.16,AUT
2026-09-25 08:46:08,4.981,5,49.75,AUT
2026-09-25 08:46:09,5.03,5,47.69,AUT
2026-09-25 08:46:10,4.956,5,50.78,AUT
2026-09-25 08:46:11,4.974,5,50.13,AUT
2026-09-25 08:46:12,4.957,5,50.93,AUT
2026-09-25 08:46:13,4.966,5,50.66,AUT
2026-09-25 08:46:14,4.967,5,50.69,AUT
2026-09-25 08:46:15,4.964,5,50.93,AUT
2026-09-25 08:46:16,4.956,5,51.34,AUT
2026-09-25 08:46:17,5.002,5,49.5,AUT
2026-09-25 08:46:18,5.013,5,49.03,AUT
2026-09-25 08:46:19,5.022,5,48.64,AUT
2026-09-25 08:46:20,5.033,5,48.11,AUT
2026-09-25 08:46:21,5.015,5,48.77,AUT
2026-09-25 08:46:22,5.045,5,47.47,AUT
2026-09-25 08:46:23,5.032,5,47.88,AUT
2026-09-25 08:46:24,5.007,5,48.86,AUT
2026-09-25 08:46:25,5.021,5,48.26,AUT
2026-09-25 08:46:26,5.036,5,47.54,AUT
2026-09-25 08:46:27,5.021,5,48.11,AUT
2026-09-25 08:46:28,5.034,5,47.5,AUT
2026-09-25 08:46:29,5.006,5,48.59,AUT
2026-09-25 08:46:30,5.009,5,48.47,AUT
2026-09-25 08:46:31,5.015,5,48.15,AUT
2026-09-25 08:46:32,5.018,5,48,AUT
2026-09-25 08:46:33,4.97,5,49.99,AUT
2026-09-25 08:46:34,4.96,5,50.52,AUT
2026-09-25 08:46:35,4.94,5,51.46,AUT
2026-09-25 08:46:36,4.983,5,49.78,AUT
2026-09-25 08:46:37,4.976,5,50.12,AUT
2026-09-25 08:46:38,4.998,5,49.27,AUT
2026-09-25 08:46:39,4.965,5,50.66,AUT
2026-09-25 08:46:40,4.955,5,51.18,AUT
2026-09-25 08:46:41,4.989,5,49.87,AUT
2026-09-25 08:46:42,4.962,5,51.04,AUT
2026-09-25 08:46:43,5.009,5,49.13,AUT
2026-09-25 08:46:44,5.01,5,49.09,AUT
2026-09-25 08:46:45,4.999,5,49.51,AUT
2026-09-25 08:46:46,5.01,5,49.05,AUT
2026-09-25 08:46:47,5.034,5,47.99,AUT
2026-09-25 08:46:48,5.059,5,46.83,AUT
2026-09-25 08:46:49,5.016,5,48.52,AUT
2026-09-25 08:46:50,5.054,5,46.86,AUT
2026-09-25 08:46:51,5.033,5,47.63,AUT
2026-09-25 08:46:52,5.037,5,47.35,AUT
2026-09-25 08:46:53,4.998,5,48.93,AUT
2026-09-25 08:46:54,4.978,5,49.76,AUT
2026-09-25 08:46:55,4.992,5,49.25,AUT
2026-09-25 08:46:56,4.977,5,49.89,AUT
2026-09-25 08:46:57,4.996,5,49.16,AUT
2026-09-25 08:46:58,4.952,5,51.03,AUT
2026-09-25 08:46:59,4.964,5,50.64,AUT
2026-09-25 08:47:00,4.985,5,49.87,AUT
2026-09-25 08:47:01,4.963,5,50.82,AUT
2026-09-25 08:47:02,4.957,5,51.2,AUT
2026-09-25 08:47:03,4.978,5,50.41,AUT
2026-09-25 08:47:04,5,5,49.51,AUT
2026-09-25 08:47:05,4.998,5,49.59,AUT
2026-09-25 08:47:06,5.002,5,49.43,AUT
2026-09-25 08:47:07,5.02,5,48.68,AUT
2026-09-25 08:47:08,5.009,5,49.1,AUT
2026-09-25 08:47:09,4.991,5,49.82,AUT
2026-09-25 08:47:10,5.049,5,47.39,AUT
2026-09-25 08:47:11,5.001,5,49.28,AUT
2026-09-25 08:47:12,5.013,5,48.8,AUT
2026-09-25 08:47:13,5.009,5,48.9,AUT
2026-09-25 08:47:14,5.021,5,48.4,AUT
2026-09-25 08:47:15,4.997,5,49.34,AUT
2026-09-25 08:47:16,4.993,5,49.54,AUT
2026-09-25 08:47:17,4.97,5,50.53,AUT
2026-09-25 08:47:18,4.998,5,49.4,AUT
2026-09-25 08:47:19,5.014,5,48.72,AUT
2026-09-25 08:47:20,4.981,5,50.08,AUT
2026-09-25 08:47:21,4.968,5,50.69,AUT
2026-09-25 08:47:22,4.981,5,50.23,AUT
2026-09-25 08:47:23,4.997,5,49.62,AUT
2026-09-25 08:47:24,5.021,5,48.6,AUT
2026-09-25 08:47:25,4.982,5,50.19,AUT
2026-09-25 08:47:26,4.994,5,49.75,AUT
2026-09-25 08:47:27,5.014,5,48.92,AUT
2026-09-25 08:47:28,5.046,5,47.49,AUT
2026-09-25 08:47:29,4.992,5,49.67,AUT
2026-09-25 08:47:30,4.973,5,50.51,AUT
2026-09-25 08:47:31,5.044,5,47.56,AUT
2026-09-25 08:47:32,5.034,5,47.86,AUT
2026-09-25 08:47:33,5.033,5,47.8,AUT
2026-09-25 08:47:34,5.009,5,48.73,AUT
2026-09-25 08:47:35,4.992,5,49.45,AUT
2026-09-25 08:47:36,5.003,5,48.98,AUT
2026-09-25 08:47:37,5.011,5,48.64,AUT
2026-09-25 08:47:38,4.977,5,50.07,AUT
2026-09-25 08:47:39,4.948,5,51.37,AUT
2026-09-25 08:47:40,4.974,5,50.41,AUT
2026-09-25 08:47:41,4.981,5,50.15,AUT
2026-09-25 08:47:42,4.987,5,49.96,AUT
2026-09-25 08:47:43,4.998,5,49.52,AUT
2026-09-25 08:47:44,4.954,5,51.41,AUT
2026-09-25 08:47:45,4.983,5,50.28,AUT
2026-09-25 08:47:46,4.986,5,50.21,AUT
2026-09-25 08:47:47,5.007,5,49.34,AUT
2026-09-25 08:47:48,5.015,5,49,AUT
2026-09-25 08:47:49,5.005,5,49.4,AUT
2026-09-25 08:47:50,5.039,5,47.9,AUT
2026-09-25 08:47:51,4.992,5,49.81,AUT
2026-09-25 08:47:52,5.029,5,48.27,AUT
2026-09-25 08:47:53,5.03,5,48.13,AUT
2026-09-25 08:47:54,4.995,5,49.57,AUT
2026-09-25 08:47:55,5.014,5,48.75,AUT
2026-09-25 08:47:56,4.999,5,49.38,AUT
2026-09-25 08:47:57,5.019,5,48.5,AUT
2026-09-25 08:47:58,4.972,5,50.45,AUT
2026-09-25 08:47:59,5.003,5,49.2,AUT
2026-09-25 08:48:00,5.001,5,49.28,AUT
2026-09-25 08:48:01,5.006,5,49.06,AUT
2026-09-25 08:48:02,4.994,5,49.56,AUT
2026-09-25 08:48:03,4.97,5,50.62,AUT
2026-09-25 08:48:04,4.99,5,49.84,AUT
2026-09-25 08:48:05,4.989,5,49.91,AUT
2026-09-25 08:48:06,5.004,5,49.31,AUT
2026-09-25 08:48:07,4.967,5,50.86,AUT
2026-09-25 08:48:08,4.973,5,50.69,AUT
2026-09-25 08:48:09,4.994,5,49.87,AUT
2026-09-25 08:48:10,4.977,5,50.6,AUT
2026-09-25 08:48:11,5.011,5,49.21,AUT
2026-09-25 08:48:12,4.981,5,50.48,AUT
2026-09-25 08:48:13,4.991,5,50.08,AUT
2026-09-25 08:48:14,4.978,5,50.68,AUT
2026-09-25 08:48:15,5.014,5,49.18,AUT
2026-09-25 08:48:16,5.003,5,49.63,AUT
2026-09-25 08:48:17,5.029,5,48.52,AUT
2026-09-25 08:48:18,4.999,5,49.71,AUT
2026-09-25 08:48:19,5.023,5,48.7,AUT
2026-09-25 08:48:20,4.986,5,50.21,AUT
2026-09-25 08:48:21,5.046,5,47.7,AUT
2026-09-25 08:48:22,5.033,5,48.12,AUT
2026-09-25 08:48:23,5.026,5,48.31,AUT
2026-09-25 08:48:24,5.02,5,48.5,AUT
2026-09-25 08:48:25,5.042,5,47.53,AUT
2026-09-25 08:48:26,5.005,5,48.99,AUT
2026-09-25 08:48:27,4.98,5,50.06,AUT
2026-09-25 08:48:28,4.982,5,49.99,AUT
2026-09-25 08:48:29,4.991,5,49.67,AUT
2026-09-25 08:48:30,4.996,5,49.48,AUT
2026-09-25 08:48:31,4.971,5,50.54,AUT
2026-09-25 08:48:32,4.983,5,50.15,AUT
2026-09-25 08:48:33,4.97,5,50.72,AUT
2026-09-25 08:48:34,4.987,5,50.08,AUT
2026-09-25 08:48:35,4.926,5,52.73,AUT
2026-09-25 08:48:36,4.942,5,52.22,AUT
2026-09-25 08:48:37,4.996,5,50.07,AUT
2026-09-25 08:48:38,4.99,5,50.34,AUT
2026-09-25 08:48:39,4.984,5,50.61,AUT
2026-09-25 08:48:40,5.016,5,49.31,AUT
2026-09-25 08:48:41,4.997,5,50.08,AUT
2026-09-25 08:48:42,5.005,5,49.74,AUT
2026-09-25 08:48:43,5.02,5,49.08,AUT
2026-09-25 08:48:44,5.002,5,49.82,AUT
2026-09-25 08:48:45,5.013,5,49.34,AUT
2026-09-25 08:48:46,5.027,5,48.69,AUT
2026-09-25 08:48:47,5.05,5,47.63,AUT
2026-09-25 08:48:48,5.027,5,48.5,AUT
2026-09-25 08:48:49,5.013,5,49.02,AUT
2026-09-25 08:48:50,5.026,5,48.45,AUT
2026-09-25 08:48:51,5.047,5,47.45,AUT
2026-09-25 08:48:52,4.994,5,49.61,AUT
2026-09-25 08:48:53,5.005,5,49.13,AUT
2026-09-25 08:48:54,4.993,5,49.64,AUT
2026-09-25 08:48:55,4.988,5,49.88,AUT
2026-09-25 08:48:56,4.971,5,50.63,AUT
2026-09-25 08:48:57,4.943,5,51.92,AUT
2026-09-25 08:48:58,4.958,5,51.43,AUT
2026-09-25 08:48:59,4.946,5,52.05,AUT
2026-09-25 08:49:00,4.949,5,52.04,AUT
2026-09-25 08:49:01,4.973,5,51.15,AUT
2026-09-25 08:49:02,4.954,5,52.06,AUT
2026-09-25 08:49:03,4.997,5,50.33,AUT
2026-09-25 08:49:04,5.022,5,49.28,AUT
2026-09-25 08:49:05,5.007,5,49.86,AUT
2026-09-25 08:49:06,5.004,5,49.97,AUT
2026-09-25 08:49:07,5.017,5,49.4,AUT
2026-09-25 08:49:08,5.019,5,49.28,AUT
2026-09-25 08:49:09,5.041,5,48.28,AUT
2026-09-25 08:49:10,5.029,5,48.69,AUT
2026-09-25 08:49:11,5.005,5,49.65,AUT
2026-09-25 08:49:12,5.032,5,48.48,AUT
2026-09-25 08:49:13,5.039,5,48.1,AUT
2026-09-25 08:49:14,5.039,5,47.99,AUT
2026-09-25 08:49:15,5.016,5,48.86,AUT
2026-09-25 08:49:16,5.012,5,48.99,AUT
2026-09-25 08:49:17,5.015,5,48.84,AUT
2026-09-25 08:49:18,5.021,5,48.53,AUT
2026-09-25 08:49:19,4.963,5,50.94,AUT
2026-09-25 08:49:20,4.946,5,51.79,AUT
2026-09-25 08:49:21,4.968,5,51,AUT
2026-09-25 08:49:22,4.996,5,49.88,AUT
2026-09-25 08:49:23,4.964,5,51.26,AUT
2026-09-25 08:49:24,4.985,5,50.44,AUT
2026-09-25 08:49:25,4.933,5,52.73,AUT
2026-09-25 08:49:26,4.986,5,50.61,AUT
2026-09-25 08:49:27,4.958,5,51.87,AUT
2026-09-25 08:49:28,4.943,5,52.59,AUT
2026-09-25 08:49:29,4.96,5,52.03,AUT
2026-09-25 08:49:30,4.997,5,50.58,AUT
2026-09-25 08:49:31,5.002,5,50.38,AUT
2026-09-25 08:49:32,4.992,5,50.79,AUT
2026-09-25 08:49:33,5.016,5,49.8,AUT
2026-09-25 08:49:34,5.052,5,48.21,AUT
2026-09-25 08:49:35,5.046,5,48.3,AUT
2026-09-25 08:49:36,5.056,5,47.77,AUT
2026-09-25 08:49:37,4.997,5,50.12,AUT
2026-09-25 08:49:38,5.062,5,47.39,AUT
2026-09-25 08:49:39,5.062,5,47.2,AUT
2026-09-25 08:49:40,5.033,5,48.3,AUT
2026-09-25 08:49:41,5.035,5,48.11,AUT
2026-09-25 08:49:42,5.021,5,48.6,AUT
2026-09-25 08:49:43,5.019,5,48.66,AUT
2026-09-25 08:49:44,4.986,5,50.01,AUT
2026-09-25 08:49:45,5.001,5,49.41,AUT
2026-09-25 08:49:46,4.956,5,51.33,AUT
2026-09-25 08:49:47,4.977,5,50.54,AUT
2026-09-25 08:49:48,4.986,5,50.21,AUT
2026-09-25 08:49:49,4.966,5,51.11,AUT
2026-09-25 08:49:50,4.96,5,51.46,AUT
2026-09-25 08:49:51,4.959,5,51.59,AUT
2026-09-25 08:49:52,4.957,5,51.8,AUT
2026-09-25 08:49:53,4.967,5,51.47,AUT
2026-09-25 08:49:54,4.968,5,51.53,AUT
2026-09-25 08:49:55,4.989,5,50.71,AUT
2026-09-25 08:49:56,5.021,5,49.37,AUT
2026-09-25 08:49:57,5.022,5,49.29,AUT
2026-09-25 08:49:58,4.982,5,50.92,AUT
2026-09-25 08:49:59,5.029,5,48.95,AUT
2026-09-25 08:50:00,5.041,5,48.37,AUT
2026-09-25 08:50:01,5.041,5,48.26,AUT
2026-09-25 08:50:02,5.033,5,48.5,AUT
2026-09-25 08:50:03,5.035,5,48.31,AUT
2026-09-25 08:50:04,5.038,5,48.1,AUT
2026-09-25 08:50:05,5.046,5,47.66,AUT
2026-09-25 08:50:06,5.042,5,47.72,AUT
2026-09-25 08:50:07,5.002,5,49.31,AUT
2026-09-25 08:50:08,5.023,5,48.42,AUT
2026-09-25 08:50:09,4.976,5,50.35,AUT
2026-09-25 08:50:10,4.974,5,50.51,AUT
2026-09-25 08:50:11,4.957,5,51.3,AUT
2026-09-25 08:50:12,4.952,5,51.62,AUT
2026-09-25 08:50:13,5,5,49.69,AUT
2026-09-25 08:50:14,4.978,5,50.63,AUT
2026-09-25 08:50:15,4.993,5,50.08,AUT
2026-09-25 08:50:16,4.956,5,51.68,AUT
2026-09-25 08:50:17,4.992,5,50.26,AUT
2026-09-25 08:50:18,5.017,5,49.18,AUT
2026-09-25 08:50:19,5.01,5,49.47,AUT
2026-09-25 08:50:20,4.968,5,51.23,AUT
2026-09-25 08:50:21,5.006,5,49.7,AUT
2026-09-25 08:50:22,4.983,5,50.66,AUT
2026-09-25 08:50:23,4.976,5,50.97,AUT
2026-09-25 08:50:24,4.982,5,50.8,AUT
2026-09-25 08:50:25,5.013,5,49.54,AUT
2026-09-25 08:50:26,5.025,5,48.96,AUT
2026-09-25 08:50:27,5.064,5,47.23,AUT
2026-09-25 08:50:28,5.017,5,49.1,AUT
2026-09-25 08:50:29,5.067,5,46.88,AUT
2026-09-25 08:50:30,4.989,5,50.07,AUT
2026-09-25 08:50:31,5.011,5,49.14,AUT
2026-09-25 08:50:32,4.986,5,50.19,AUT
2026-09-25 08:50:33,4.99,5,50.06,AUT
2026-09-25 08:50:34,5.013,5,49.11,AUT
2026-09-25 08:50:35,5.002,5,49.52,AUT
2026-09-25 08:50:36,4.957,5,51.46,AUT
2026-09-25 08:50:37,5.026,5,48.61,AUT
2026-09-25 08:50:38,4.995,5,49.87,AUT
2026-09-25 08:50:39,4.998,5,49.76,AUT
2026-09-25 08:50:40,4.974,5,50.79,AUT
2026-09-25 08:50:41,4.961,5,51.4,AUT
2026-09-25 08:50:42,5.034,5,48.4,AUT
2026-09-25 08:50:43,4.999,5,49.82,AUT
2026-09-25 08:50:44,4.989,5,50.21,AUT
2026-09-25 08:50:45,4.983,5,50.52,AUT
2026-09-25 08:50:46,5.002,5,49.73,AUT
2026-09-25 08:50:47,5.009,5,49.46,AUT
2026-09-25 08:50:48,4.968,5,51.18,AUT
2026-09-25 08:50:49,5.019,5,49.06,AUT
2026-09-25 08:50:50,5.009,5,49.46,AUT
2026-09-25 08:50:51,5,5,49.81,AUT
2026-09-25 08:50:52,5.057,5,47.37,AUT
2026-09-25 08:50:53,4.991,5,50.04,AUT
2026-09-25 08:50:54,5.026,5,48.59,AUT
2026-09-25 08:50:55,5.067,5,46.77,AUT
2026-09-25 08:50:56,4.995,5,49.64,AUT
2026-09-25 08:50:57,5.008,5,49.12,AUT
2026-09-25 08:50:58,5.007,5,49.15,AUT
2026-09-25 08:50:59,5.015,5,48.79,AUT
2026-09-25 08:51:00,5.032,5,47.99,AUT
2026-09-25 08:51:01,4.981,5,50.11,AUT
2026-09-25 08:51:02,4.969,5,50.68,AUT
2026-09-25 08:51:03,5.027,5,48.29,AUT
2026-09-25 08:51:04,4.977,5,50.34,AUT
2026-09-25 08:51:05,5.007,5,49.12,AUT
2026-09-25 08:51:06,5.003,5,49.26,AUT
2026-09-25 08:51:07,4.996,5,49.56,AUT
2026-09-25 08:51:08,4.988,5,49.91,AUT
2026-09-25 08:51:09,4.982,5,50.19,AUT
2026-09-25 08:51:10,4.984,5,50.16,AUT
2026-09-25 08:51:11,4.973,5,50.69,AUT
2026-09-25 08:51:12,5.001,5,49.54,AUT
2026-09-25 08:51:13,4.969,5,50.9,AUT
2026-09-25 08:51:14,4.965,5,51.15,AUT
2026-09-25 08:51:15,4.975,5,50.84,AUT
2026-09-25 08:51:16,4.969,5,51.15,AUT
2026-09-25 08:51:17,4.983,5,50.63,AUT
2026-09-25 08:51:18,4.99,5,50.4,AUT
2026-09-25 08:51:19,5.019,5,49.17,AUT
2026-09-25 08:51:20,5.015,5,49.27,AUT
2026-09-25 08:51:21,5.012,5,49.38,AUT
2026-09-25 08:51:22,4.995,5,50.07,AUT
2026-09-25 08:51:23,5.015,5,49.24,AUT
2026-09-25 08:51:24,5.025,5,48.77,AUT
2026-09-25 08:51:25,5.02,5,48.93,AUT
2026-09-25 08:51:26,5.021,5,48.81,AUT
2026-09-25 08:51:27,5.054,5,47.34,AUT
2026-09-25 08:51:28,5.015,5,48.86,AUT
2026-09-25 08:51:29,4.996,5,49.63,AUT
2026-09-25 08:51:30,4.991,5,49.87,AUT
2026-09-25 08:51:31,5.05,5,47.38,AUT
2026-09-25 08:51:32,5.017,5,48.66,AUT
2026-09-25 08:51:33,4.973,5,50.47,AUT
2026-09-25 08:51:34,5.004,5,49.22,AUT
2026-09-25 08:51:35,4.996,5,49.55,AUT
2026-09-25 08:51:36,4.959,5,51.13,AUT
2026-09-25 08:51:37,4.966,5,50.96,AUT
2026-09-25 08:51:38,4.964,5,51.12,AUT
2026-09-25 08:51:39,4.982,5,50.45,AUT
2026-09-25 08:51:40,4.967,5,51.14,AUT
2026-09-25 08:51:41,4.955,5,51.76,AUT
2026-09-25 08:51:42,4.98,5,50.81,AUT
2026-09-25 08:51:43,5.005,5,49.79,AUT
2026-09-25 08:51:44,5.01,5,49.57,AUT
2026-09-25 08:51:45,4.978,5,50.88,AUT
2026-09-25 08:51:46,4.986,5,50.63,AUT
2026-09-25 08:51:47,5.039,5,48.4,AUT
2026-09-25 08:51:48,5.021,5,49.07,AUT
2026-09-25 08:51:49,5.05,5,47.76,AUT
2026-09-25 08:51:50,5.046,5,47.81,AUT
2026-09-25 08:51:51,5.024,5,48.62,AUT
2026-09-25 08:51:52,5.034,5,48.14,AUT
2026-09-25 08:51:53,5.006,5,49.25,AUT
2026-09-25 08:51:54,5.041,5,47.73,AUT
2026-09-25 08:51:55,4.987,5,49.9,AUT
2026-09-25 08:51:56,4.987,5,49.96,AUT
2026-09-25 08:51:57,5.019,5,48.62,AUT
2026-09-25 08:51:58,4.992,5,49.73,AUT
2026-09-25 08:51:59,4.953,5,51.4,AUT
2026-09-25 08:52:00,5.028,5,48.34,AUT
2026-09-25 08:52:01,4.969,5,50.79,AUT
2026-09-25 08:52:02,4.98,5,50.38,AUT
2026-09-25 08:52:03,4.958,5,51.37,AUT
2026-09-25 08:52:04,4.984,5,50.4,AUT
2026-09-25 08:52:05,4.99,5,50.17,AUT
2026-09-25 08:52:06,5.006,5,49.53,AUT
2026-09-25 08:52:07,4.993,5,50.04,AUT
2026-09-25 08:52:08,5.019,5,48.97,AUT
2026-09-25 08:52:09,5.055,5,47.36,AUT
2026-09-25 08:52:10,5.028,5,48.37,AUT
2026-09-25 08:52:11,4.984,5,50.17,AUT
2026-09-25 08:52:12,5.075,5,46.33,AUT
2026-09-25 08:52:13,5.043,5,47.51,AUT
2026-09-25 08:52:14,5.025,5,48.17,AUT
2026-09-25 08:52:15,5,5,49.15,AUT
2026-09-25 08:52:16,4.976,5,50.19,AUT
2026-09-25 08:52:17,5.057,5,46.79,AUT
2026-09-25 08:52:18,4.943,5,51.5,AUT
2026-09-25 08:52:19,5.004,5,49.07,AUT
2026-09-25 08:52:20,4.997,5,49.32,AUT
2026-09-25 08:52:21,4.981,5,50.03,AUT
2026-09-25 08:52:22,4.994,5,49.51,AUT
2026-09-25 08:52:23,4.976,5,50.31,AUT
2026-09-25 08:52:24,5.02,5,48.51,AUT
2026-09-25 08:52:25,4.966,5,50.75,AUT
2026-09-25 08:52:26,4.997,5,49.52,AUT
2026-09-25 08:52:27,5.021,5,48.51,AUT
2026-09-25 08:52:28,4.999,5,49.38,AUT
2026-09-25 08:52:29,5.013,5,48.81,AUT
2026-09-25 08:52:30,5.006,5,49.08,AUT
2026-09-25 08:52:31,5.021,5,48.39,AUT
2026-09-25 08:52:32,5.034,5,47.78,AUT
2026-09-25 08:52:33,5.005,5,48.93,AUT
2026-09-25 08:52:34,5.01,5,48.7,AUT
2026-09-25 08:52:35,5.03,5,47.82,AUT
2026-09-25 08:52:36,4.993,5,49.34,AUT
2026-09-25 08:52:37,4.961,5,50.7,AUT
2026-09-25 08:52:38,4.917,5,52.68,AUT
2026-09-25 08:52:39,4.98,5,50.24,AUT
2026-09-25 08:52:40,4.978,5,50.36,AUT
2026-09-25 08:52:41,4.967,5,50.88,AUT
2026-09-25 08:52:42,4.986,5,50.18,AUT
2026-09-25 08:52:43,4.946,5,51.93,AUT
2026-09-25 08:52:44,5.037,5,48.16,AUT
2026-09-25 08:52:45,5.004,5,49.49,AUT
2026-09-25 08:52:46,5.02,5,48.79,AUT
2026-09-25 08:52:47,5.009,5,49.2,AUT
2026-09-25 08:52:48,5.035,5,48.09,AUT
2026-09-25 08:52:49,5.02,5,48.6,AUT
2026-09-25 08:52:50,5.029,5,48.2,AUT
2026-09-25 08:52:51,5.045,5,47.43,AUT
2026-09-25 08:52:52,5.044,5,47.36,AUT
2026-09-25 08:52:53,5.03,5,47.82,AUT
2026-09-25 08:52:54,4.979,5,49.91,AUT
2026-09-25 08:52:55,5.019,5,48.27,AUT
2026-09-25 08:52:56,4.996,5,49.21,AUT
2026-09-25 08:52:57,4.962,5,50.67,AUT
2026-09-25 08:52:58,4.98,5,49.99,AUT
2026-09-25 08:52:59,4.985,5,49.84,AUT
2026-09-25 08:53:00,4.96,5,50.96,AUT
2026-09-25 08:53:01,4.973,5,50.5,AUT
2026-09-25 08:53:02,4.973,5,50.57,AUT
2026-09-25 08:53:03,4.996,5,49.66,AUT
2026-09-25 08:53:04,4.971,5,50.72,AUT
2026-09-25 08:53:05,4.985,5,50.22,AUT
2026-09-25 08:53:06,4.999,5,49.67,AUT
2026-09-25 08:53:07,4.978,5,50.56,AUT
2026-09-25 08:53:08,5.032,5,48.31,AUT
2026-09-25 08:53:09,5.022,5,48.65,AUT
2026-09-25 08:53:10,5.012,5,49.01,AUT
2026-09-25 08:53:11,4.997,5,49.62,AUT
2026-09-25 08:53:12,5.036,5,47.98,AUT
2026-09-25 08:53:13,5.021,5,48.52,AUT
2026-09-25 08:53:14,5.04,5,47.67,AUT
2026-09-25 08:53:15,5.001,5,49.21,AUT
2026-09-25 08:53:16,4.983,5,49.98,AUT
2026-09-25 08:53:17,5.023,5,48.32,AUT
2026-09-25 08:53:18,5.006,5,48.98,AUT
2026-09-25 08:53:19,5.028,5,48.02,AUT
2026-09-25 08:53:20,4.984,5,49.84,AUT
2026-09-25 08:53:21,4.974,5,50.28,AUT
2026-09-25 08:53:22,4.985,5,49.91,AUT
2026-09-25 08:53:23,4.978,5,50.25,AUT
2026-09-25 08:53:24,4.989,5,49.83,AUT
2026-09-25 08:53:25,4.954,5,51.34,AUT
2026-09-25 08:53:26,4.981,5,50.32,AUT
2026-09-25 08:53:27,4.973,5,50.73,AUT
2026-09-25 08:53:28,5,5,49.63,AUT
2026-09-25 08:53:29,4.992,5,49.98,AUT
2026-09-25 08:53:30,5.021,5,48.75,AUT
2026-09-25 08:53:31,5.036,5,48.04,AUT
2026-09-25 08:53:32,4.997,5,49.61,AUT
2026-09-25 08:53:33,5.026,5,48.38,AUT
2026-09-25 08:53:34,5.03,5,48.17,AUT
2026-09-25 08:53:35,5.037,5,47.76,AUT
2026-09-25 08:53:36,5.044,5,47.38,AUT
2026-09-25 08:53:37,5.01,5,48.73,AUT
2026-09-25 08:53:38,5.031,5,47.8,AUT
2026-09-25 08:53:39,4.966,5,50.47,AUT
2026-09-25 08:53:40,4.98,5,49.98,AUT
2026-09-25 08:53:41,4.97,5,50.47,AUT
2026-09-25 08:53:42,4.986,5,49.85,AUT
2026-09-25 08:53:43,4.99,5,49.72,AUT
2026-09-25 08:53:44,4.999,5,49.35,AUT
2026-09-25 08:53:45,4.998,5,49.39,AUT
2026-09-25 08:53:46,4.979,5,50.21,AUT
2026-09-25 08:53:47,4.965,5,50.86,AUT
2026-09-25 08:53:48,4.956,5,51.36,AUT
2026-09-25 08:53:49,4.967,5,51,AUT
2026-09-25 08:53:50,4.965,5,51.16,AUT
2026-09-25 08:53:51,4.99,5,50.19,AUT
2026-09-25 08:53:52,4.976,5,50.83,AUT
2026-09-25 08:53:53,5.01,5,49.44,AUT
2026-09-25 08:53:54,4.99,5,50.26,AUT
2026-09-25 08:53:55,5.042,5,48.09,AUT
2026-09-25 08:53:56,5.028,5,48.54,AUT
2026-09-25 08:53:57,5.013,5,49.1,AUT
2026-09-25 08:53:58,5.035,5,48.16,AUT
2026-09-25 08:53:59,4.997,5,49.66,AUT
2026-09-25 08:54:00,5.027,5,48.42,AUT
2026-09-25 08:54:01,5.066,5,46.68,AUT
2026-09-25 08:54:02,4.993,5,49.59,AUT
2026-09-25 08:54:03,5.03,5,48.04,AUT
2026-09-25 08:54:04,4.983,5,49.97,AUT
2026-09-25 08:54:05,4.981,5,50.09,AUT
2026-09-25 08:54:06,4.984,5,50.04,AUT
2026-09-25 08:54:07,4.995,5,49.61,AUT
2026-09-25 08:54:08,4.996,5,49.55,AUT
2026-09-25 08:54:09,4.974,5,50.52,AUT
2026-09-25 08:54:10,4.98,5,50.32,AUT
2026-09-25 08:54:11,4.934,5,52.35,AUT
2026-09-25 08:54:12,4.985,5,50.36,AUT
2026-09-25 08:54:13,4.97,5,51.02,AUT
2026-09-25 08:54:14,4.966,5,51.27,AUT
2026-09-25 08:54:15,5.007,5,49.61,AUT
2026-09-25 08:54:16,5.01,5,49.48,AUT
2026-09-25 08:54:17,5.025,5,48.82,AUT
2026-09-25 08:54:18,5.037,5,48.23,AUT
2026-09-25 08:54:19,5.005,5,49.5,AUT
2026-09-25 08:54:20,4.988,5,50.22,AUT
2026-09-25 08:54:21,5.003,5,49.6,AUT
2026-09-25 08:54:22,5.035,5,48.21,AUT
2026-09-25 08:54:23,5.04,5,47.91,AUT
2026-09-25 08:54:24,5.014,5,48.94,AUT
2026-09-25 08:54:25,5.02,5,48.61,AUT
2026-09-25 08:54:26,4.998,5,49.51,AUT
2026-09-25 08:54:27,4.982,5,50.2,AUT
2026-09-25 08:54:28,4.945,5,51.82,AUT
2026-09-25 08:54:29,4.976,5,50.66,AUT
2026-09-25 08:54:30,4.962,5,51.3,AUT
2026-09-25 08:54:31,4.938,5,52.43,AUT
2026-09-25 08:54:32,4.986,5,50.54,AUT
2026-09-25 08:54:33,4.998,5,50.08,AUT
2026-09-25 08:54:34,4.984,5,50.7,AUT
2026-09-25 08:54:35,4.986,5,50.62,AUT
2026-09-25 08:54:36,4.981,5,50.9,AUT
2026-09-25 08:54:37,4.985,5,50.78,AUT
2026-09-25 08:54:38,5.015,5,49.52,AUT
2026-09-25 08:54:39,4.978,5,51.06,AUT
2026-09-25 08:54:40,4.986,5,50.79,AUT
2026-09-25 08:54:41,4.989,5,50.71,AUT
2026-09-25 08:54:42,5.022,5,49.3,AUT
2026-09-25 08:54:43,4.981,5,51.01,AUT
2026-09-25 08:54:44,5.015,5,49.61,AUT
2026-09-25 08:54:45,4.987,5,50.76,AUT
2026-09-25 08:54:46,4.962,5,51.86,AUT
2026-09-25 08:54:47,5.032,5,48.97,AUT
2026-09-25 08:54:48,5.051,5,48.07,AUT
2026-09-25 08:54:49,4.981,5,50.94,AUT
2026-09-25 08:54:50,5.004,5,50.01,AUT
2026-09-25 08:54:51,4.961,5,51.81,AUT
2026-09-25 08:54:52,5.021,5,49.35,AUT
2026-09-25 08:54:53,5.046,5,48.25,AUT
2026-09-25 08:54:54,4.993,5,50.38,AUT
2026-09-25 08:54:55,4.995,5,50.3,AUT
2026-09-25 08:54:56,4.991,5,50.51,AUT
2026-09-25 08:54:57,4.97,5,51.43,AUT
2026-09-25 08:54:58,5.003,5,50.08,AUT
2026-09-25 08:54:59,4.979,5,51.1,AUT
2026-09-25 08:55:00,4.993,5,50.55,AUT
2026-09-25 08:55:01,4.983,5,51.01,AUT
2026-09-25 08:55:02,5.009,5,49.96,AUT
2026-09-25 08:55:03,5.025,5,49.24,AUT
2026-09-25 08:55:04,4.991,5,50.64,AUT
2026-09-25 08:55:05,4.969,5,51.58,AUT
2026-09-25 08:55:06,5.032,5,48.97,AUT
2026-09-25 08:55:07,5.029,5,49.04,AUT
2026-09-25 08:55:08,5.047,5,48.2,AUT
2026-09-25 08:55:09,5.017,5,49.35,AUT
2026-09-25 08:55:10,5.007,5,49.71,AUT
2026-09-25 08:55:11,4.978,5,50.92,AUT
2026-09-25 08:55:12,5.026,5,48.93,AUT
2026-09-25 08:55:13,4.985,5,50.64,AUT
2026-09-25 08:55:14,5.01,5,49.6,AUT
2026-09-25 08:55:15,4.971,5,51.24,AUT
2026-09-25 08:55:16,4.992,5,50.42,AUT
2026-09-25 08:55:17,4.99,5,50.53,AUT
2026-09-25 08:55:18,4.941,5,52.63,AUT
2026-09-25 08:55:19,5.018,5,49.52,AUT
2026-09-25 08:55:20,5.018,5,49.47,AUT
2026-09-25 08:55:21,4.997,5,50.31,AUT
2026-09-25 08:55:22,4.962,5,51.83,AUT
2026-09-25 08:55:23,5.001,5,50.25,AUT
2026-09-25 08:55:24,4.98,5,51.16,AUT
2026-09-25 08:55:25,5.009,5,49.95,AUT
2026-09-25 08:55:26,4.993,5,50.6,AUT
2026-09-25 08:55:27,4.978,5,51.28,AUT
2026-09-25 08:55:28,5.01,5,49.99,AUT
2026-09-25 08:55:29,5.013,5,49.8,AUT
2026-09-25 08:55:30,5.002,5,50.24,AUT
2026-09-25 08:55:31,5,5,50.35,AUT
2026-09-25 08:55:32,4.996,5,50.49,AUT
2026-09-25 08:55:33,5.013,5,49.78,AUT
2026-09-25 08:55:34,5.036,5,48.76,AUT
2026-09-25 08:55:35,5.008,5,49.89,AUT
2026-09-25 08:55:36,4.976,5,51.22,AUT
2026-09-25 08:55:37,4.98,5,51.13,AUT
2026-09-25 08:55:38,5.014,5,49.71,AUT
2026-09-25 08:55:39,5.005,5,50.05,AUT
2026-09-25 08:55:40,5.01,5,49.83,AUT
2026-09-25 08:55:41,4.973,5,51.38,AUT
2026-09-25 08:55:42,4.974,5,51.42,AUT
2026-09-25 08:55:43,5.008,5,50.01,AUT
2026-09-25 08:55:44,4.997,5,50.49,AUT
2026-09-25 08:55:45,5.01,5,49.95,AUT
2026-09-25 08:55:46,5.014,5,49.74,AUT
2026-09-25 08:55:47,4.996,5,50.48,AUT
2026-09-25 08:55:48,5.009,5,49.93,AUT
2026-09-25 08:55:49,5.017,5,49.57,AUT
2026-09-25 08:55:50,5.013,5,49.67,AUT
2026-09-25 08:55:51,5.066,5,47.37,AUT
2026-09-25 08:55:52,5.012,5,49.52,AUT
2026-09-25 08:55:53,5.023,5,49.01,AUT
2026-09-25 08:55:54,5.023,5,48.96,AUT
2026-09-25 08:55:55,5.041,5,48.14,AUT
2026-09-25 08:55:56,5.028,5,48.59,AUT
2026-09-25 08:55:57,4.985,5,50.35,AUT
2026-09-25 08:55:58,4.951,5,51.83,AUT
2026-09-25 08:55:59,4.997,5,50.01,AUT
2026-09-25 08:56:00,4.953,5,51.89,AUT
2026-09-25 08:56:01,4.968,5,51.34,AUT
2026-09-25 08:56:02,4.941,5,52.6,AUT
2026-09-25 08:56:03,4.968,5,51.58,AUT
2026-09-25 08:56:04,4.956,5,52.2,AUT
2026-09-25 08:56:05,4.962,5,52.06,AUT
2026-09-25 08:56:06,4.951,5,52.62,AUT
2026-09-25 08:56:07,5.019,5,49.85,AUT
2026-09-25 08:56:08,5.019,5,49.79,AUT
2026-09-25 08:56:09,5.007,5,50.27,AUT
2026-09-25 08:56:10,5.01,5,50.11,AUT
2026-09-25 08:56:11,5.045,5,48.62,AUT
2026-09-25 08:56:12,5.061,5,47.82,AUT
2026-09-25 08:56:13,5.072,5,47.15,AUT
2026-09-25 08:56:14,5.058,5,47.58,AUT
2026-09-25 08:56:15,5.029,5,48.65,AUT
2026-09-25 08:56:16,5.068,5,46.91,AUT
2026-09-25 08:56:17,5.056,5,47.23,AUT
2026-09-25 08:56:18,5.036,5,47.95,AUT
2026-09-25 08:56:19,5.016,5,48.7,AUT
2026-09-25 08:56:20,4.969,5,50.68,AUT
2026-09-25 08:56:21,5.003,5,49.3,AUT
2026-09-25 08:56:22,4.974,5,50.53,AUT
2026-09-25 08:56:23,4.963,5,51.07,AUT
2026-09-25 08:56:24,4.999,5,49.63,AUT
2026-09-25 08:56:25,4.959,5,51.33,AUT
2026-09-25 08:56:26,4.994,5,49.97,AUT
2026-09-25 08:56:27,4.977,5,50.68,AUT
2026-09-25 08:56:28,4.97,5,51.07,AUT
2026-09-25 08:56:29,4.986,5,50.47,AUT
2026-09-25 08:56:30,4.982,5,50.67,AUT
2026-09-25 08:56:31,4.955,5,51.86,AUT
2026-09-25 08:56:32,4.974,5,51.17,AUT
2026-09-25 08:56:33,5.008,5,49.81,AUT
2026-09-25 08:56:34,5.026,5,49,AUT
2026-09-25 08:56:35,4.998,5,50.12,AUT
2026-09-25 08:56:36,5.031,5,48.72,AUT
2026-09-25 08:56:37,4.989,5,50.44,AUT
2026-09-25 08:56:38,4.994,5,50.26,AUT
2026-09-25 08:56:39,5.017,5,49.3,AUT
2026-09-25 08:56:40,5.002,5,49.87,AUT
2026-09-25 08:56:41,5.027,5,48.81,AUT
2026-09-25 08:56:42,4.993,5,50.19,AUT
2026-09-25 08:56:43,4.991,5,50.28,AUT
2026-09-25 08:56:44,5.002,5,49.85,AUT
2026-09-25 08:56:45,5.007,5,49.63,AUT
2026-09-25 08:56:46,5.008,5,49.56,AUT
2026-09-25 08:56:47,4.983,5,50.63,AUT
2026-09-25 08:56:48,4.979,5,50.85,AUT
2026-09-25 08:56:49,5.028,5,48.78,AUT
2026-09-25 08:56:50,5.007,5,49.61,AUT
2026-09-25 08:56:51,5.023,5,48.92,AUT
2026-09-25 08:56:52,4.962,5,51.47,AUT
2026-09-25 08:56:53,5.02,5,49.07,AUT
2026-09-25 08:56:54,4.995,5,50.09,AUT
2026-09-25 08:56:55,5.019,5,49.09,AUT
2026-09-25 08:56:56,4.981,5,50.67,AUT
2026-09-25 08:56:57,5.05,5,47.78,AUT
2026-09-25 08:56:58,5.017,5,49.02,AUT
2026-09-25 08:56:59,4.995,5,49.92,AUT
2026-09-25 08:57:00,5,5,49.72,AUT
2026-09-25 08:57:01,4.999,5,49.79,AUT
2026-09-25 08:57:02,4.992,5,50.07,AUT
2026-09-25 08:57:03,4.99,5,50.18,AUT
2026-09-25 08:57:04,4.987,5,50.35,AUT
2026-09-25 08:57:05,5.007,5,49.51,AUT
2026-09-25 08:57:06,4.983,5,50.52,AUT
2026-09-25 08:57:07,4.984,5,50.53,AUT
2026-09-25 08:57:08,4.995,5,50.1,AUT
2026-09-25 08:57:09,4.982,5,50.67,AUT
2026-09-25 08:57:10,5.008,5,49.6,AUT
2026-09-25 08:57:11,4.979,5,50.84,AUT
2026-09-25 08:57:12,4.999,5,50.01,AUT
2026-09-25 08:57:13,4.978,5,50.91,AUT
2026-09-25 08:57:14,4.996,5,50.19,AUT
2026-09-25 08:57:15,4.993,5,50.35,AUT
2026-09-25 08:57:16,4.979,5,50.96,AUT
2026-09-25 08:57:17,5.015,5,49.49,AUT
2026-09-25 08:57:18,5.004,5,49.91,AUT
2026-09-25 08:57:19,5.014,5,49.47,AUT
2026-09-25 08:57:20,4.996,5,50.19,AUT
2026-09-25 08:57:21,5.027,5,48.91,AUT
2026-09-25 08:57:22,5.009,5,49.6,AUT
2026-09-25 08:57:23,5.009,5,49.58,AUT
2026-09-25 08:57:24,4.966,5,51.37,AUT
2026-09-25 08:57:25,5.002,5,49.93,AUT
2026-09-25 08:57:26,5.018,5,49.22,AUT
2026-09-25 08:57:27,5.005,5,49.73,AUT
2026-09-25 08:57:28,5.02,5,49.1,AUT
2026-09-25 08:57:29,4.983,5,50.63,AUT
2026-09-25 08:57:30,5.018,5,49.18,AUT
2026-09-25 08:57:31,4.987,5,50.47,AUT
2026-09-25 08:57:32,5.026,5,48.82,AUT
2026-09-25 08:57:33,4.992,5,50.18,AUT
2026-09-25 08:57:34,5.035,5,48.37,AUT
2026-09-25 08:57:35,5.028,5,48.61,AUT
2026-09-25 08:57:36,4.968,5,51.09,AUT
2026-09-25 08:57:37,5.008,5,49.45,AUT
2026-09-25 08:57:38,4.982,5,50.56,AUT
2026-09-25 08:57:39,4.984,5,50.49,AUT
2026-09-25 08:57:40,4.97,5,51.14,AUT
2026-09-25 08:57:41,4.963,5,51.54,AUT
2026-09-25 08:57:42,5.028,5,48.83,AUT
2026-09-25 08:57:43,5.01,5,49.53,AUT
2026-09-25 08:57:44,4.985,5,50.58,AUT
2026-09-25 08:57:45,5.023,5,49.02,AUT
2026-09-25 08:57:46,4.984,5,50.6,AUT
2026-09-25 08:57:47,5.007,5,49.65,AUT
2026-09-25 08:57:48,4.969,5,51.28,AUT
2026-09-25 08:57:49,5.036,5,48.48,AUT
2026-09-25 08:57:50,4.991,5,50.33,AUT
2026-09-25 08:57:51,4.987,5,50.53,AUT
2026-09-25 08:57:52,5.001,5,49.93,AUT
2026-09-25 08:57:53,5.021,5,49.09,AUT
2026-09-25 08:57:54,4.99,5,50.38,AUT
2026-09-25 08:57:55,5.025,5,48.88,AUT
2026-09-25 08:57:56,5.028,5,48.69,AUT
2026-09-25 08:57:57,4.981,5,50.64,AUT
2026-09-25 08:57:58,5.006,5,49.63,AUT
2026-09-25 08:57:59,4.97,5,51.11,AUT
2026-09-25 08:58:00,5.013,5,49.39,AUT
2026-09-25 08:58:01,5.043,5,48.05,AUT
2026-09-25 08:58:02,4.996,5,49.95,AUT
2026-09-25 08:58:03,5.001,5,49.76,AUT
2026-09-25 08:58:04,4.986,5,50.38,AUT
2026-09-25 08:58:05,5.026,5,48.7,AUT
2026-09-25 08:58:06,4.988,5,50.28,AUT
2026-09-25 08:58:07,4.974,5,50.88,AUT
2026-09-25 08:58:08,4.966,5,51.32,AUT
2026-09-25 08:58:09,5.005,5,49.74,AUT
2026-09-25 08:58:10,4.988,5,50.43,AUT
2026-09-25 08:58:11,4.978,5,50.91,AUT
2026-09-25 08:58:12,5,5,50.01,AUT
2026-09-25 08:58:13,4.962,5,51.64,AUT
2026-09-25 08:58:14,5.015,5,49.5,AUT
2026-09-25 08:58:15,4.99,5,50.52,AUT
2026-09-25 08:58:16,5,5,50.1,AUT
2026-09-25 08:58:17,4.991,5,50.52,AUT
2026-09-25 08:58:18,4.987,5,50.71,AUT
2026-09-25 08:58:19,5.014,5,49.6,AUT
2026-09-25 08:58:20,5.022,5,49.21,AUT
2026-09-25 08:58:21,5.023,5,49.1,AUT
2026-09-25 08:58:22,5.012,5,49.51,AUT
2026-09-25 08:58:23,4.997,5,50.13,AUT
2026-09-25 08:58:24,5.022,5,49.04,AUT
2026-09-25 08:58:25,5.038,5,48.33,AUT
2026-09-25 08:58:26,5.006,5,49.58,AUT
2026-09-25 08:58:27,4.994,5,50.09,AUT
2026-09-25 08:58:28,5.01,5,49.39,AUT
2026-09-25 08:58:29,5.02,5,48.94,AUT
2026-09-25 08:58:30,5.014,5,49.18,AUT
2026-09-25 08:58:31,5.026,5,48.62,AUT
2026-09-25 08:58:32,4.998,5,49.75,AUT
2026-09-25 08:58:33,4.981,5,50.45,AUT
2026-09-25 08:58:34,5.01,5,49.3,AUT
2026-09-25 08:58:35,4.972,5,50.87,AUT
2026-09-25 08:58:36,4.957,5,51.6,AUT
2026-09-25 08:58:37,4.969,5,51.2,AUT
2026-09-25 08:58:38,4.968,5,51.32,AUT
2026-09-25 08:58:39,4.976,5,51.07,AUT
2026-09-25 08:58:40,4.936,5,52.85,AUT
2026-09-25 08:58:41,4.994,5,50.55,AUT
2026-09-25 08:58:42,4.996,5,50.44,AUT
2026-09-25 08:58:43,4.992,5,50.65,AUT
2026-09-25 08:58:44,4.977,5,51.3,AUT
2026-09-25 08:58:45,5.041,5,48.63,AUT
2026-09-25 08:58:46,4.994,5,50.55,AUT
2026-09-25 08:58:47,5.076,5,47.06,AUT
2026-09-25 08:58:48,5.023,5,49.11,AUT
2026-09-25 08:58:49,5.054,5,47.72,AUT
2026-09-25 08:58:50,5.048,5,47.85,AUT
2026-09-25 08:58:51,5.044,5,47.88,AUT
2026-09-25 08:58:52,5.053,5,47.36,AUT
2026-09-25 08:58:53,4.975,5,50.58,AUT
2026-09-25 08:58:54,5.032,5,48.19,AUT
2026-09-25 08:58:55,5.041,5,47.74,AUT
2026-09-25 08:58:56,5.018,5,48.59,AUT
2026-09-25 08:58:57,5.022,5,48.36,AUT
2026-09-25 08:58:58,4.985,5,49.92,AUT
2026-09-25 08:58:59,4.974,5,50.4,AUT
2026-09-25 08:59:00,4.982,5,50.15,AUT
2026-09-25 08:59:01,4.966,5,50.86,AUT
2026-09-25 08:59:02,4.98,5,50.35,AUT
2026-09-25 08:59:03,4.963,5,51.15,AUT
2026-09-25 08:59:04,4.96,5,51.36,AUT
2026-09-25 08:59:05,5.003,5,49.66,AUT
2026-09-25 08:59:06,4.993,5,50.06,AUT
2026-09-25 08:59:07,4.978,5,50.71,AUT
2026-09-25 08:59:08,5.008,5,49.5,AUT
2026-09-25 08:59:09,5.015,5,49.17,AUT
2026-09-25 08:59:10,5.026,5,48.66,AUT
2026-09-25 08:59:11,5.006,5,49.45,AUT
2026-09-25 08:59:12,5.049,5,47.6,AUT
2026-09-25 08:59:13,5.009,5,49.17,AUT
2026-09-25 08:59:14,5.009,5,49.15,AUT
2026-09-25 08:59:15,5.039,5,47.86,AUT
2026-09-25 08:59:16,5.065,5,46.63,AUT
2026-09-25 08:59:17,5.022,5,48.29,AUT
2026-09-25 08:59:18,5.011,5,48.72,AUT
2026-09-25 08:59:19,5.018,5,48.38,AUT
2026-09-25 08:59:20,4.97,5,50.38,AUT
2026-09-25 08:59:21,4.995,5,49.38,AUT
2026-09-25 08:59:22,4.948,5,51.39,AUT
2026-09-25 08:59:23,4.995,5,49.55,AUT
2026-09-25 08:59:24,4.976,5,50.39,AUT
2026-09-25 08:59:25,4.952,5,51.45,AUT
2026-09-25 08:59:26,4.966,5,50.97,AUT
2026-09-25 08:59:27,4.968,5,50.99,AUT
2026-09-25 08:59:28,4.97,5,50.99,AUT
2026-09-25 08:59:29,5.005,5,49.59,AUT
2026-09-25 08:59:30,4.991,5,50.15,AUT
2026-09-25 08:59:31,4.933,5,52.68,AUT
2026-09-25 08:59:32,4.968,5,51.36,AUT
2026-09-25 08:59:33,5.021,5,49.16,AUT
2026-09-25 08:59:34,5.017,5,49.31,AUT
2026-09-25 08:59:35,5.023,5,48.97,AUT
2026-09-25 08:59:36,5.022,5,48.95,AUT
2026-09-25 08:59:37,5.053,5,47.57,AUT
2026-09-25 08:59:38,5.034,5,48.23,AUT
2026-09-25 08:59:39,5.021,5,48.72,AUT
2026-09-25 08:59:40,5.009,5,49.19,AUT
2026-09-25 08:59:41,5.056,5,47.13,AUT
2026-09-25 08:59:42,5.018,5,48.6,AUT
2026-09-25 08:59:43,5.003,5,49.22,AUT
2026-09-25 08:59:44,5.023,5,48.36,AUT
2026-09-25 08:59:45,4.989,5,49.75,AUT
2026-09-25 08:59:46,5,5,49.31,AUT
2026-09-25 08:59:47,5.018,5,48.51,AUT
2026-09-25 08:59:48,4.989,5,49.73,AUT
2026-09-25 08:59:49,5.002,5,49.21,AUT
2026-09-25 08:59:50,4.969,5,50.58,AUT
2026-09-25 08:59:51,4.986,5,49.95,AUT
2026-09-25 08:59:52,4.967,5,50.78,AUT
2026-09-25 08:59:53,4.954,5,51.44,AUT
2026-09-25 08:59:54,4.947,5,51.88,AUT
2026-09-25 08:59:55,4.986,5,50.35,AUT
2026-09-25 08:59:56,4.955,5,51.72,AUT
2026-09-25 08:59:57,4.931,5,52.83,AUT
2026-09-25 08:59:58,5.007,5,49.8,AUT
2026-09-25 08:59:59,4.962,5,51.7,AUT
2026-09-25 09:00:00,5.023,5,49.19,AUT
